elevation,point_id,slope,longitude,latitude,clay,land_cover,annual_rainfall,NDVI,sand,silt,soc,K,LS,C,P,R,soil_loss
552,1,24.07530975341797,75.42723323953368,22.352149573317604,30,10,1298.9653347118108,0.44427216053009033,47,23,3,0.02878052987461982,2.6153213229791055,0.20212197112889888,1,550.5244165003874,8.375561853963665
254,2,1.8543341159820557,75.43208414206791,22.30148459129326,33,40,1301.5499541205954,0.329653263092041,37,30,5,0.030478826972860935,0.6643390891346169,0.373988363100829,1,551.4626333457761,4.176016774945346
254,3,6.268939971923828,75.40351771603292,22.29366924832142,35,30,1079.1490611465028,0.18201285600662231,39,26,6,0.027530992028471493,1.1270420343083019,0.640807485345593,1,470.7311091961805,9.359711256821605
538,4,14.552468299865723,75.44825381718206,22.32250516894166,29,30,1301.5499541205954,0.3019467294216156,45,26,2,0.03163942268322379,1.8881308842499642,0.4210048812949381,1,551.4626333457761,13.869597825456202
256,5,2.1075828075408936,75.35985959322471,22.30148459129326,34,40,1318.9028146396367,0.6536953449249268,40,26,4,0.029554558044904502,0.6992720637868365,0.022931089518190843,1,557.7617217141881,0.26432853164124503
573,6,3.1449227333068848,75.39462439472013,22.344334230345765,34,40,1318.9028146396367,0.16501207649707794,41,25,4,0.02900491116713541,0.8208664744219382,0.6735155312141978,1,557.7617217141881,8.944176883421832
585,7,2.1077449321746826,75.39812782432818,22.34891563829477,30,50,1318.9028146396367,0.15653926134109497,44,26,3,0.030435376949588727,0.6992935991585665,0.6899174825850205,1,557.7617217141881,8.19000362865002
348,8,17.32867431640625,75.40082277018055,22.30148459129326,27,10,1301.5499541205954,0.446153849363327,46,27,5,0.028521598619468166,2.108430489672775,0.19966563588969605,1,551.4626333457761,6.621441823101573
612,9,16.106948852539062,75.35500869069045,22.321966179771188,32,10,1318.9028146396367,0.3278743326663971,43,25,4,0.02885863158027226,2.0127166151010254,0.3769532826669991,1,557.7617217141881,12.212219490971695
555,10,30.140380859375,75.38492258965164,22.32870354440208,32,30,1318.9028146396367,0.3710879385471344,42,26,2,0.03184961282574046,2.797927758284625,0.30724959837095706,1,557.7617217141881,15.271464400036225
422,11,22.62581443786621,75.43693504460217,22.31819325557789,31,10,1301.5499541205954,0.4592541456222534,43,26,4,0.02932834223269267,2.508441367770833,0.18294034545846355,1,551.4626333457761,7.421933434069814
249,12,0.0,75.41456699402758,22.29313025915095,35,40,1079.1490611465028,0.5692307949066162,37,28,5,0.029610222174423502,0.16531147321376102,0.07115765151620482,1,470.7311091961805,0.1639604754273383
225,13,1.8543341159820557,75.3900429867711,22.282350475741517,38,30,1113.5601229445556,0.22038057446479797,35,27,2,0.033040813608461624,0.6643390891346169,0.5681588457015962,1,483.22232462887365,6.026390954958265
228,14,2.9549081325531006,75.44501988215924,22.292860764565717,36,40,1079.1490611465028,0.49839791655540466,37,27,3,0.0315032031780126,0.8006185498120232,0.13707538239473974,1,470.7311091961805,1.6274690151575164
223,15,0.9274099469184875,75.4417859471364,22.287470872861,39,30,1079.1490611465028,0.27861276268959045,33,28,2,0.033781038084664504,0.5034748895187708,0.46188650699164724,1,470.7311091961805,3.6979325247223915
405,16,10.00235652923584,75.43855201211358,22.354575024584726,36,30,1298.9653347118108,0.22624316811561584,36,28,3,0.03208346920728807,1.4972986068926837,0.557222089634572,1,550.5244165003874,14.736510337220471
262,17,11.67883586883545,75.37090887121937,22.2950167212476,34,30,1113.5601229445556,0.38724371790885925,40,26,3,0.03073792932539105,1.6468911381848197,0.28253850823677734,1,483.22232462887365,6.911369918774105
395,18,12.934466361999512,75.3733343224865,22.351880078732364,31,30,1300.6844911000983,0.2577873170375824,40,29,2,0.033511166286727415,1.7543247286375425,0.49925144576133457,1,551.1484702693357,16.176608147300406
490,19,27.73301887512207,75.40513468354433,22.35969542170421,33,30,1298.9653347118108,0.330972820520401,38,29,3,0.032351375955419405,2.797927758284625,0.37179406348537436,1,550.5244165003874,18.527136015748646
275,20,4.409607887268066,75.43100616372698,22.30741347216845,32,30,1301.5499541205954,0.3219797909259796,42,26,4,0.029398418583570066,0.940063940774106,0.3868320791756356,1,551.4626333457761,5.89549039053459
302,21,2.1075761318206787,75.37522078458315,22.299328634611378,29,30,1113.5601229445556,0.2360268235206604,43,28,3,0.031465490695431426,0.6992711770150066,0.5390791032511381,1,483.22232462887365,5.731649490098329
237,22,2.1075477600097656,75.38276663296975,22.2912437970543,34,40,1113.5601229445556,0.35742971301078796,40,26,3,0.03073792932539105,0.6992674082159959,0.3287361020251896,1,483.22232462887365,3.4143833983874856
583,23,3.837376832962036,75.39058197594159,22.358347948778025,32,40,1300.6844911000983,0.5589303374290466,43,25,3,0.03001413780555057,0.8890531803652713,0.07930682322768104,1,551.1484702693357,1.1663604163476062
492,24,27.74224281311035,75.38627006257781,22.317115277236944,33,10,1318.9028146396367,0.44047170877456665,40,27,4,0.03001808801227943,2.797927758284625,0.20712362238552215,1,557.7617217141881,9.70281749142487
520,25,19.812198638916016,75.3515052610824,22.35484451916996,26,10,1300.6844911000983,0.6084854602813721,47,27,4,0.029569627499412793,2.2984023406382112,0.044673843034350326,1,551.1484702693357,1.6733771297321358
555,26,10.426633834838867,75.4334316149941,22.337057876544392,32,10,1301.5499541205954,0.48280802369117737,43,25,3,0.03001413780555057,1.535911800468228,0.15458115942803782,1,551.4626333457761,3.9297488907204756
359,27,8.140715599060059,75.44501988215924,22.352149573317604,36,30,1298.9653347118108,0.45649778842926025,37,27,2,0.03281593356923771,1.3205055304342699,0.18640420235555674,1,550.5244165003874,4.446899070679869
414,28,16.561105728149414,75.37414280624222,22.356461486681376,33,10,1300.6844911000983,0.3205837905406952,40,27,3,0.031220019138939386,2.048501254491233,0.3891837484516073,1,551.1484702693357,13.718060133114655
492,29,9.644988059997559,75.41187204817521,22.324930620208782,36,10,1301.5499541205954,0.5960923433303833,37,27,3,0.0315032031780126,1.46433243276387,0.05225462602308242,1,551.4626333457761,1.3293374195027539
397,30,3.426008939743042,75.37737674126504,22.36373784048275,31,40,1300.6844911000983,0.5587786436080933,42,27,3,0.03105862647148713,0.8495257614132182,0.07943055558715893,1,551.1484702693357,1.1550878229030548
217,31,1.365343689918518,75.3989363080839,22.278577551548217,37,40,1113.5601229445556,0.6128654479980469,35,28,2,0.03353500120108293,0.5877378025690637,0.042165096932744096,1,483.22232462887365,0.40158921822004123
220,32,2.9548933506011963,75.42750273411892,22.286662389105288,37,40,1079.1490611465028,0.412367582321167,35,28,3,0.03219350606569237,0.800616944925089,0.2457382827022392,1,470.7311091961805,2.981527185543384
215,33,2.1075098514556885,75.44825381718206,22.279925024474394,37,40,1079.1490611465028,0.5681745409965515,38,25,3,0.03043568169843624,0.6992623725464497,0.07197036115602337,1,470.7311091961805,0.7210240905415201
393,34,12.68387508392334,75.38034118170262,22.333554446936333,31,30,1318.9028146396367,0.4373249411582947,42,27,3,0.03105862647148713,1.7331579517612912,0.21130570503222926,1,557.7617217141881,6.344250439986804
575,35,2.7298455238342285,75.40971609149335,22.345951197857175,29,10,1301.5499541205954,0.6002978086471558,43,28,4,0.030254109225286912,0.7756051599373968,0.04960193758915972,1,551.4626333457761,0.6418592319048243
566,36,2.729912757873535,75.42642475577796,22.352149573317604,31,10,1298.9653347118108,0.45151257514953613,45,24,2,0.030614290023118454,0.775612812485396,0.19274413176565613,1,550.5244165003874,2.519572830844788
219,37,1.365361213684082,75.44744533342634,22.281811486571044,36,40,1079.1490611465028,0.5677992105484009,37,27,3,0.0315032031780126,0.5877408210734918,0.07226041414873847,1,470.7311091961805,0.6298163290999457
459,38,20.53950309753418,75.40594316730002,22.358886937948498,33,30,1298.9653347118108,0.15173153579235077,38,29,3,0.032351375955419405,2.3531214773948332,0.6992519632489199,1,550.5244165003874,29.30538181103062
299,39,5.329256534576416,75.37764623585028,22.303371053389917,31,30,1318.9028146396367,0.4688505232334137,42,27,2,0.03235283146545061,1.021724635734342,0.17111518109278165,1,557.7617217141881,3.154884089059131
262,40,3.5289323329925537,75.41214154276045,22.296364194173783,33,10,1079.1490611465028,0.612487256526947,40,27,4,0.03001808801227943,0.8596687444047534,0.04237822576220739,1,470.7311091961805,0.5147896828432815
570,41,2.7802884578704834,75.41699244529471,22.352419067902837,31,30,1298.9653347118108,0.33900365233421326,43,26,2,0.03177369361813611,0.781315268995993,0.3585327297368758,1,550.5244165003874,4.900037549996241
575,42,2.107734441757202,75.41295002651617,22.345951197857175,29,40,1301.5499541205954,0.4485623836517334,44,27,4,0.029729152998778093,0.6992922057233033,0.196541138277214,1,551.4626333457761,2.253257270240257
274,43,8.767065048217773,75.37575977375363,22.29717267792949,32,10,1113.5601229445556,0.3679012358188629,40,28,3,0.03169742154818681,1.3814599284613185,0.31221522469148555,1,483.22232462887365,6.606376106908915
554,44,1.8543341159820557,75.40917710232287,22.329512028157794,33,30,1301.5499541205954,0.29102373123168945,42,25,2,0.03134117165305953,0.6643390891346169,0.4400051300644538,1,551.4626333457761,5.052180579135572
376,45,4.411092758178711,75.41268053193093,22.364815818823686,34,10,1298.9653347118108,0.687845766544342,39,27,2,0.03261360242966765,0.940191050631379,0.012190611866295926,1,550.5244165003874,0.2057865446674585
235,46,4.108109474182129,75.3644410011737,22.279655529889155,38,30,1113.5601229445556,0.3397808074951172,36,26,2,0.03242539516672407,0.9137108720258978,0.3572580350892681,1,483.22232462887365,5.1147341545728935
240,47,2.1075429916381836,75.41268053193093,22.289626829542883,36,40,1079.1490611465028,0.5063154101371765,38,26,5,0.028631906725536727,0.6992667748014202,0.12858442389832794,1,470.7311091961805,1.2118655168623733
224,48,4.209321022033691,75.39381591096443,22.278308056962977,37,40,1113.5601229445556,0.4689410924911499,36,27,3,0.031608447711011636,0.9226812474146969,0.17100533099413215,1,483.22232462887365,2.4099692544505436
582,49,1.3657314777374268,75.39785832974297,22.352149573317604,30,10,1300.6844911000983,0.5018927454948425,43,27,3,0.03098626133528859,0.5878045943880101,0.13329380839380836,1,551.1484702693357,1.3380758686122523
228,50,5.894114017486572,75.3606680769804,22.27884704613345,37,30,1113.5601229445556,0.43192487955093384,36,27,2,0.03292556361491613,1.0858091641716214,0.218567336013453,1,483.22232462887365,3.7758868352479724
433,51,4.005075454711914,75.35285273400856,22.360773400045147,31,40,1300.6844911000983,0.28489598631858826,41,28,3,0.03161456328084319,0.9044436010094434,0.45077095129908173,1,551.1484702693357,7.103840553094148
262,52,2.2080554962158203,75.36551897951466,22.30606599924227,33,10,1318.9028146396367,0.6000000238418579,41,26,4,0.029473836945967745,0.7124328997928153,0.04978705353016265,1,557.7617217141881,0.5831036691995748
346,53,15.504544258117676,75.44421139840352,22.362929356727037,37,10,1298.9653347118108,0.7128487825393677,35,28,2,0.03353500120108293,1.9648424043743438,0.006978150696616886,1,550.5244165003874,0.2531296262258632
612,54,12.504401206970215,75.4010922647658,22.312803363873165,30,30,1301.5499541205954,0.2200339287519455,43,27,2,0.032277450892598966,1.7179176695842733,0.568806994678974,1,551.4626333457761,17.39332429399473
586,55,5.636281967163086,75.41160255359,22.313342353043637,32,40,1301.5499541205954,0.3924828767776489,44,24,3,0.029452067145342455,1.0568636897526338,0.27469654098682306,1,551.4626333457761,4.715242579617399
233,56,6.210930347442627,75.35285273400856,22.279386035303922,37,30,1113.5601229445556,0.290229856967926,38,25,2,0.03170392874358359,1.1207232481469849,0.44139564406287873,1,483.22232462887365,7.578556582435819
577,57,3.529851198196411,75.40782962939667,22.346759681612888,29,40,1301.5499541205954,0.5713074207305908,43,28,4,0.030254109225286912,0.8597585006994459,0.06957514809618187,1,551.4626333457761,0.998001235136173
433,58,15.428847312927246,75.37522078458315,22.335710403618215,33,10,1318.9028146396367,0.5601586699485779,45,22,4,0.02728891532951007,1.9587918104273476,0.07830887869415967,1,557.7617217141881,2.3347171031843037
381,59,10.935637474060059,75.3644410011737,22.3551140137552,31,10,1300.6844911000983,0.3953789174556732,41,28,3,0.03161456328084319,1.5815346193409447,0.27039893666154596,1,551.1484702693357,7.451427420277009
571,60,0.0,75.39273793262348,22.324930620208782,36,40,1318.9028146396367,0.52173912525177,37,27,3,0.0315032031780126,0.16531147321376102,0.11283619243070653,1,557.7617217141881,0.32775916098357627
438,61,20.747461318969727,75.35932060405423,22.322774663526893,29,10,1318.9028146396367,0.40838849544525146,45,26,3,0.030373756063395554,2.368705662927804,0.2514284384081324,1,557.7617217141881,10.089571054006308
423,62,12.9423189163208,75.38438360048116,22.33921383322628,31,30,1318.9028146396367,0.4486894905567169,42,27,3,0.03105862647148713,1.7549859388542923,0.19637686066465898,1,557.7617217141881,5.970282836545124
401,63,12.237337112426758,75.43909100128405,22.317654266407416,30,10,1301.5499541205954,0.4320652186870575,42,28,3,0.03153723756746487,1.6951106466409496,0.21837727155184272,1,551.4626333457761,6.437914832543041
239,64,1.3654123544692993,75.3860005679926,22.291782786224772,36,40,1113.5601229445556,0.4155542850494385,36,28,3,0.03208346920728807,0.5877496300455508,0.24122002556204103,1,483.22232462887365,2.198032130344573
266,65,1.002347469329834,75.37252583873078,22.29771166709996,34,40,1113.5601229445556,0.49380528926849365,38,28,2,0.03320799597677619,0.5193725421312565,0.14212493399827733,1,483.22232462887365,1.1845105138342094
560,66,5.0394134521484375,75.40297872686244,22.326008598549727,32,10,1301.5499541205954,0.5719424486160278,41,27,2,0.032434012733165936,0.9918698941269832,0.06909527458965481,1,551.4626333457761,1.2258005976827704
596,67,14.023778915405273,75.43558757167597,22.32223567435642,33,30,1301.5499541205954,0.30044347047805786,42,25,3,0.03008743592011844,1.8449197415279923,0.42360490407111395,1,551.4626333457761,12.967006423992709
224,68,0.9274099469184875,75.39974479183962,22.28342845408246,36,40,1113.5601229445556,0.512753427028656,36,28,3,0.03208346920728807,0.5034748895187708,0.12188248562014023,1,483.22232462887365,0.9513655710809967
235,69,2.1075363159179688,75.3973193405725,22.287740367446233,34,40,1113.5601229445556,0.5173599123954773,38,28,6,0.028470697213440112,0.6992658880195749,0.11719985956742306,1,483.22232462887365,1.1274947464192044
358,70,15.296080589294434,75.44879280635254,22.346759681612888,33,10,1301.5499541205954,0.5695018768310547,41,26,2,0.03193131945344525,1.9481600030162949,0.07094992039815869,1,551.4626333457761,2.433937882805625
365,71,19.689620971679688,75.43531807709076,22.361042894630387,32,10,1298.9653347118108,0.3513247072696686,40,28,2,0.03301824496905152,2.289144835243346,0.3385082933503958,1,550.5244165003874,14.085528782202351
318,72,23.507991790771484,75.36497999034418,22.31576780431076,26,10,1318.9028146396367,0.3792324960231781,45,29,4,0.030590901317790107,2.5735642364547178,0.2946938872042929,1,557.7617217141881,12.940382666597458
259,73,1.3654693365097046,75.36605796868514,22.302562569634205,37,40,1318.9028146396367,0.6046589016914368,36,27,4,0.03039156257714304,0.5877594449377831,0.04693824125749511,1,557.7617217141881,0.467657781846098
214,74,1.3653275966644287,75.37899370877645,22.275613111110623,37,40,1113.5601229445556,0.48921117186546326,36,27,2,0.03292556361491613,0.5877350304527152,0.14726635118597534,1,483.22232462887365,1.377099469877352
343,75,13.682281494140625,75.40917710232287,22.30364054797515,29,10,1301.5499541205954,0.3997827172279358,43,28,4,0.030254109225286912,1.8167543688921721,0.26391541000974794,1,551.4626333457761,7.999473857667819
557,76,5.63630485534668,75.43828251752834,22.331398490254443,33,40,1301.5499541205954,0.5239012241363525,41,26,3,0.030653976135144863,1.056866281507397,0.11071356009754942,1,551.4626333457761,1.9779885065537997
274,77,1.3654898405075073,75.37468179541267,22.30633549382751,29,40,1318.9028146396367,0.4389277994632721,42,29,2,0.03334578515258189,0.5877629765962937,0.20917090683206796,1,557.7617217141881,2.286615584785469
227,78,2.9548792839050293,75.41564497236854,22.2807335082301,34,40,1079.1490611465028,0.1845729798078537,39,27,4,0.03010361039524557,0.8006154176895327,0.635907202897699,1,470.7311091961805,7.214548852843545
581,79,1.0027685165405273,75.39678035140201,22.356461486681376,31,10,1300.6844911000983,0.6466257572174072,43,26,3,0.030502655780190742,0.5194598162379014,0.025739665619204502,1,551.1484702693357,0.2247817864442994
229,80,4.409276962280273,75.43828251752834,22.294747226662366,36,30,1079.1490611465028,0.23152177035808563,37,27,3,0.0315032031780126,0.9400356090574826,0.54741609803176,1,470.7311091961805,7.631141114007492
443,81,18.355260848999023,75.40486518895909,22.30822195592416,33,10,1301.5499541205954,0.42381924390792847,41,26,4,0.029473836945967745,2.1876177846885594,0.22966514165610952,1,551.4626333457761,8.16618653025875
387,82,6.540828227996826,75.37414280624222,22.31576780431076,29,40,1318.9028146396367,0.17955555021762848,44,27,3,0.030919515101249465,1.1563677873752756,0.6455173917000072,1,557.7617217141881,12.873164331133555
551,83,7.118866443634033,75.39246843803824,22.36373784048275,32,10,1300.6844911000983,0.5751811265945435,42,26,3,0.03057553800422461,1.2172314241250481,0.06667743014087539,1,551.1484702693357,1.3677122054668471
587,84,0.9274099469184875,75.3935464163792,22.358617443363265,29,40,1300.6844911000983,0.6606943011283875,43,28,4,0.030254109225286912,0.5034748895187708,0.020355794794649964,1,551.1484702693357,0.17089086822067828
269,85,6.211713790893555,75.43504858250552,22.306874482997976,33,30,1301.5499541205954,0.45620983839035034,39,28,5,0.029431471460504434,1.1208087346963924,0.18676777681613985,1,551.4626333457761,3.397516089471072
341,86,15.294411659240723,75.43612656084645,22.314420331384582,30,20,1301.5499541205954,0.41541609168052673,42,28,4,0.03032309393377543,1.9480261971291153,0.24141524146717425,1,551.4626333457761,7.864100951363028
588,87,7.954797744750977,75.40782962939667,22.309030439679866,30,30,1301.5499541205954,0.1630450338125229,44,26,4,0.029263653551709273,1.3020877363890813,0.6773177061116537,1,551.4626333457761,14.232372908862605
284,88,2.7293426990509033,75.40405670520337,22.297981161685193,31,20,1079.1490611465028,0.42016279697418213,42,27,4,0.029862908757758225,0.77554792508357,0.23474768765514192,1,470.7311091961805,2.5592633127606104
560,89,4.410241603851318,75.40729064022622,22.331937479424916,34,30,1301.5499541205954,0.36733269691467285,41,25,2,0.03142329537530095,0.94011819209913,0.31310422415823064,1,551.4626333457761,5.100810644125938
402,90,21.917461395263672,75.42372980992559,22.310377912606043,31,10,1301.5499541205954,0.6211903691291809,43,26,4,0.02932834223269267,2.455940565702365,0.03763966701878705,1,551.4626333457761,1.4950896365258703
208,91,2.107499599456787,75.42965869080078,22.2769605840368,36,40,1079.1490611465028,0.48181143403053284,35,29,2,0.034024223438469926,0.6992610106894083,0.15573508895693686,1,470.7311091961805,1.744162364513692
580,92,5.33081579208374,75.39300742720872,22.349993616635714,28,40,1318.9028146396367,0.49310871958732605,45,27,3,0.03085844514898048,1.021905028708665,0.14289870412089412,1,557.7617217141881,2.513399777982855
243,93,6.540809154510498,75.43693504460217,22.298250656270433,34,40,1079.1490611465028,0.39787521958351135,37,29,5,0.0300464162166538,1.1563657464616692,0.2667160544682301,1,470.7311091961805,4.362244021495246
265,94,5.636260032653809,75.39192944886778,22.29582520500331,33,40,1113.5601229445556,0.1587407886981964,42,25,4,0.028929107810425757,1.0568612059838682,0.6856496264487294,1,483.22232462887365,10.129831715685636
570,95,2.2084100246429443,75.39435490013489,22.333284952351093,33,40,1318.9028146396367,0.4508979022502899,42,25,2,0.03134117165305953,0.7124786986126287,0.19353248727374683,1,557.7617217141881,2.410403208528605
236,96,2.9548745155334473,75.35393071234952,22.27884704613345,37,40,1113.5601229445556,0.46500346064567566,38,25,2,0.03170392874358359,0.8006148999815815,0.1758116656434357,1,483.22232462887365,2.1564104626659963
253,97,4.733768939971924,75.42885020704509,22.301215096708027,32,40,1301.5499541205954,0.28117650747299194,38,30,4,0.03155569955761897,0.9672364725862425,0.457341820455963,1,551.4626333457761,7.697815247169934
287,98,13.060311317443848,75.35285273400856,22.30364054797515,32,10,1318.9028146396367,0.43815749883651733,41,27,4,0.029937842192663638,1.764906378885618,0.21019566137543597,1,557.7617217141881,6.1946192984933175
254,99,5.039300441741943,75.44717583884113,22.30606599924227,35,40,1301.5499541205954,0.389668345451355,37,28,6,0.028559325395266472,0.9918609508204911,0.27889863363388573,1,551.4626333457761,4.356735698109795
384,100,15.488125801086426,75.37360381707174,22.316845782651704,30,30,1318.9028146396367,0.3129425346851349,45,25,3,0.029884348831027915,1.9635307275108451,0.4021361127826521,1,557.7617217141881,13.161436134083722
569,101,2.107682228088379,75.39651085681678,22.33059000649874,36,40,1318.9028146396367,0.6169983744621277,39,25,3,0.030340426377585668,0.6992852701542951,0.039878818850161514,1,557.7617217141881,0.47191855426845875
215,102,0.9274099469184875,75.3989363080839,22.277769067792505,35,40,1113.5601229445556,0.5487945079803467,36,29,3,0.03255384241204233,0.5034748895187708,0.08781085435236295,1,483.22232462887365,0.6954649782388653
242,103,2.2078857421875,75.35285273400856,22.29313025915095,39,40,1113.5601229445556,0.38424819707870483,35,26,2,0.032541148606565345,0.7124109690104979,0.28706059668932027,1,483.22232462887365,3.2157631140192735
269,104,11.474691390991211,75.3644410011737,22.307143977583216,33,40,1318.9028146396367,0.24137930572032928,41,26,4,0.029473836945967745,1.6290795125059516,0.5292133500050841,1,557.7617217141881,14.1728912850236
442,105,19.622350692749023,75.41833991822088,22.3303205119135,30,10,1301.5499541205954,0.45846858620643616,43,27,3,0.03098626133528859,2.284059765554902,0.18392450895294565,1,551.4626333457761,7.178477418482175
575,106,2.729754686355591,75.40136175935103,22.337327371129632,30,40,1301.5499541205954,0.4448886215686798,42,28,3,0.03153723756746487,0.77559482067807,0.20131577760657984,1,551.4626333457761,2.7155165447411016
267,107,8.138906478881836,75.37845471960597,22.29393874290666,31,30,1113.5601229445556,0.3273164629936218,42,27,2,0.03235283146545061,1.3203270565923204,0.37788465851962044,1,483.22232462887365,7.800098183440835
574,108,2.955021619796753,75.41133305900476,22.33948332781152,31,40,1301.5499541205954,0.5169767141342163,43,26,3,0.030502655780190742,0.8006308710427197,0.11758578483924667,1,551.4626333457761,1.583583245344495
376,109,18.798242568969727,75.41618396153899,22.363198851312276,34,10,1298.9653347118108,0.358524888753891,38,28,3,0.031879581977570015,2.221484467099524,0.3269938644540166,1,550.5244165003874,12.748881609687995
576,110,9.670106887817383,75.444750387574,22.333823941521565,35,30,1301.5499541205954,0.32556846737861633,39,26,4,0.02964054861738372,1.466663347379179,0.38080783685773545,1,551.4626333457761,9.129324502205215
385,111,16.68206787109375,75.44771482801158,22.35565300292567,33,30,1298.9653347118108,0.26176688075065613,39,28,2,0.03311027741098904,2.057990159726734,0.49205177812691314,1,550.5244165003874,18.458376669856516
376,112,8.886045455932617,75.37629876292408,22.349454627465242,31,10,1318.9028146396367,0.5559975504875183,40,29,2,0.033511166286727415,1.3928587216684205,0.08171810864371422,1,557.7617217141881,2.1274708743169914
488,113,17.159040451049805,75.3582426257133,22.35538350834043,31,30,1300.6844911000983,0.40578949451446533,43,26,3,0.030502655780190742,2.0952424728789762,0.2551737560187149,1,551.1484702693357,8.98827922520804
377,114,20.637176513671875,75.37441230082743,22.348376649124305,31,10,1318.9028146396367,0.4593280851840973,42,27,2,0.03235283146545061,2.3604442620203647,0.1828478374087457,1,557.7617217141881,7.788334206753248
218,115,1.8543341159820557,75.42723323953368,22.28154199198581,38,30,1079.1490611465028,0.3310619294643402,35,27,3,0.03171908737802791,0.6643390891346169,0.37164603762312926,1,470.7311091961805,3.6864886176114213
261,116,6.597985744476318,75.36093757156564,22.302562569634205,34,30,1318.9028146396367,0.3599397540092468,40,26,4,0.029554558044904502,1.162473750675413,0.3247479753911677,1,557.7617217141881,6.223042723893726
431,117,12.849664688110352,75.37899370877645,22.348376649124305,31,10,1318.9028146396367,0.44431620836257935,44,25,2,0.031194284699356555,1.7471761912985795,0.2020643188824026,1,557.7617217141881,6.14256939736034
364,118,14.803201675415039,75.36471049575894,22.323313652697365,29,10,1318.9028146396367,0.4936995208263397,48,23,3,0.0287349413488743,1.9084657702455017,0.1422422911828226,1,557.7617217141881,4.35083020743358
339,119,14.468622207641602,75.35608666903141,22.335171414447743,33,10,1318.9028146396367,0.4254683256149292,40,27,3,0.031220019138939386,1.8813086063881526,0.22738829994318177,1,557.7617217141881,7.449206746957874
233,120,2.003962278366089,75.3935464163792,22.28935733495765,35,40,1113.5601229445556,0.6268221735954285,36,29,6,0.029072858957165944,0.6852998186293648,0.03475696720027646,1,483.22232462887365,0.3346241049714253
304,121,6.598264217376709,75.3620155499066,22.30983892343557,29,30,1318.9028146396367,0.28301888704299927,44,27,4,0.029729152998778093,1.1625034501517206,0.4540836900588595,1,557.7617217141881,8.753090033894583
443,122,20.60634994506836,75.36632746327035,22.325739103964487,32,10,1318.9028146396367,0.39767053723335266,42,26,4,0.029398418583570066,2.358133752896834,0.26701727464846337,1,557.7617217141881,10.324771969465553
535,123,34.465396881103516,75.38438360048116,22.35942592711897,33,30,1300.6844911000983,0.40306124091148376,39,28,4,0.03056206052086445,2.797927758284625,0.2591294739947722,1,551.1484702693357,12.212499196829159
458,124,9.195145606994629,75.36255453907705,22.352419067902837,27,30,1300.6844911000983,0.21358664333820343,43,30,3,0.032412731207919605,1.422219824898902,0.5808912017994741,1,551.1484702693357,14.75862034282156
228,125,3.704791784286499,75.38114966545834,22.284236937838166,36,40,1113.5601229445556,0.5422579050064087,38,26,2,0.032210770561039284,0.8766006888617621,0.09354874757129043,1,483.22232462887365,1.2764032159709295
534,126,19.487600326538086,75.42076536948801,22.340022316981987,25,30,1301.5499541205954,0.2872253954410553,48,27,2,0.03198966123973801,2.273863819463273,0.4466695996776756,1,551.4626333457761,17.91746555601613
540,127,18.03746223449707,75.3884260192597,22.364546324238454,32,40,1300.6844911000983,0.40011516213417053,42,26,4,0.029398418583570066,2.1632131586823653,0.26342851298180986,1,551.1484702693357,9.23325164293062
578,128,1.365576148033142,75.39165995428255,22.322774663526893,33,40,1318.9028146396367,0.582618772983551,42,25,3,0.03008743592011844,0.587777842066364,0.061311836852649244,1,557.7617217141881,0.6047716464050052
278,129,4.733764171600342,75.40163125393627,22.29771166709996,29,20,1079.1490611465028,0.45778363943099976,44,27,5,0.028629375870490508,0.9672360810842623,0.18478459842250902,1,470.7311091961805,2.4087018159725226
315,130,11.923809051513672,75.39704984598725,22.298789645440905,26,30,1113.5601229445556,0.30376940965652466,48,26,4,0.029059936236778532,1.6681313190496028,0.4178588849281312,1,483.22232462887365,9.788170474522017
577,131,2.954960823059082,75.41483648861282,22.314420331384582,33,30,1301.5499541205954,0.5002193450927734,43,24,4,0.028383628671018773,0.8006242704184766,0.13509790639038632,1,551.4626333457761,1.6930172262155954
352,132,17.138547897338867,75.38168865462882,22.314689825969822,29,50,1318.9028146396367,0.39105483889579773,44,27,3,0.030919515101249465,2.09364719459911,0.2768254824654522,1,557.7617217141881,9.995187500089548
222,133,2.207759380340576,75.40324822144768,22.28342845408246,36,30,1079.1490611465028,0.3677631616592407,36,28,3,0.03208346920728807,0.712394643476161,0.3124310397777014,1,470.7311091961805,3.3614684751106947
569,134,0.9274099469184875,75.42831121787461,22.348376649124305,28,30,1301.5499541205954,0.2151084542274475,48,24,2,0.03045488836377278,0.5034748895187708,0.5780339096477116,1,551.4626333457761,4.887696537369593
416,135,12.727790832519531,75.35177475566763,22.34729867078336,31,30,1318.9028146396367,0.28743234276771545,40,29,3,0.03217062461549416,1.736876771999915,0.4463057508806565,1,557.7617217141881,13.909441404895963
264,136,2.107600688934326,75.36902240912272,22.306604988412744,35,40,1318.9028146396367,0.4241151511669159,37,28,6,0.028559325395266472,0.6992744390602508,0.22925588188626406,1,557.7617217141881,2.5536700979826765
224,137,6.299907684326172,75.35500869069045,22.283697948667694,39,30,1113.5601229445556,0.3156100809574127,37,24,2,0.03129592732344618,1.1304061588310146,0.3975992365810386,1,483.22232462887365,6.796962466565941
266,138,1.0024172067642212,75.36902240912272,22.30741347216845,34,40,1318.9028146396367,0.4323651194572449,38,28,3,0.031879581977570015,0.5193869987324884,0.21797134868054835,1,557.7617217141881,2.0130372422532763
505,139,30.330860137939453,75.3846530950664,22.31846275016312,33,10,1318.9028146396367,0.5728651285171509,40,27,4,0.03001808801227943,2.797927758284625,0.06840141368184624,1,557.7617217141881,3.204301013406752
575,140,16.806358337402344,75.35446970151997,22.31792376099265,33,30,1318.9028146396367,0.3621605336666107,43,24,4,0.028383628671018773,2.0677223269041876,0.32123407540657695,1,557.7617217141881,10.51551258006946
561,141,2.7296435832977295,75.43073666914174,22.3265475877202,32,30,1301.5499541205954,0.43010568618774414,41,27,3,0.031136560258307147,0.7755821744808801,0.22103756220226575,1,551.4626333457761,2.943612406016417
441,142,29.595626831054688,75.42480778826655,22.333554446936333,33,10,1301.5499541205954,0.4724745452404022,41,26,4,0.029473836945967745,2.797927758284625,0.16674555619960613,1,551.4626333457761,7.583043242876767
275,143,14.184144020080566,75.4334316149941,22.309299934265105,33,30,1301.5499541205954,0.25356602668762207,40,27,5,0.02890762224717049,1.8580760466199495,0.5069177859005465,1,551.4626333457761,15.01514308810022
220,144,0.0,75.38707854633353,22.276152100281095,37,40,1113.5601229445556,0.5047509074211121,37,26,2,0.03231526470942818,0.16531147321376102,0.13024058803936137,1,483.22232462887365,0.3362049107751159
260,145,1.3655059337615967,75.44798432259682,22.309569428850338,33,10,1301.5499541205954,0.5550583004951477,38,29,5,0.02995518199823978,0.5877657485153127,0.08249885049197918,1,551.4626333457761,0.8010142174549968
293,146,9.668680191040039,75.35177475566763,22.302832064219444,32,30,1318.9028146396367,0.42405423521995544,40,28,4,0.030477111034471926,1.4665310131662608,0.22934010746533975,1,557.7617217141881,5.717336667242064
225,147,2.107518434524536,75.38034118170262,22.28261997032675,36,40,1113.5601229445556,0.5987421274185181,38,26,2,0.032210770561039284,0.6992635127027873,0.050573584581899506,1,483.22232462887365,0.5504434510084755
338,148,9.358099937438965,75.43208414206791,22.311455890946988,32,30,1301.5499541205954,0.20669223368167877,42,26,3,0.03057553800422461,1.4375572593878183,0.5938730806738934,1,551.4626333457761,14.394911191216043
411,149,9.664810180664062,75.3838446113107,22.33921383322628,30,40,1318.9028146396367,0.377765029668808,42,28,4,0.03032309393377543,1.4661720133294207,0.2969415795898409,1,557.7617217141881,7.363395996613047
578,150,2.1077656745910645,75.39246843803824,22.3551140137552,30,40,1300.6844911000983,0.24286408722400665,42,28,4,0.03032309393377543,0.6992963543479058,0.526484355713199,1,551.1484702693357,6.1530274498890964
431,151,16.140830993652344,75.39031248135635,22.302562569634205,31,10,1318.9028146396367,0.5779816508293152,42,27,3,0.03105862647148713,2.0153951672418597,0.06462651983706354,1,557.7617217141881,2.256326448344735
266,152,4.733760833740234,75.39462439472013,22.29582520500331,33,30,1113.5601229445556,0.3652762174606323,42,25,3,0.03008743592011844,0.9672358070327379,0.31632758632753005,1,483.22232462887365,4.448377156462083
217,153,0.9274099469184875,75.44825381718206,22.28261997032675,38,40,1079.1490611465028,0.5548849701881409,35,27,3,0.03171908737802791,0.5034748895187708,0.08264338021611625,1,470.7311091961805,0.6212686957423642
234,154,2.7802884578704834,75.40567367271481,22.286931883690528,36,40,1079.1490611465028,0.5015352964401245,38,26,4,0.029731781074822338,0.781315268995993,0.1336781542729213,1,470.7311091961805,1.4617751644073844
577,155,2.10772967338562,75.40675165105574,22.344334230345765,28,40,1301.5499541205954,0.40229469537734985,45,27,3,0.03085844514898048,0.6992915723422676,0.26024531229307835,1,551.4626333457761,3.096929648108184
553,156,3.005337953567505,75.43504858250552,22.332476468595388,34,30,1301.5499541205954,0.2436600923538208,40,26,2,0.03201877095158267,0.8060661613388558,0.5250227274682474,1,551.4626333457761,7.472562246070779
412,157,13.343503952026367,75.44528937674448,22.32034921225977,30,10,1301.5499541205954,0.38929322361946106,43,27,3,0.03098626133528859,1.7886046049668654,0.2794605701301757,1,551.4626333457761,8.541224850875981
415,158,5.510741710662842,75.3771072466798,22.34729867078336,29,40,1318.9028146396367,0.28200191259384155,45,26,2,0.03163942268322379,1.0425867312565573,0.45588133191980224,1,557.7617217141881,8.387668510949014
566,159,4.090553283691406,75.41726193987995,22.323583147282605,34,40,1301.5499541205954,0.26572591066360474,39,27,2,0.03261360242966765,0.9121416059245006,0.4849165181191304,1,551.4626333457761,7.9550718584317295
625,160,16.35557746887207,75.39624136223154,22.30606599924227,29,10,1318.9028146396367,0.44677916169166565,46,25,2,0.031070892730257024,2.032338400276899,0.19885232494703936,1,557.7617217141881,7.003725782008421
403,161,19.093942642211914,75.36174605532136,22.3513410895619,32,10,1300.6844911000983,0.45015740394592285,43,25,5,0.027791057843241613,2.2439988050401203,0.19448414780600023,1,551.1484702693357,6.684678336242892
260,162,2.9549195766448975,75.35177475566763,22.297442172514728,35,30,1113.5601229445556,0.2399553805589676,36,29,3,0.03255384241204233,0.8006197923018488,0.5318336869722966,1,483.22232462887365,6.698096680233119
404,163,12.934637069702148,75.42372980992559,22.358617443363265,33,30,1298.9653347118108,0.3076923191547394,41,26,2,0.03193131945344525,1.754339104096481,0.41111227084332175,1,550.5244165003874,12.678487113974825
250,164,6.982114315032959,75.36983089287844,22.292591269980477,39,40,1113.5601229445556,0.5308057069778442,34,27,2,0.03316167259196058,1.2030050132788899,0.10407677383067218,1,483.22232462887365,2.006340667243428
438,165,16.249868392944336,75.39031248135635,22.33301545776586,34,10,1318.9028146396367,0.6730650067329407,40,26,3,0.03073792932539105,2.0240052751981907,0.016286412972280874,1,557.7617217141881,0.5651456599131098
389,166,19.948266983032227,75.44448089298876,22.358347948778025,37,10,1298.9653347118108,0.36983469128608704,36,27,2,0.03292556361491613,2.3086663440517254,0.3091989389704591,1,550.5244165003874,12.939246006003893
544,167,13.654656410217285,75.4455588713297,22.336518887373927,32,40,1301.5499541205954,0.45410773158073425,41,27,3,0.031136560258307147,1.8144668641067363,0.1894317353382064,1,551.4626333457761,5.901854557619853
352,168,4.410840034484863,75.43316212040887,22.3551140137552,32,30,1298.9653347118108,0.4368624687194824,40,28,2,0.03301824496905152,0.9401694184323627,0.21192342118465352,1,550.5244165003874,3.6217264718585844
247,169,5.0838775634765625,75.3657884740999,22.29555571041807,34,80,1113.5601229445556,-0.31481480598449707,37,29,2,0.03380208758758392,0.9953795501330948,1.614254482288174,1,483.22232462887365,26.245281062057803
423,170,8.782679557800293,75.41348901568665,22.358886937948498,35,40,1298.9653347118108,0.38449788093566895,37,28,3,0.03197882188612843,1.3829590092037345,0.28668261329919537,1,550.5244165003874,6.97990815372622
602,171,33.19629669189453,75.39947529725438,22.313072858458405,29,30,1318.9028146396367,0.3590347170829773,45,26,3,0.030373756063395554,2.797927758284625,0.3261839468354873,1,557.7617217141881,15.461309972081517
547,172,19.675844192504883,75.3846530950664,22.323852641867838,33,30,1318.9028146396367,0.26941564679145813,41,26,2,0.03193131945344525,2.288103692393714,0.47829160743322324,1,557.7617217141881,19.49099602943914
625,173,13.343475341796875,75.42615526119272,22.31657628806647,33,40,1301.5499541205954,0.1749727427959442,41,26,3,0.030653976135144863,1.788602218609305,0.6543176564247262,1,551.4626333457761,19.783599432499763
565,174,2.1077144145965576,75.41483648861282,22.340022316981987,31,30,1301.5499541205954,0.46704068779945374,43,26,2,0.03177369361813611,0.6992895455171967,0.17331722698008692,1,551.4626333457761,2.123648137991507
334,175,7.221887111663818,75.35285273400856,22.34271726283435,33,10,1318.9028146396367,0.3805237114429474,40,27,3,0.031220019138939386,1.2278814640087479,0.2927215156080056,1,557.7617217141881,6.258827173454312
228,176,0.9274099469184875,75.37117836580461,22.28288946491199,38,40,1113.5601229445556,0.5003728270530701,35,27,2,0.033040813608461624,0.5034748895187708,0.134931931058458,1,483.22232462887365,1.0846516326044562
564,177,28.853208541870117,75.39300742720872,22.304449031730854,27,10,1318.9028146396367,0.4496907591819763,47,26,4,0.029102474752075714,2.797927758284625,0.19508494148661892,1,557.7617217141881,8.860105063494679
565,178,4.003874778747559,75.41833991822088,22.319001739333594,36,40,1301.5499541205954,0.5046758651733398,40,24,4,0.028611858506668832,0.9043347804915381,0.1303202960300898,1,551.4626333457761,1.859531120042789
397,179,4.209904193878174,75.37683775209456,22.364276829653214,31,40,1300.6844911000983,0.3058171570301056,42,27,3,0.03105862647148713,0.9227325621636542,0.4143329826652231,1,551.1484702693357,6.544495976407972
219,180,5.446105003356934,75.43477908792028,22.286123399934816,38,40,1079.1490611465028,0.632750928401947,33,29,3,0.03289787576723403,1.0351873288607627,0.031876209879822696,1,470.7311091961805,0.5110064498338558
234,181,1.8543341159820557,75.42938919621557,22.2950167212476,35,40,1079.1490611465028,0.46675997972488403,38,27,5,0.029077391889432647,0.6643390891346169,0.1736599465292432,1,470.7311091961805,1.5791297656868395
569,182,2.2084100246429443,75.39408540554965,22.333284952351093,33,40,1318.9028146396367,0.4141012728214264,42,25,2,0.03134117165305953,0.7124786986126287,0.24327586896476933,1,557.7617217141881,3.0299457386750084
560,183,4.090662956237793,75.40863811315239,22.33059000649874,34,10,1301.5499541205954,0.42514970898628235,41,25,2,0.03142329537530095,0.9121514214020867,0.22782745395495999,1,551.4626333457761,3.601146704360462
285,184,4.73377799987793,75.37791573043552,22.307143977583216,26,40,1318.9028146396367,0.6356853246688843,46,28,3,0.031284289946432974,0.9672372164393647,0.03050820431672156,1,557.7617217141881,0.5149020882189906
587,185,2.729959726333618,75.39246843803824,22.356730981266615,30,30,1300.6844911000983,0.2218412309885025,42,28,4,0.03032309393377543,0.7756181583476321,0.5654295425006561,1,551.1484702693357,7.329402657809995
290,186,13.095727920532227,75.37036988204889,22.310377912606043,30,10,1318.9028146396367,0.41126492619514465,41,29,3,0.03208847309882057,1.7678786900336145,0.24730973856766048,1,557.7617217141881,7.825127766658427
244,187,0.9274099469184875,75.3644410011737,22.294747226662366,34,80,1113.5601229445556,-0.34402331709861755,37,29,2,0.03380208758758392,0.5034748895187708,1.6685092756495083,1,483.22232462887365,13.721353516987694
643,188,15.95498275756836,75.4266942503632,22.319001739333594,35,30,1301.5499541205954,0.26466089487075806,39,26,4,0.02964054861738372,2.000684840887921,0.4868332619320427,1,551.4626333457761,15.92066677433396
311,189,4.733826160430908,75.3515052610824,22.33921383322628,33,40,1318.9028146396367,0.5351842045783997,41,26,4,0.029473836945967745,0.9672411705918847,0.09998053447741821,1,557.7617217141881,1.5897748077466345
581,190,4.410811424255371,75.39300742720872,22.35376654082902,30,10,1300.6844911000983,0.284691721200943,42,28,3,0.03153723756746487,0.9401669694580549,0.4511311076659617,1,551.1484702693357,7.372249420817846
352,191,18.013795852661133,75.38411410589592,22.30795246133892,30,10,1318.9028146396367,0.44009900093078613,43,27,4,0.02979332958749055,2.161391973827091,0.20761703659049394,1,557.7617217141881,7.45700216730052
236,192,3.1437251567840576,75.36524948492942,22.286123399934816,37,40,1113.5601229445556,0.5424261093139648,38,25,3,0.03043568169843624,0.8207411754003195,0.09339861522401004,1,483.22232462887365,1.127396501742586
531,193,16.654476165771484,75.4064821564705,22.32843404981685,33,30,1301.5499541205954,0.2802101671695709,41,26,3,0.030653976135144863,2.0558272398396245,0.45905335003777226,1,551.4626333457761,15.953378994408965
345,194,9.135016441345215,75.36174605532136,22.336518887373927,34,30,1318.9028146396367,0.4560794234275818,38,28,2,0.03320799597677619,1.416536101936421,0.18693254905230092,1,557.7617217141881,4.904604015686411
269,195,7.887279033660889,75.38627006257781,22.296903183344256,30,40,1113.5601229445556,0.4116978943347931,41,29,3,0.03208847309882057,1.2953601455164887,0.24669220004549455,1,483.22232462887365,4.954980975789151
384,196,22.05903434753418,75.38411410589592,22.30606599924227,33,10,1318.9028146396367,0.3808947503566742,41,26,3,0.030653976135144863,2.4664504767779536,0.29215567405876086,1,557.7617217141881,12.320327320159146
319,197,5.547544956207275,75.37845471960597,22.311455890946988,26,10,1318.9028146396367,0.2586362063884735,46,28,4,0.03007988447522767,1.0467849577688695,0.4977133943956415,1,557.7617217141881,8.741011101300996
341,198,8.884804725646973,75.4417859471364,22.317115277236944,31,30,1301.5499541205954,0.39971819519996643,41,28,3,0.03161456328084319,1.3927401380780497,0.2640099502830377,1,551.4626333457761,6.410525978474769
348,199,27.98904800415039,75.35473919610521,22.3408308007377,34,30,1318.9028146396367,0.2830010652542114,39,27,3,0.03130896585772835,2.797927758284625,0.4541151752273183,1,557.7617217141881,22.188091133255956
214,200,4.089898109436035,75.43019767997126,22.282080981156284,37,40,1079.1490611465028,0.564290463924408,35,28,3,0.03219350606569237,0.9120829658702847,0.07500398965376429,1,470.7311091961805,1.0367162050937413
560,201,1.3655996322631836,75.43127565831222,22.32708657689067,32,40,1301.5499541205954,0.4626728296279907,41,27,3,0.031136560258307147,0.5877818868551422,0.1786856685701282,1,551.4626333457761,1.8034024013668555
557,202,3.0051109790802,75.40971609149335,22.321966179771188,35,40,1301.5499541205954,0.4406096935272217,39,26,2,0.03211193128373936,0.8060417652021377,0.2069410805996653,1,551.4626333457761,2.953838686205852
382,203,7.032857894897461,75.38061067628786,22.339752822396754,29,30,1318.9028146396367,0.3221243619918823,45,26,2,0.03163942268322379,1.2082959458298306,0.3865888001901681,1,557.7617217141881,8.243276032126092
382,204,13.883495330810547,75.36551897951466,22.351880078732364,28,10,1300.6844911000983,0.5057452917098999,40,32,3,0.03356931142237957,1.8333746012321503,0.12918670352554731,1,551.1484702693357,4.382077623752475
228,205,2.2078604698181152,75.43504858250552,22.290974302469067,36,40,1079.1490611465028,0.5134228467941284,36,28,3,0.03208346920728807,0.7124077039483022,0.1211961387765453,1,470.7311091961805,1.3039820530709227
473,206,19.948078155517578,75.37602926833887,22.319540728504066,29,10,1318.9028146396367,0.32954221963882446,46,25,4,0.028679629961186635,2.308652109155727,0.3741732122326266,1,557.7617217141881,13.818262415489459
321,207,6.827678680419922,75.44771482801158,22.362659862141804,37,10,1298.9653347118108,0.5326460599899292,35,28,2,0.03353500120108293,1.1868129999399912,0.10234438046252774,1,550.5244165003874,2.2424419415116987
530,208,31.888309478759766,75.3913904596973,22.345681703271943,32,30,1318.9028146396367,0.2300860583782196,43,25,4,0.02885863158027226,2.797927758284625,0.5500792466667729,1,557.7617217141881,24.773433203358824
567,209,4.765133857727051,75.43289262582363,22.325739103964487,34,40,1301.5499541205954,0.46991273760795593,39,27,3,0.03130896585772835,0.9698066469600171,0.1698289198969528,1,551.4626333457761,2.8436858519537376
219,210,2.729217290878296,75.4266942503632,22.286123399934816,38,40,1079.1490611465028,0.45679911971092224,35,27,3,0.03171908737802791,0.7755336493133619,0.18602407866264906,1,470.7311091961805,2.154087755136644
240,211,8.373692512512207,75.36686645244083,22.278577551548217,39,30,1113.5601229445556,0.3895243704319,35,26,2,0.032541148606565345,1.3433700923738041,0.27911425764963993,1,483.22232462887365,5.896001228606408
403,212,4.110229015350342,75.44124695796594,22.355922497510903,36,40,1298.9653347118108,0.3163166344165802,36,28,2,0.033420379135029564,0.9139000592523743,0.3964002721112924,1,550.5244165003874,6.665313899569667
385,213,15.635767936706543,75.36147656073612,22.321157696015483,25,10,1318.9028146396367,0.5486758351325989,50,25,3,0.029660885741793496,1.975312510406036,0.08791325901030281,1,557.7617217141881,2.8729165833492236
293,214,5.446511268615723,75.42238233699942,22.3055270100718,29,10,1301.5499541205954,0.5023417472839355,42,29,5,0.0296408124844222,1.0352339418225394,0.13281180781502253,1,551.4626333457761,2.24740521947009
404,215,10.107906341552734,75.37602926833887,22.34298675741958,31,10,1318.9028146396367,0.46138548851013184,43,26,3,0.030502655780190742,1.5069565400659237,0.18028239213128106,1,557.7617217141881,4.62211130447145
245,216,1.8543341159820557,75.44070796879546,22.29771166709996,34,40,1079.1490611465028,0.287564754486084,37,29,4,0.031200627942804114,0.6643390891346169,0.4460729931437412,1,470.7311091961805,4.352431774513716
363,217,18.981924057006836,75.44744533342634,22.3551140137552,33,30,1298.9653347118108,0.24105161428451538,39,28,2,0.03311027741098904,2.235478215384157,0.529816098526925,1,550.5244165003874,21.589122820613177
342,218,11.666622161865234,75.37063937663413,22.339752822396754,34,30,1318.9028146396367,0.5429145693778992,39,27,2,0.03261360242966765,1.6458283781259895,0.09296337702675929,1,557.7617217141881,2.7831968024246847
264,219,2.7294301986694336,75.368213925367,22.30633549382751,34,40,1318.9028146396367,0.5072629451751709,36,30,3,0.03302001439663262,0.7755578853227356,0.12758658995219127,1,557.7617217141881,1.8224063171395173
471,220,20.24390411376953,75.35797313112806,22.352419067902837,30,10,1300.6844911000983,0.3109991252422333,42,28,3,0.03153723756746487,2.330923704253966,0.40545153390271926,1,551.1484702693357,16.427038015545666
493,221,24.79598045349121,75.37683775209456,22.354575024584726,33,10,1300.6844911000983,0.5530086159706116,44,23,3,0.0289516479865775,2.6682606554680244,0.08421694134262896,1,551.1484702693357,3.585664180511938
565,222,1.8543341159820557,75.41483648861282,22.340291811567226,31,30,1301.5499541205954,0.5645070672035217,43,26,2,0.03177369361813611,0.6643390891346169,0.07483294655899876,1,551.4626333457761,0.871096856465353
524,223,29.951370239257812,75.4178009290504,22.327625566061137,32,10,1301.5499541205954,0.45469391345977783,43,25,4,0.02885863158027226,2.797927758284625,0.18868715269046762,1,551.4626333457761,8.401767361853173
235,224,2.2079038619995117,75.44286392547735,22.294477732077127,35,60,1079.1490611465028,0.3944796025753021,37,28,5,0.029610222174423502,0.7124133099847396,0.2717306229557846,1,470.7311091961805,2.698268576634922
355,225,26.925331115722656,75.44340291464783,22.364276829653214,35,10,1298.9653347118108,0.3367157280445099,37,28,2,0.03331137118685462,2.797927758284625,0.36229430725030326,1,550.5244165003874,18.58947402947263
316,226,5.446673393249512,75.37953269794693,22.313342353043637,27,10,1318.9028146396367,0.6572988629341125,47,26,3,0.030267744513862226,1.0352525428662105,0.021579989476193665,1,557.7617217141881,0.37716058439804634
242,227,5.039239406585693,75.42534677743703,22.29528621583284,38,40,1079.1490611465028,0.27368423342704773,36,26,5,0.0288226848902294,0.9918561206312644,0.47065813561391195,1,470.7311091961805,6.333759694067821
623,228,9.403812408447266,75.41348901568665,22.31199488011746,32,30,1301.5499541205954,0.40599218010902405,43,25,6,0.026804725048952205,1.4418427518755292,0.2548808643398557,1,551.4626333457761,5.432285377458069
215,229,1.0021981000900269,75.37899370877645,22.2769605840368,38,40,1113.5601229445556,0.6297129988670349,35,27,2,0.033040813608461624,0.5193415757922172,0.033332719489271016,1,483.22232462887365,0.27638951394957834
339,230,11.228099822998047,75.37090887121937,22.317115277236944,25,30,1318.9028146396367,0.4063417613506317,49,26,4,0.02902312532994024,1.6074243722559634,0.25437602147030425,1,557.7617217141881,6.6191100646704255
235,231,2.107531785964966,75.37522078458315,22.286392894520056,39,40,1113.5601229445556,0.5416666865348816,35,26,2,0.032541148606565345,0.6992652862737948,0.09407748264451195,1,483.22232462887365,1.0344452872458876
585,232,6.540861129760742,75.39839731891342,22.346220692442415,29,50,1318.9028146396367,0.24151436984539032,43,28,3,0.031465490695431426,1.1563713079459688,0.5289649641754441,1,557.7617217141881,10.7351330115644
582,234,15.977797508239746,75.42534677743703,22.32250516894166,33,30,1301.5499541205954,0.4330664277076721,41,26,4,0.029473836945967745,2.00249308072943,0.217023386500141,1,551.4626333457761,7.0636687870660175
557,235,20.36940574645996,75.42022638031753,22.337327371129632,28,30,1301.5499541205954,0.3528505265712738,46,26,3,0.030317855206144908,2.340354893237453,0.3360564491417601,1,551.4626333457761,13.149478163246322
449,236,15.987701416015625,75.36309352824753,22.33059000649874,33,10,1318.9028146396367,0.4572892487049103,41,26,3,0.030653976135144863,2.0032778290658206,0.18540654759092162,1,557.7617217141881,6.350410105250641
221,237,0.9274099469184875,75.44367240923305,22.279386035303922,38,40,1079.1490611465028,0.3656493127346039,36,26,2,0.03242539516672407,0.5034748895187708,0.3157418930252325,1,470.7311091961805,2.4264324293402204
297,238,9.668540000915527,75.37495128999791,22.29959812919661,32,30,1113.5601229445556,0.3181552588939667,42,26,3,0.03057553800422461,1.466518009368617,0.3932856549267477,1,483.22232462887365,8.521510909207118
567,239,3.704791784286499,75.39327692179396,22.327356071475904,35,10,1318.9028146396367,0.5877415537834167,40,25,3,0.030250615265628278,0.8766006888617621,0.057767686789890825,1,557.7617217141881,0.8544166504648665
407,240,5.636318683624268,75.35554767986093,22.342447768249116,35,30,1318.9028146396367,0.21012791991233826,37,28,3,0.03197882188612843,1.0568678473572788,0.5873962936257774,1,557.7617217141881,11.072942730548746
229,241,0.9274099469184875,75.39246843803824,22.28720137827576,36,40,1113.5601229445556,0.6241771578788757,37,27,4,0.030290369825136165,0.5034748895187708,0.036093000944791676,1,483.22232462887365,0.2659820777461154
384,242,5.71579647064209,75.35716464737234,22.362929356727037,34,40,1300.6844911000983,0.2857142686843872,38,28,2,0.03320799597677619,1.0658433916878685,0.4493289941131664,1,551.1484702693357,8.765347019521625
578,243,13.883574485778809,75.38303612755499,22.352688562488076,31,30,1300.6844911000983,0.32379642128944397,43,26,3,0.030502655780190742,1.833381125269298,0.3837787102751969,1,551.1484702693357,11.828778381584762
308,244,5.547544956207275,75.35420020693476,22.305257515486566,31,40,1318.9028146396367,0.17202799022197723,44,25,4,0.028793525498230874,1.0467849577688695,0.6599834014341842,1,557.7617217141881,11.095171916128924
580,245,7.22054386138916,75.41645345612423,22.314689825969822,33,30,1301.5499541205954,0.49908894300460815,42,25,2,0.03134117165305953,1.227742967550582,0.13632346470149295,1,551.4626333457761,2.892739919470551
568,246,1.3656772375106812,75.39408540554965,22.341908779078643,32,10,1318.9028146396367,0.5282501578330994,43,25,2,0.03126481922486936,0.587795252840464,0.10650801166965698,1,557.7617217141881,1.0917243058323813
556,247,5.636289596557617,75.41645345612423,22.319540728504066,34,40,1301.5499541205954,0.5807148814201355,40,26,2,0.03201877095158267,1.0568645536713364,0.06266051259893837,1,551.4626333457761,1.1693217378733631
246,248,4.733769416809082,75.44151645255116,22.30148459129326,36,30,1301.5499541205954,0.20368562638759613,35,29,6,0.029170485449244193,0.9672365117364277,0.5995530068850152,1,551.4626333457761,9.328676105277912
569,249,1.002518892288208,75.4178009290504,22.321696685185948,33,40,1301.5499541205954,0.2673966884613037,41,26,3,0.030653976135144863,0.5194080771064212,0.4819136213781087,1,551.4626333457761,4.231368084918079
271,250,4.6273674964904785,75.44501988215924,22.30983892343557,33,40,1301.5499541205954,0.2779291868209839,39,28,5,0.029431471460504434,0.9584419515340706,0.46310038153885497,1,551.4626333457761,7.203922294068062
405,251,20.821298599243164,75.43019767997126,22.312533869287932,28,30,1301.5499541205954,0.39870551228523254,44,28,2,0.03270777962928491,2.3742327851434175,0.265495545228445,1,551.4626333457761,11.369665545567734
228,252,2.003870725631714,75.36686645244083,22.28315895949722,40,40,1113.5601229445556,0.5758139491081238,34,26,2,0.032662516686708394,0.6852872848351854,0.06621076393743693,1,483.22232462887365,0.7161399596144649
361,253,7.032445907592773,75.35420020693476,22.32843404981685,33,10,1318.9028146396367,0.4588780701160431,41,26,3,0.030653976135144863,1.2082530463159629,0.1834111975471197,1,557.7617217141881,3.7889534202351824
243,254,1.0023314952850342,75.35770363654282,22.29555571041807,38,40,1113.5601229445556,0.5030985474586487,35,27,2,0.033040813608461624,0.5193692306197708,0.13200137318678745,1,483.22232462887365,1.0945923011711614
381,255,19.021543502807617,75.43477908792028,22.34514271410147,30,30,1301.5499541205954,0.4110710620880127,44,26,3,0.030435376949588727,2.238492988701944,0.2475864509987125,1,551.4626333457761,9.30202255597371
476,256,40.68764114379883,75.4409774633807,22.320888201430243,32,10,1301.5499541205954,0.6713943481445312,43,25,2,0.03126481922486936,2.797927758284625,0.016800904014378715,1,551.4626333457761,0.8104778678362222
240,257,2.1075611114501953,75.35581717444617,22.2950167212476,38,40,1113.5601229445556,0.7043120861053467,35,27,2,0.033040813608461624,0.6992691817722498,0.008532369018833199,1,483.22232462887365,0.09526025545024863
562,258,30.007875442504883,75.44448089298876,22.323044158112133,31,30,1301.5499541205954,0.18314333260059357,44,25,5,0.027728360244884395,2.797927758284625,0.6386428126258505,1,551.4626333457761,27.32340402181264
395,259,18.564788818359375,75.44367240923305,22.34891563829477,33,10,1301.5499541205954,0.3809660077095032,41,26,2,0.03193131945344525,2.203657850147651,0.29204705293908406,1,551.4626333457761,11.332610124402985
219,260,0.9274099469184875,75.44367240923305,22.281272497400572,37,40,1079.1490611465028,0.360883504152298,34,29,2,0.034143683636157676,0.5034748895187708,0.3232530103214437,1,470.7311091961805,2.6157947720302146
581,261,2.107628345489502,75.4140280048571,22.314689825969822,33,30,1301.5499541205954,0.4388965666294098,43,24,4,0.028383628671018773,0.6992781127927377,0.20921241409298838,1,551.4626333457761,2.2899257083558866
497,262,31.016176223754883,75.40378721061816,22.356730981266615,29,10,1298.9653347118108,0.49709615111351013,43,28,3,0.031465490695431426,2.797927758284625,0.1384974524638665,1,550.5244165003874,6.712578476727376
586,263,8.521615028381348,75.39112096511207,22.356730981266615,32,10,1300.6844911000983,0.5388967394828796,43,25,3,0.03001413780555057,1.357767530508105,0.09657617112777005,1,551.1484702693357,2.169151475870927
204,264,2.1074938774108887,75.42831121787461,22.275343616525383,37,40,1079.1490611465028,0.6646239757537842,37,26,2,0.03231526470942818,0.6992602505814304,0.018997355174337007,1,470.7311091961805,0.20207500680889967
225,265,0.9274099469184875,75.37144786038985,22.277230078622033,39,40,1113.5601229445556,0.5863747000694275,34,27,2,0.03316167259196058,0.5034748895187708,0.058701255332673966,1,483.22232462887365,0.47359664972757837
307,266,5.039377212524414,75.36551897951466,22.3198102230893,27,30,1318.9028146396367,0.47585979104042053,47,26,3,0.030267744513862226,0.9918670262440665,0.16271210119409257,1,557.7617217141881,2.7245957301291046
347,267,12.080793380737305,75.36497999034418,22.346490187027648,32,10,1318.9028146396367,0.36208298802375793,40,28,3,0.03169742154818681,1.6816681104610358,0.3213565415955795,1,557.7617217141881,9.55432643266667
314,268,8.139439582824707,75.37468179541267,22.311186396361755,28,30,1318.9028146396367,0.28724774718284607,46,26,3,0.030317855206144908,1.3203796500189666,0.4466302973892049,1,557.7617217141881,9.972273548965877
247,269,7.042237281799316,75.37010038746368,22.292591269980477,39,40,1113.5601229445556,0.5761821269989014,34,27,2,0.03316167259196058,1.2092723509596364,0.06594012421832814,1,483.22232462887365,1.2777835757781906
389,270,11.66632080078125,75.40324822144768,22.30741347216845,33,10,1301.5499541205954,0.7003504633903503,41,26,5,0.02838350478085745,1.645802150977693,0.009330526351462788,1,551.4626333457761,0.2403620396002662
225,271,2.2076728343963623,75.41079406983428,22.27669108945156,37,40,1079.1490611465028,0.4967845678329468,36,27,2,0.03292556361491613,0.7123834617030751,0.1388389140370299,1,470.7311091961805,1.5329611724825667
419,272,22.36234474182129,75.4334316149941,22.3408308007377,33,10,1301.5499541205954,0.48454365134239197,41,26,3,0.030653976135144863,2.4889380377929555,0.1525814124547074,1,551.4626333457761,6.4197574673648194
532,273,21.124156951904297,75.41348901568665,22.326817082305432,33,30,1301.5499541205954,0.44326531887054443,42,25,4,0.028929107810425757,2.3968708610890355,0.20344177177506614,1,551.4626333457761,7.779217165250638
330,274,2.9549567699432373,75.38168865462882,22.312803363873165,26,10,1318.9028146396367,0.2736263871192932,47,27,3,0.030753602164313033,0.8006238303739838,0.47076135785833567,1,557.7617217141881,6.465081699370785
576,275,3.8373396396636963,75.40432619978861,22.338405349470577,30,40,1301.5499541205954,0.5888797640800476,43,27,4,0.02979332958749055,0.8890497232112818,0.056996986028081766,1,551.4626333457761,0.8325552685208718
406,276,13.654921531677246,75.42992818538602,22.358078454192793,32,30,1298.9653347118108,0.2702326476573944,40,28,2,0.03301824496905152,1.8144888241686226,0.4768279982032894,1,550.5244165003874,15.727026423293626
633,277,7.586372375488281,75.39839731891342,22.30741347216845,30,10,1318.9028146396367,0.45680883526802063,45,25,4,0.028733839316599834,1.265116294419566,0.18601182856913587,1,557.7617217141881,3.7714936103727283
426,278,12.849442481994629,75.38869551384494,22.345951197857175,31,10,1318.9028146396367,0.5961092114448547,43,26,2,0.03177369361813611,1.7471574407228387,0.05224382088454519,1,557.7617217141881,1.617645609866692
465,279,21.467634201049805,75.4027092322772,22.362929356727037,33,10,1298.9653347118108,0.44731882214546204,39,28,3,0.031785772431492,2.4224849452883435,0.1981516094071277,1,550.5244165003874,8.399782598494818
338,280,7.507913589477539,75.36848341995224,22.3513410895619,29,40,1300.6844911000983,0.46050283312797546,41,30,3,0.03255873528459319,1.2571581781413212,0.1813809605845846,1,551.1484702693357,4.091831634409312
244,281,1.0023235082626343,75.41860941280612,22.294477732077127,35,40,1079.1490611465028,0.5829997062683105,37,28,3,0.03197882188612843,0.5193675748521631,0.0610440410330736,1,470.7311091961805,0.4772582763758549
567,282,1.8543341159820557,75.38276663296975,22.32708657689067,33,40,1318.9028146396367,0.16576039791107178,42,25,2,0.03134117165305953,0.6643390891346169,0.6720699971937646,1,557.7617217141881,7.804916274887767
343,283,11.479077339172363,75.42534677743703,22.309030439679866,30,10,1301.5499541205954,0.4374603033065796,41,29,4,0.030853107596550307,1.6294632763143422,0.21112505339369464,1,551.4626333457761,5.853280725805576
223,284,5.445931434631348,75.42076536948801,22.277769067792505,32,40,1079.1490611465028,0.5993874669075012,40,28,3,0.03169742154818681,1.0351674139955174,0.05016914697526136,1,470.7311091961805,0.7748972957376554
579,285,19.624231338500977,75.35420020693476,22.31819325557789,33,10,1318.9028146396367,0.2925398051738739,43,24,4,0.028383628671018773,2.284201971192384,0.437353198235676,1,557.7617217141881,15.815518382298865
466,286,29.546388626098633,75.39785832974297,22.303371053389917,28,10,1318.9028146396367,0.42417848110198975,45,27,4,0.02967043416218938,2.797927758284625,0.2291683325125936,1,557.7617217141881,10.611180668534736
440,287,17.20868682861328,75.38653955716305,22.316037298896,33,10,1318.9028146396367,0.5620086789131165,41,26,4,0.029473836945967745,2.099105388206568,0.07681921104347553,1,557.7617217141881,2.6508763378507774
274,288,3.4255690574645996,75.44528937674448,22.311186396361755,33,30,1301.5499541205954,0.25681206583976746,40,27,5,0.02890762224717049,0.8494820256425943,0.5010199531126414,1,551.4626333457761,6.784809795383398
538,289,18.86736488342285,75.41241103734569,22.33220697401015,30,30,1301.5499541205954,0.21238937973976135,44,26,2,0.031703611295929815,2.226753816873783,0.5831412503077388,1,551.4626333457761,22.702348913853918
334,290,12.504398345947266,75.37387331165698,22.312533869287932,27,30,1318.9028146396367,0.24444445967674255,46,27,3,0.030803116463862776,1.7179174260887375,0.5235834377735726,1,557.7617217141881,15.45366698469716
575,291,3.4258365631103516,75.41483648861282,22.34298675741958,27,30,1301.5499541205954,0.4615384340286255,45,28,3,0.031338952817124906,0.8495086230779928,0.1800923463225819,1,551.4626333457761,2.6440131986491107
347,292,11.895666122436523,75.44124695796594,22.349993616635714,33,10,1301.5499541205954,0.578251838684082,41,26,2,0.03193131945344525,1.6656984730220539,0.06443060697484737,1,551.4626333457761,1.889824893070957
234,293,4.868716716766357,75.35581717444617,22.290435313298595,39,40,1113.5601229445556,0.6022996306419373,36,25,2,0.03191931096675212,0.9782245936321249,0.0483682535906574,1,483.22232462887365,0.7297926449596513
230,294,2.2076942920684814,75.41052457524904,22.278308056962977,36,40,1079.1490611465028,0.5517060160636902,35,29,2,0.034024223438469926,0.712386234067933,0.08531899983219482,1,470.7311091961805,0.973469606541235
339,295,7.3788604736328125,75.37010038746368,22.33948332781152,34,30,1318.9028146396367,0.37556561827659607,39,27,2,0.03261360242966765,1.2440009420719962,0.30032243782028856,1,557.7617217141881,6.7960406606193775
239,296,2.7802884578704834,75.35554767986093,22.2950167212476,38,40,1113.5601229445556,0.6900498867034912,35,27,2,0.033040813608461624,0.781315268995993,0.011647644652434452,1,483.22232462887365,0.14529884016758285
371,297,19.125295639038086,75.38168865462882,22.315498309725527,29,30,1318.9028146396367,0.2894424498081207,44,27,3,0.030919515101249465,2.2463818391726136,0.4427760875983186,1,557.7617217141881,17.153356684349724
392,298,8.374798774719238,75.37683775209456,22.36131238921562,31,30,1300.6844911000983,0.2648785710334778,42,27,3,0.03105862647148713,1.3434781062299417,0.4864413400653949,1,551.1484702693357,11.186955787216547
382,299,8.35303020477295,75.37845471960597,22.33678838195916,31,30,1318.9028146396367,0.44388726353645325,43,26,3,0.030502655780190742,1.3413517018953351,0.20262605643737858,1,557.7617217141881,4.624069113144336
341,300,12.079544067382812,75.43154515289743,22.311725385532228,32,30,1301.5499541205954,0.3842709958553314,42,26,3,0.03057553800422461,1.6815606067024933,0.2870260748677687,1,551.4626333457761,8.138119723197322
460,301,20.50382423400879,75.37953269794693,22.35349704624378,29,10,1300.6844911000983,0.3635272979736328,45,26,4,0.029204404991453454,2.3504451049214956,0.31907835342484164,1,551.1484702693357,12.071588526078438
259,302,2.954939126968384,75.44501988215924,22.3055270100718,33,40,1301.5499541205954,0.5492348074913025,39,28,6,0.02838691872525302,0.8006219148820024,0.08743148537191418,1,551.4626333457761,1.0957959095043015
225,303,2.7292492389678955,75.43235363665315,22.28908784037241,36,40,1079.1490611465028,0.6002429723739624,36,28,3,0.03208346920728807,0.7755372861436677,0.04963599510649736,1,470.7311091961805,0.5813713672908489
359,304,3.5300190448760986,75.43154515289743,22.355922497510903,32,30,1298.9653347118108,0.2724922299385071,40,28,2,0.03301824496905152,0.8597748947457258,0.4727864219920248,1,550.5244165003874,7.38890913326582
573,305,4.733843803405762,75.40567367271481,22.350532605806187,30,30,1298.9653347118108,0.6657842397689819,43,27,3,0.03098626133528859,0.9672426191368773,0.018608101038257184,1,550.5244165003874,0.307031719292161
469,306,24.528152465820312,75.38303612755499,22.347837659953832,31,10,1318.9028146396367,0.46477052569389343,43,26,3,0.030502655780190742,2.648598179499087,0.17609793488291645,1,557.7617217141881,7.935178471636476
569,307,5.547544956207275,75.40001428642483,22.331128995669204,30,10,1318.9028146396367,0.5914742350578308,43,27,2,0.032277450892598966,1.0467849577688695,0.05526297893145379,1,557.7617217141881,1.0414530591665345
291,308,8.347829818725586,75.36309352824753,22.30741347216845,34,30,1318.9028146396367,0.3993288576602936,41,25,3,0.030166274460611205,1.340843418701035,0.26458071044096465,1,557.7617217141881,5.969069382629136
380,309,9.247814178466797,75.3733343224865,22.3513410895619,31,30,1300.6844911000983,0.3730137348175049,40,29,2,0.033511166286727415,1.427187501223859,0.30426308539014607,1,551.1484702693357,8.020260006167884
387,310,15.127054214477539,75.3846530950664,22.306874482997976,35,30,1318.9028146396367,0.2978322505950928,40,25,3,0.030250615265628278,1.9345879184621078,0.4281326437903996,1,557.7617217141881,13.974932927443879
345,311,9.645212173461914,75.35851212029851,22.337596865714865,33,30,1318.9028146396367,0.45876288414001465,39,28,3,0.031785772431492,1.464353238885093,0.18355552320949856,1,557.7617217141881,4.7653497938567675
229,312,0.9274099469184875,75.44232493630687,22.292052280810005,35,40,1079.1490611465028,0.42473116517066956,37,28,3,0.03197882188612843,0.5034748895187708,0.22840488637298398,1,470.7311091961805,1.7310856911353558
280,313,5.446464538574219,75.42022638031753,22.303371053389917,29,30,1301.5499541205954,0.3055778741836548,42,29,5,0.0296408124844222,1.035228580305742,0.4147445199951652,1,551.4626333457761,7.018157398361976
358,314,18.86733627319336,75.42723323953368,22.310647407191283,34,10,1301.5499541205954,0.4345637559890747,40,26,4,0.029554558044904502,2.2267516366745914,0.21500543478242462,1,551.4626333457761,7.803003069936545
586,315,1.0027525424957275,75.38519208423688,22.354305529999493,29,40,1300.6844911000983,0.28005096316337585,45,26,3,0.030373756063395554,0.5194565055600832,0.4593354955298529,1,551.1484702693357,3.994351721685351
582,316,1.8543341159820557,75.39624136223154,22.352688562488076,30,40,1300.6844911000983,0.5510616898536682,44,26,3,0.030435376949588727,0.6643390891346169,0.08586705353404069,1,551.1484702693357,0.9568936193414631
546,317,24.977535247802734,75.40944659690811,22.308491450509393,29,10,1301.5499541205954,0.3628995418548584,45,26,4,0.029204404991453454,2.6815826914575807,0.3200678245033441,1,551.4626333457761,13.822852202080162
246,318,2.1075572967529297,75.4178009290504,22.29393874290666,34,30,1079.1490611465028,0.337837815284729,38,28,5,0.029518332743616826,0.699268675042577,0.3604478256787037,1,470.7311091961805,3.502282775449627
327,319,5.636322021484375,75.36767493619655,22.344873219516238,35,40,1318.9028146396367,0.5661193132400513,37,28,3,0.03197882188612843,1.0568682253208226,0.0735667464384832,1,557.7617217141881,1.3867991173050602
470,320,27.7985782623291,75.3531222285938,22.32061870684501,32,10,1318.9028146396367,0.40762829780578613,42,26,4,0.029398418583570066,2.797927758284625,0.2525215950534951,1,557.7617217141881,11.585310985154502
536,321,39.20319366455078,75.392198943453,22.344873219516238,33,30,1318.9028146396367,0.23842935264110565,42,25,4,0.028929107810425757,2.797927758284625,0.5346453580484793,1,557.7617217141881,24.13715300552531
360,322,7.445197582244873,75.36740544161131,22.34891563829477,29,30,1318.9028146396367,0.3037736117839813,43,28,3,0.031465490695431426,1.250774707465497,0.4178516402096842,1,557.7617217141881,9.172430223920768
459,323,23.670101165771484,75.4229213261699,22.3303205119135,35,10,1301.5499541205954,0.5273822546005249,39,26,4,0.02964054861738372,2.585504846653447,0.1073404526664874,1,551.4626333457761,4.536397544789012
566,324,1.3656024932861328,75.38303612755499,22.327895060646377,34,40,1318.9028146396367,0.18636693060398102,41,25,3,0.030166274460611205,0.5877823796184402,0.6324775765997289,1,557.7617217141881,6.255068640289134
253,325,5.636263370513916,75.3606680769804,22.298250656270433,35,40,1113.5601229445556,0.5171597599983215,38,27,5,0.029077391889432647,1.0568615839489193,0.11740135448495613,1,483.22232462887365,1.7433864225034619
532,326,8.147605895996094,75.41941789656184,22.337866360300104,28,10,1301.5499541205954,0.48188522458076477,46,26,3,0.030317855206144908,1.3211851415400544,0.1556495066363472,1,551.4626333457761,3.438159293261395
220,327,2.7292346954345703,75.43558757167597,22.287740367446233,37,40,1079.1490611465028,0.4452032744884491,35,28,3,0.03219350606569237,0.775535630574811,0.20090483429271838,1,470.7311091961805,2.3612029633909475
554,328,27.715173721313477,75.40082277018055,22.356461486681376,32,10,1298.9653347118108,0.456148236989975,41,27,3,0.031136560258307147,2.797927758284625,0.18684559858674876,1,550.5244165003874,8.961208605751809
323,329,8.802811622619629,75.37306482790126,22.3122643747027,27,30,1318.9028146396367,0.2513931691646576,46,27,3,0.030803116463862776,1.3848903895369242,0.5108754912289295,1,557.7617217141881,12.15552815827107
390,330,6.60037899017334,75.36471049575894,22.364546324238454,30,30,1300.6844911000983,0.29879552125930786,43,27,3,0.03098626133528859,1.1627289778489347,0.4264606997938053,1,551.1484702693357,8.468281711934358
535,331,31.607486724853516,75.37926320336169,22.3551140137552,32,30,1300.6844911000983,0.2911883592605591,45,23,4,0.027776760810650947,2.797927758284625,0.4397169348878548,1,551.1484702693357,18.83475148799863
566,332,3.529343366622925,75.41887890739136,22.319001739333594,36,40,1301.5499541205954,0.45525631308555603,40,24,4,0.028611858506668832,0.8597088965749463,0.18797403235421553,1,551.4626333457761,2.549831240950204
582,333,4.409729957580566,75.40917710232287,22.3122643747027,35,10,1301.5499541205954,0.5454816222190857,42,23,3,0.02909375832990205,0.9400743913497052,0.09069417753406639,1,551.4626333457761,1.3679100687327657
489,334,31.35340690612793,75.41268053193093,22.327356071475904,35,10,1301.5499541205954,0.3492896556854248,40,25,4,0.02908600495816616,2.797927758284625,0.3417881524864762,1,551.4626333457761,15.338880557455372
243,335,2.004061698913574,75.42130435865849,22.296364194173783,33,40,1079.1490611465028,0.45466890931129456,35,32,5,0.03152596086193707,0.6853134291586302,0.18871888636108736,1,470.7311091961805,1.9193131542390758
359,336,6.3002729415893555,75.36174605532136,22.3198102230893,26,10,1318.9028146396367,0.4816955626010895,49,25,3,0.029693720931871132,1.1304458004805145,0.1558695224430766,1,557.7617217141881,2.9182619881232323
343,337,2.208587408065796,75.37144786038985,22.34702917619812,34,10,1318.9028146396367,0.6926546096801758,38,28,2,0.03320799597677619,0.7125016117730836,0.011027789191938205,1,557.7617217141881,0.1455344069215588
474,338,31.78973388671875,75.35446970151997,22.315228815140294,29,10,1318.9028146396367,0.41452059149742126,45,26,4,0.029204404991453454,2.797927758284625,0.24268183909306149,1,557.7617217141881,11.060400235882726
499,339,24.446897506713867,75.40324822144768,22.356730981266615,29,10,1298.9653347118108,0.5107526779174805,43,28,3,0.031465490695431426,2.642630303395583,0.12394566409052653,1,550.5244165003874,5.673862979727374
415,340,18.798227310180664,75.4380130229431,22.31792376099265,31,30,1301.5499541205954,0.35423991084098816,43,26,4,0.02932834223269267,2.221483303446708,0.33382931833199375,1,551.4626333457761,11.994195817462922
299,341,9.357982635498047,75.37225634414554,22.309569428850338,28,10,1318.9028146396367,0.5093193650245667,45,27,3,0.03085844514898048,1.4375462529647243,0.12543458119464543,1,557.7617217141881,3.103572226734291
215,342,2.954876661300659,75.43612656084645,22.279655529889155,36,40,1079.1490611465028,0.4676854610443115,35,29,3,0.03266315802641099,0.8006151329502211,0.17253121403330748,1,470.7311091961805,2.123843665615556
372,343,13.860342979431152,75.44744533342634,22.34541220868671,34,10,1301.5499541205954,0.6148483157157898,40,26,2,0.03201877095158267,1.8314658860628839,0.04105842097228273,1,551.4626333457761,1.3277668594505507
554,344,3.0054514408111572,75.44501988215924,22.337866360300104,33,40,1301.5499541205954,0.47385740280151367,40,27,2,0.03252094932393465,0.8060783589956998,0.1650922517440398,1,551.4626333457761,2.3866199011957683
276,345,4.003715991973877,75.44609786050017,22.313342353043637,33,40,1301.5499541205954,0.39313647150993347,39,28,5,0.029431471460504434,0.9043203877690207,0.2737243032361481,1,551.4626333457761,4.017572725481511
542,346,20.878137588500977,75.41187204817521,22.331398490254443,30,30,1301.5499541205954,0.3209346830844879,44,26,2,0.031703611295929815,2.3784853397177503,0.3885922125355162,1,551.4626333457761,16.159182911395455
418,347,0.9274099469184875,75.37683775209456,22.346759681612888,29,40,1318.9028146396367,0.21006663143634796,45,26,2,0.03163942268322379,0.5034748895187708,0.587511701504185,1,557.7617217141881,5.220013096807558
214,348,6.763265609741211,75.42049587490277,22.27507412194015,33,40,1079.1490611465028,0.5319648385047913,38,29,3,0.032351375955419405,1.1800190007222884,0.10298383721935787,1,470.7311091961805,1.8506475954206503
578,349,13.783913612365723,75.42022638031753,22.324122136453077,33,10,1301.5499541205954,0.581728458404541,41,26,3,0.030653976135144863,1.825158198421592,0.06194039183414963,1,551.4626333457761,1.9110733982176007
209,350,2.729100465774536,75.40432619978861,22.27507412194015,36,40,1079.1490611465028,0.6172947883605957,36,28,3,0.03208346920728807,0.7755203502401045,0.03971785516789787,1,470.7311091961805,0.46519304118305715
219,351,6.211032867431641,75.35473919610521,22.28315895949722,39,60,1113.5601229445556,-0.06878308206796646,37,24,2,0.03129592732344618,1.1207344349945263,1.1373635340125172,1,483.22232462887365,19.27688385419716
367,352,19.305757522583008,75.43882150669882,22.356191992096143,36,30,1298.9653347118108,0.2682170569896698,36,28,3,0.03208346920728807,2.2600830835716055,0.480440994827389,1,550.5244165003874,19.17884150914061
375,353,4.86993408203125,75.38303612755499,22.342447768249116,28,10,1318.9028146396367,0.442124605178833,44,28,3,0.0313993757023247,0.9783228963822213,0.20494165458219818,1,557.7617217141881,3.511415122818239
578,354,4.733850479125977,75.39704984598725,22.3551140137552,31,10,1300.6844911000983,0.3667871057987213,43,26,3,0.030502655780190742,0.9672431672341532,0.3139582139277372,1,551.1484702693357,5.105211988146989
504,355,34.60190200805664,75.43747403377265,22.337057876544392,33,30,1301.5499541205954,0.4290502965450287,40,27,3,0.031220019138939386,2.797927758284625,0.2224761161318823,1,551.4626333457761,10.716899214706839
487,356,14.85225772857666,75.40702114564098,22.360773400045147,32,30,1298.9653347118108,0.19821709394454956,41,27,3,0.031136560258307147,1.9124328594162303,0.6099118698103577,1,550.5244165003874,19.994037441975276
562,357,1.002618670463562,75.40917710232287,22.335440909032982,32,40,1301.5499541205954,0.4691135585308075,43,25,3,0.03001413780555057,0.5194287588605333,0.17079624099500906,1,551.4626333457761,1.4684063773264266
550,358,7.552319526672363,75.4431334200626,22.34056130615246,31,30,1301.5499541205954,0.3940246105194092,43,26,2,0.03177369361813611,1.2616660518694014,0.27240534867472754,1,551.4626333457761,6.022042858062216
268,359,4.090269565582275,75.36282403366229,22.3055270100718,33,40,1318.9028146396367,0.5720992684364319,40,27,3,0.031220019138939386,0.9121162129881011,0.06897706238150127,1,557.7617217141881,1.0955614470483728
564,360,28.002214431762695,75.37010038746368,22.333284952351093,34,30,1318.9028146396367,0.21040523052215576,39,27,3,0.03130896585772835,2.797927758284625,0.5868741697313402,1,557.7617217141881,28.6747025250469
258,361,9.965779304504395,75.35393071234952,22.300676107537555,33,30,1318.9028146396367,0.27419790625572205,42,25,4,0.028929107810425757,1.4939435204868754,0.4697417983292015,1,557.7617217141881,11.323407352740425
228,362,0.9274099469184875,75.39031248135635,22.284236937838166,37,40,1113.5601229445556,0.43494826555252075,34,29,3,0.03277783947746593,0.5034748895187708,0.2144885518777148,1,483.22232462887365,1.7104455231000897
390,363,14.803229331970215,75.35851212029851,22.3303205119135,35,10,1318.9028146396367,0.6298039555549622,38,27,3,0.03140336910232677,1.9084680078312728,0.03328851391851254,1,557.7617217141881,1.1127670094944089
348,364,6.300577163696289,75.4417859471364,22.349724122050482,31,10,1301.5499541205954,0.545830488204956,44,25,2,0.031194284699356555,1.130478817273141,0.09038814693630716,1,551.4626333457761,1.7577820844835665
473,365,25.39067840576172,75.42049587490277,22.329242533572554,34,10,1301.5499541205954,0.5692874193191528,38,28,4,0.030652258518438693,2.711881157269708,0.07111423144121226,1,551.4626333457761,3.2599110073665103
241,366,4.409190654754639,75.38330562214023,22.291513291639532,32,40,1113.5601229445556,0.556769847869873,42,26,3,0.03057553800422461,0.9400282197433927,0.08107923498157807,1,483.22232462887365,1.1260861875153365
557,367,13.648222923278809,75.40324822144768,22.35565300292567,33,10,1298.9653347118108,0.5301651358604431,41,26,4,0.029473836945967745,1.8139339379433108,0.10468339254376273,1,550.5244165003874,3.081147696035577
232,368,1.3654240369796753,75.42480778826655,22.29393874290666,38,40,1079.1490611465028,0.559845507144928,36,26,5,0.0288226848902294,0.5877516423237882,0.07856263257863788,1,470.7311091961805,0.6264944290224356
247,369,4.003128528594971,75.36740544161131,22.292860764565717,38,30,1113.5601229445556,0.2671641707420349,36,26,2,0.03242539516672407,0.9042671360789679,0.48233122839110276,1,483.22232462887365,6.833990903256066
562,370,1.8543341159820557,75.42103486407325,22.324930620208782,33,40,1301.5499541205954,0.42014551162719727,41,26,3,0.030653976135144863,0.6643390891346169,0.2347718259533465,1,551.4626333457761,2.6365662574933615
356,371,11.316831588745117,75.38573107340736,22.31010841802081,32,10,1318.9028146396367,0.5522831678390503,42,26,4,0.029398418583570066,1.6152345777069437,0.08482972687835287,1,557.7617217141881,2.2467582602524763
529,372,4.004128932952881,75.40567367271481,22.327895060646377,33,10,1301.5499541205954,0.5773085951805115,41,26,3,0.030653976135144863,0.904357816788378,0.06511604683295383,1,551.4626333457761,0.9954769967251044
504,373,30.05167007446289,75.3838446113107,22.364815818823686,34,10,1300.6844911000983,0.37245413661003113,40,26,3,0.03073792932539105,2.797927758284625,0.3051297875805466,1,551.1484702693357,14.463197533364912
496,374,20.93514633178711,75.42049587490277,22.33274596318062,28,30,1301.5499541205954,0.35024356842041016,44,28,3,0.0313993757023247,2.3827487374768137,0.34024936771814596,1,551.4626333457761,14.03824050646681
432,375,11.317418098449707,75.35177475566763,22.3198102230893,30,10,1318.9028146396367,0.6209652423858643,44,26,4,0.029263653551709273,1.6152861347626841,0.03775788510663726,1,557.7617217141881,0.995484216099858
211,376,1.0022060871124268,75.40190074852148,22.278038562377745,36,10,1079.1490611465028,0.6183767318725586,36,28,3,0.03208346920728807,0.5193432316840345,0.0391337274243679,1,470.7311091961805,0.3069445417729548
359,377,19.364704132080078,75.37926320336169,22.316845782651704,29,10,1318.9028146396367,0.4701670706272125,45,26,4,0.029204404991453454,2.2645530297857825,0.1695216182728749,1,557.7617217141881,6.253233604699311
571,378,7.95501184463501,75.39058197594159,22.335979898203455,35,40,1318.9028146396367,0.5992427468299866,41,24,3,0.029672862802105557,1.3021090360154626,0.0502596745972514,1,557.7617217141881,1.0831165196754382
226,379,2.107527017593384,75.44232493630687,22.28504542159388,39,40,1079.1490611465028,0.38312429189682007,32,29,1,0.035888744213019255,0.699264652856349,0.2887643846602476,1,470.7311091961805,3.4112721282036076
352,380,17.660417556762695,75.36363251741801,22.344334230345765,33,10,1318.9028146396367,0.4997716546058655,40,27,3,0.031220019138939386,2.1341340320811466,0.13558262163375742,1,557.7617217141881,5.038573399643527
229,381,0.0,75.42804172328937,22.290974302469067,37,40,1079.1490611465028,0.3023386597633362,36,27,5,0.029267280784902386,0.16531147321376102,0.4203277960877856,1,470.7311091961805,0.9572963024747683
483,382,23.106294631958008,75.3846530950664,22.360503905459915,33,10,1300.6844911000983,0.5162612795829773,39,28,4,0.03056206052086445,2.543942654636601,0.11830806594371611,1,551.1484702693357,5.069590843872177
263,383,5.3289971351623535,75.4010922647658,22.29555571041807,35,40,1079.1490611465028,0.5274666547775269,39,26,5,0.028544049250562385,1.0216946234335296,0.10725935092645532,1,470.7311091961805,1.4724642352411488
372,384,19.42872428894043,75.41483648861282,22.305257515486566,29,10,1301.5499541205954,0.4013029634952545,43,28,3,0.031465490695431426,2.269404707591503,0.2616918079352969,1,551.4626333457761,10.305111097289391
358,385,10.921712875366211,75.42534677743703,22.36212087297133,31,10,1298.9653347118108,0.6099128127098083,40,29,2,0.033511166286727415,1.5802962208541396,0.04384656328854236,1,550.5244165003874,1.2783217800210123
260,386,10.796003341674805,75.36174605532136,22.297442172514728,37,30,1113.5601229445556,0.22327792644500732,35,28,2,0.03353500120108293,1.5690919328847113,0.5627478595345857,1,483.22232462887365,14.308943138941338
655,387,27.28044891357422,75.42858071245985,22.318732244748354,32,10,1301.5499541205954,0.5748614072799683,42,26,5,0.028310876386610607,2.797927758284625,0.0669139199468556,1,551.4626333457761,2.9229566418529984
296,388,8.02064323425293,75.35635616361662,22.304718526316094,30,30,1318.9028146396367,0.3369743525981903,42,28,5,0.02920134501719335,1.3086284853860475,0.3618684384193711,1,557.7617217141881,7.712916636276485
223,389,4.764505386352539,75.44340291464783,22.27911654071869,38,30,1079.1490611465028,0.31529656052589417,36,26,2,0.03242539516672407,0.9697552453314977,0.39813162165416643,1,470.7311091961805,5.8931431164183
237,390,1.002293586730957,75.4178009290504,22.290165818713355,34,40,1079.1490611465028,0.5933083295822144,39,27,6,0.027961097094324677,0.5193613718315485,0.05405623301978959,1,470.7311091961805,0.36952389872807734
247,391,3.4254133701324463,75.38303612755499,22.292591269980477,32,30,1113.5601229445556,0.20083461701869965,42,26,3,0.03057553800422461,0.8494665454617822,0.6049491330661917,1,483.22232462887365,7.592525098901854
384,392,18.71211051940918,75.43316212040887,22.343795241175293,31,10,1301.5499541205954,0.6308316588401794,45,24,3,0.02938963161642297,2.214912810649898,0.032791607999273165,1,551.4626333457761,1.177143967865738
274,393,3.004711151123047,75.42426879909607,22.303371053389917,30,40,1301.5499541205954,0.3413378894329071,43,27,5,0.028691178360470974,0.8059987874052371,0.3547087493459441,1,551.4626333457761,4.523460112449563
404,394,15.36182689666748,75.36524948492942,22.348376649124305,29,30,1318.9028146396367,0.3072468042373657,42,29,3,0.032011859195646995,1.9534280217677686,0.41187677260576333,1,557.7617217141881,14.365618151100044
228,395,5.039157867431641,75.39489388930537,22.2807335082301,40,40,1113.5601229445556,0.2157258242368698,34,26,2,0.032662516686708394,0.9918496677467055,0.5768756237121085,1,483.22232462887365,9.030767782908692
566,396,2.004563808441162,75.44232493630687,22.331398490254443,37,40,1301.5499541205954,0.3971039950847626,38,25,3,0.03043568169843624,0.6853821610586173,0.26785172939784463,1,551.4626333457761,3.081246016567263
593,397,6.270024299621582,75.40567367271481,22.32034921225977,33,10,1301.5499541205954,0.38229861855506897,41,26,3,0.030653976135144863,1.127159934679553,0.29001852761485686,1,551.4626333457761,5.526042133298786
545,398,16.661344528198242,75.41995688573229,22.340022316981987,26,10,1301.5499541205954,0.5500326752662659,47,27,2,0.03203509687368014,2.056365735755004,0.08674632826222005,1,551.4626333457761,3.1513278829910134
361,399,12.16279411315918,75.37117836580461,22.3198102230893,29,10,1318.9028146396367,0.37541165947914124,47,24,4,0.028154519415181465,1.688716502783152,0.3005596369306617,1,557.7617217141881,7.970475469154944
291,400,7.3788604736328125,75.40971609149335,22.3017540858785,28,30,1301.5499541205954,0.47134578227996826,44,28,4,0.030190539575531843,1.2440009420719962,0.16810084199984987,1,551.4626333457761,3.4815894951882447
581,401,12.805936813354492,75.43235363665315,22.324122136453077,36,30,1301.5499541205954,0.3726164996623993,38,26,3,0.03092224840606109,1.7434843216357687,0.30487822609022025,1,551.4626333457761,9.064244467270496
290,402,13.465024948120117,75.36390201200325,22.30768296675369,34,30,1318.9028146396367,0.41126006841659546,41,25,3,0.030166274460611205,1.7987266106910884,0.24731667077606972,1,557.7617217141881,7.484950549912006
219,403,4.733730316162109,75.41941789656184,22.275613111110623,33,30,1079.1490611465028,0.29694607853889465,38,29,3,0.032351375955419405,0.9672333014135234,0.4296724877412798,1,470.7311091961805,6.328990505134083
484,404,28.27336883544922,75.42103486407325,22.33301545776586,28,10,1301.5499541205954,0.49129271507263184,44,28,3,0.0313993757023247,2.797927758284625,0.14492570806028818,1,551.4626333457761,7.021324280855918
306,405,13.682281494140625,75.40971609149335,22.302293075048972,28,30,1301.5499541205954,0.4017796218395233,44,28,4,0.030190539575531843,1.8167543688921721,0.26099617338156045,1,551.4626333457761,7.894367110810117
331,406,4.20977783203125,75.36794443078179,22.345681703271943,33,10,1318.9028146396367,0.7194307446479797,39,28,3,0.031785772431492,0.9227214436254918,0.005926243228315895,1,557.7617217141881,0.09694637203778883
389,407,18.59449005126953,75.37090887121937,22.322774663526893,31,10,1318.9028146396367,0.546068012714386,44,25,4,0.028793525498230874,2.2059284490812296,0.090180109794371,1,557.7617217141881,3.1948151179287816
601,408,29.855220794677734,75.43316212040887,22.32007971767454,29,30,1301.5499541205954,0.24034585058689117,45,26,3,0.030373756063395554,2.797927758284625,0.5311148260715199,1,551.4626333457761,24.89083769501807
475,409,22.744335174560547,75.41833991822088,22.331128995669204,30,10,1301.5499541205954,0.5390835404396057,43,27,3,0.03098626133528859,2.5172061841487925,0.09640655114985987,1,551.4626333457761,4.146776287077901
385,410,19.140487670898438,75.38950399760066,22.30148459129326,31,10,1318.9028146396367,0.5093609094619751,42,27,3,0.03105862647148713,2.247536252605463,0.1253912975169025,1,557.7617217141881,4.882081821124231
477,411,22.896045684814453,75.38869551384494,22.348107154539065,31,10,1318.9028146396367,0.5475086569786072,44,25,3,0.029946424861056514,2.5284179700146834,0.0889239238270017,1,557.7617217141881,3.7554429950708443
305,412,11.923818588256836,75.44744533342634,22.316306793481232,32,30,1301.5499541205954,0.4278872609138489,42,26,4,0.029398418583570066,1.6681321431481573,0.2240660321044231,1,551.4626333457761,6.059635955793105
315,413,1.3656641244888306,75.35985959322471,22.33948332781152,34,40,1318.9028146396367,0.5898558497428894,38,28,2,0.03320799597677619,0.5877929944109904,0.056340911976953005,1,557.7617217141881,0.6133941813473566
247,414,6.540801048278809,75.37252583873078,22.290704807883827,38,40,1113.5601229445556,0.3359801471233368,37,25,3,0.03053636067658856,1.1563648790727066,0.36350648617182824,1,483.22232462887365,6.202565001254074
271,415,2.2080302238464355,75.37387331165698,22.30417953714562,32,40,1318.9028146396367,0.6223304867744446,41,27,3,0.031136560258307147,0.7124296348806358,0.03704450378272622,1,557.7617217141881,0.4583371895427447
408,416,3.837367057800293,75.44070796879546,22.35295805707331,32,40,1298.9653347118108,0.28452685475349426,39,29,2,0.033602464983586454,0.8890522717562113,0.45142185676178864,1,550.5244165003874,7.424335707983132
375,417,10.516860961914062,75.3531222285938,22.327625566061137,33,30,1318.9028146396367,0.2707303762435913,41,26,3,0.030653976135144863,1.5440532437911973,0.475936940825949,1,557.7617217141881,12.564557779904879
371,418,15.650532722473145,75.37953269794693,22.340022316981987,30,10,1318.9028146396367,0.4331408143043518,44,26,3,0.030435376949588727,1.9764890870442726,0.21692294265345202,1,557.7617217141881,7.278255528947796
227,419,2.0038628578186035,75.40082277018055,22.28261997032675,37,30,1079.1490611465028,0.36194029450416565,36,27,3,0.031608447711011636,0.6852862076962685,0.32158193860446205,1,470.7311091961805,3.2789871049569683
552,420,5.547544956207275,75.41106356441952,22.318732244748354,33,10,1301.5499541205954,0.5817624926567078,42,25,3,0.03008743592011844,1.0467849577688695,0.06191629531164348,1,551.4626333457761,1.0753843324750134
554,421,4.410075664520264,75.40486518895909,22.325469609379255,34,10,1301.5499541205954,0.5317172408103943,40,26,3,0.03073792932539105,0.940103986779459,0.10321678025102174,1,551.4626333457761,1.6448144020160427
362,422,21.10051727294922,75.41375851027186,22.304718526316094,31,30,1301.5499541205954,0.22270610928535461,42,27,4,0.029862908757758225,2.395105676755887,0.5638148524228186,1,551.4626333457761,22.238699677945736
222,423,2.107515573501587,75.41726193987995,22.28154199198581,34,40,1079.1490611465028,0.5592814087867737,38,28,4,0.030652258518438693,0.6992631326509832,0.07902087772285464,1,470.7311091961805,0.7972928344057459
557,424,2.1076643466949463,75.42911970163033,22.325200114794015,33,60,1301.5499541205954,0.12999823689460754,40,27,3,0.031220019138939386,0.6992828949358173,0.7416736807020682,1,551.4626333457761,8.929250940664579
407,425,6.300636291503906,75.42103486407325,22.35565300292567,32,10,1298.9653347118108,0.6258515119552612,40,28,2,0.03301824496905152,1.1304852342598941,0.03524360138406605,1,550.5244165003874,0.7242287237048679
576,426,25.175199508666992,75.3900429867711,22.315228815140294,33,10,1318.9028146396367,0.4731002748012543,41,26,4,0.029473836945967745,2.6960813784777473,0.1659964865090782,1,557.7617217141881,7.357279842858127
312,427,5.039331912994385,75.37090887121937,22.311725385532228,28,30,1318.9028146396367,0.31517064571380615,45,27,3,0.03085844514898048,0.9918634413733791,0.39834549922325135,1,557.7617217141881,6.800401326034764
217,428,1.3653334379196167,75.368213925367,22.27669108945156,37,40,1113.5601229445556,0.5427873134613037,35,28,2,0.03353500120108293,0.5877360366305419,0.09307666105886325,1,483.22232462887365,0.8864789591192174
564,429,10.933969497680664,75.39273793262348,22.33301545776586,31,30,1318.9028146396367,0.27879270911216736,42,27,2,0.03235283146545061,1.5813863041079983,0.46156711080712787,1,557.7617217141881,13.171457351449062
237,430,1.002293586730957,75.35446970151997,22.290165818713355,41,40,1113.5601229445556,0.5471456050872803,32,27,2,0.03342019732926993,0.5193613718315485,0.08923958280014326,1,483.22232462887365,0.7484851299009017
224,431,2.2076547145843506,75.38923450301542,22.275343616525383,38,40,1113.5601229445556,0.45614033937454224,35,27,1,0.03447140602039913,0.7123811205824317,0.1868555768063569,1,483.22232462887365,2.217299982219626
460,432,16.557756423950195,75.3897734921859,22.341908779078643,33,10,1318.9028146396367,0.616847813129425,42,25,4,0.028929107810425757,2.0482382709385853,0.03996073310088924,1,557.7617217141881,1.3206802083601459
565,433,2.72981333732605,75.41887890739136,22.34271726283435,26,30,1301.5499541205954,0.30765998363494873,47,27,2,0.03203509687368014,0.7756014964437831,0.4111677437594775,1,551.4626333457761,5.6337790059536434
365,434,16.509807586669922,75.36255453907705,22.346490187027648,33,30,1318.9028146396367,0.30795150995254517,39,28,3,0.031785772431492,2.044471913750929,0.4106677015999232,1,557.7617217141881,14.885148514349813
565,435,8.521522521972656,75.38222764379927,22.32870354440208,34,30,1318.9028146396367,0.20957402884960175,41,25,3,0.030166274460611205,1.3577585551657727,0.5884394584650837,1,557.7617217141881,13.442954204723648
377,436,13.8959379196167,75.37252583873078,22.351880078732364,31,30,1300.6844911000983,0.5248715877532959,42,27,3,0.03105862647148713,1.8343999974878753,0.10976776819609728,1,551.1484702693357,3.4468289137449
556,437,2.1076500415802,75.40944659690811,22.321157696015483,35,40,1301.5499541205954,0.3404947817325592,39,26,2,0.03211193128373936,0.699280994752361,0.35608833041980864,1,551.4626333457761,4.409526760098639
572,438,1.0026805400848389,75.4178009290504,22.344064735760526,28,30,1301.5499541205954,0.3409152626991272,45,27,3,0.03085844514898048,0.519441582410883,0.3554000672378813,1,551.4626333457761,3.141552693227279
248,439,0.9274099469184875,75.36740544161131,22.294208237491894,41,40,1113.5601229445556,-0.014440442435443401,34,25,2,0.03215719021700887,0.5034748895187708,1.0288789061339436,1,483.22232462887365,8.049467729699376
210,440,3.704791784286499,75.40297872686244,22.275882605695855,35,40,1079.1490611465028,0.4700854420661926,37,28,3,0.03197882188612843,0.8766006888617621,0.16962021867802618,1,470.7311091961805,2.2382819214955743
439,441,22.85178565979004,75.38519208423688,22.303910042560382,34,30,1318.9028146396367,0.4053439497947693,41,25,4,0.02900491116713541,2.5251478917105064,0.25581807193249173,1,557.7617217141881,10.450529267700691
241,442,4.089976787567139,75.38249713838451,22.286931883690528,36,40,1113.5601229445556,0.39094647765159607,36,28,3,0.03208346920728807,0.9120900080919065,0.2769872916974304,1,483.22232462887365,3.9167500256360497
270,443,3.8372654914855957,75.41214154276045,22.298520150855666,29,40,1079.1490611465028,0.5662727355957031,43,28,5,0.02913491227527449,0.8890428310052714,0.07344689061767551,1,470.7311091961805,0.8955353096665039
464,444,22.097152709960938,75.35231374483811,22.321696685185948,34,10,1318.9028146396367,0.3292175531387329,41,25,4,0.02900491116713541,2.4692787434424583,0.37471384280747955,1,557.7617217141881,14.968907366505741
310,445,7.220357894897461,75.37737674126504,22.310916901776515,28,10,1318.9028146396367,0.4105457663536072,45,27,3,0.03085844514898048,1.2277237926310858,0.24833687219133016,1,557.7617217141881,5.24764714212182
243,446,2.7802884578704834,75.41375851027186,22.292052280810005,35,40,1079.1490611465028,0.548428475856781,37,28,5,0.029610222174423502,0.781315268995993,0.08812691971349193,1,470.7311091961805,0.9597308799743565
364,447,7.448703289031982,75.36228504449181,22.361851378386092,31,40,1300.6844911000983,0.5317829251289368,42,27,3,0.03105862647148713,1.2511320557080836,0.10315495633816452,1,551.1484702693357,2.2092461308765388
428,448,14.917180061340332,75.41726193987995,22.359964916289442,34,40,1298.9653347118108,0.1961648017168045,38,28,2,0.03320799597677619,1.9176773765717934,0.6138085622768598,1,550.5244165003874,21.51928018104466
556,449,6.763490676879883,75.42642475577796,22.32897303898732,34,40,1301.5499541205954,0.36549219489097595,40,26,3,0.03073792932539105,1.1800427819862545,0.31598849177500465,1,551.4626333457761,6.320620520754852
349,450,9.359603881835938,75.36093757156564,22.336518887373927,34,30,1318.9028146396367,0.37437811493873596,38,28,2,0.03320799597677619,1.4376983699403652,0.30215380187312324,1,557.7617217141881,8.046133189614045
573,451,6.54082727432251,75.40675165105574,22.314959320555054,33,10,1301.5499541205954,0.554531991481781,43,24,4,0.028383628671018773,1.1563676853296485,0.08293814197522871,1,551.4626333457761,1.5011851357622539
568,452,10.285650253295898,75.40782962939667,22.31846275016312,33,10,1301.5499541205954,0.43156251311302185,43,24,4,0.028383628671018773,1.5231420186569222,0.21905842725176283,1,551.4626333457761,5.222571221244143
571,453,7.445178508758545,75.37980219253217,22.32897303898732,34,40,1318.9028146396367,0.28890958428382874,40,26,3,0.03073792932539105,1.2507727630716734,0.443710988948384,1,557.7617217141881,9.514849291488359
455,454,17.50712776184082,75.40756013481146,22.354305529999493,31,10,1298.9653347118108,0.5641272664070129,40,29,4,0.030932096384061147,2.1222712395707934,0.07513300589779962,1,550.5244165003874,2.7152985832929866
430,455,12.839225769042969,75.41348901568665,22.35969542170421,34,30,1298.9653347118108,0.1928306370973587,39,27,3,0.03130896585772835,1.7462952074988685,0.6201494770982287,1,550.5244165003874,18.66634774528927
390,456,19.94206428527832,75.40405670520337,22.307143977583216,30,10,1301.5499541205954,0.6092825531959534,43,27,4,0.02979332958749055,2.308198736486864,0.044210694243562644,1,551.4626333457761,1.6766239476655882
416,457,17.59819793701172,75.37252583873078,22.321427190600716,31,10,1318.9028146396367,0.3716626763343811,44,25,4,0.028793525498230874,2.1293218669837626,0.3063571629480875,1,557.7617217141881,10.476420038792744
571,458,1.0027304887771606,75.41645345612423,22.35107159497666,29,40,1298.9653347118108,0.2708621919155121,46,25,2,0.031070892730257024,0.5194519347962109,0.47570103369969424,1,550.5244165003874,4.2267813280684345
580,459,0.9274099469184875,75.39678035140201,22.346759681612888,29,40,1318.9028146396367,0.49030980467796326,44,27,3,0.030919515101249465,0.5034748895187708,0.14602867505124634,1,557.7617217141881,1.267936022610381
367,460,6.065455913543701,75.37117836580461,22.35484451916996,33,40,1300.6844911000983,0.47788378596305847,41,26,2,0.03193131945344525,1.1047778259173382,0.16032298900933628,1,551.1484702693357,3.117139374463968
438,461,28.853635787963867,75.43909100128405,22.319001739333594,30,30,1301.5499541205954,0.33592361211776733,45,25,2,0.031129621977088295,2.797927758284625,0.3635997076915012,1,551.4626333457761,17.464250799608394
530,462,10.797439575195312,75.43666555001693,22.33274596318062,34,30,1301.5499541205954,0.29264527559280396,39,27,2,0.03261360242966765,1.5692201897379645,0.43716888260093417,1,551.4626333457761,12.33809164532634
225,463,6.211294174194336,75.4380130229431,22.292321775395244,36,30,1079.1490611465028,0.2667984068393707,36,28,3,0.03208346920728807,1.1207629481308237,0.4829883440146023,1,470.7311091961805,8.175317689220748
449,464,20.288148880004883,75.42076536948801,22.331937479424916,28,10,1301.5499541205954,0.5279310345649719,44,28,3,0.0313993757023247,2.3342497612387985,0.1068136979980432,1,551.4626333457761,4.317291548534415
212,465,1.36533784866333,75.40243973769196,22.277499573207272,35,40,1079.1490611465028,0.5987205505371094,37,28,3,0.03197882188612843,0.5877367963957633,0.05058714053696111,1,470.7311091961805,0.4475673253751263
377,466,3.837385654449463,75.3657884740999,22.362929356727037,30,10,1300.6844911000983,0.6278530359268188,42,28,3,0.03153723756746487,0.8890540003283672,0.03424478731714691,1,551.1484702693357,0.5291939490421045
419,467,13.309481620788574,75.3582426257133,22.348107154539065,28,10,1318.9028146396367,0.29914289712905884,44,28,4,0.030190539575531843,1.7857657260996571,0.4258582407142003,1,557.7617217141881,12.805870921121558
571,468,5.636331558227539,75.4102550806638,22.352419067902837,32,30,1298.9653347118108,0.4420241117477417,41,27,3,0.031136560258307147,1.0568693052161902,0.205074023336906,1,550.5244165003874,3.715173969547965
454,469,15.362706184387207,75.35204425025287,22.35753946502232,29,10,1300.6844911000983,0.567726194858551,45,26,3,0.030373756063395554,1.9534984342363193,0.07231691719985119,1,551.1484702693357,2.364939738451964
439,470,21.690929412841797,75.43073666914174,22.31415083679935,29,30,1301.5499541205954,0.34629881381988525,43,28,4,0.030254109225286912,2.4391045077211198,0.34662843416985184,1,551.4626333457761,14.10571337911949
225,471,1.365361213684082,75.38357511672547,22.282080981156284,40,30,1113.5601229445556,0.5100426077842712,33,27,2,0.03328813437677509,0.5877408210734918,0.1246821474033975,1,483.22232462887365,1.178763216276348
532,472,25.006256103515625,75.42346031534038,22.313342353043637,32,30,1301.5499541205954,0.25762414932250977,41,27,3,0.031136560258307147,2.6836897031469014,0.4995472197413646,1,551.4626333457761,23.019483218561145
430,473,13.310120582580566,75.41241103734569,22.35565300292567,32,30,1298.9653347118108,0.5653054118156433,40,28,4,0.030477111034471926,1.7858190624724941,0.07420442862787915,1,550.5244165003874,2.2234003126688187
219,474,4.4088311195373535,75.36983089287844,22.277499573207272,38,40,1113.5601229445556,0.5434897541999817,36,26,2,0.03242539516672407,0.939997436819805,0.09245227828700828,1,483.22232462887365,1.3616846915449627
263,475,4.108688831329346,75.37225634414554,22.300676107537555,33,40,1318.9028146396367,0.6719174385070801,39,28,2,0.03311027741098904,0.913762590355162,0.016638657376053606,1,557.7617217141881,0.28077806599156024
536,476,24.319835662841797,75.39112096511207,22.32870354440208,36,10,1318.9028146396367,0.6376296281814575,36,28,3,0.03208346920728807,2.633295474046044,0.02962267916805378,1,557.7617217141881,1.395898872128377
265,477,12.280668258666992,75.43316212040887,22.3055270100718,34,30,1301.5499541205954,0.24066030979156494,40,26,4,0.029554558044904502,1.6988217747282142,0.5305360720990135,1,551.4626333457761,14.689374269608074
491,478,18.0631160736084,75.41268053193093,22.352688562488076,32,10,1298.9653347118108,0.43478918075561523,42,26,2,0.03184961282574046,2.1651866823164467,0.21470233846691222,1,550.5244165003874,8.151036996931408
505,479,25.755664825439453,75.37683775209456,22.3551140137552,33,10,1300.6844911000983,0.5108243823051453,44,23,3,0.0289516479865775,2.7386326186925065,0.12387141627251044,1,551.1484702693357,5.413109042592641
542,480,37.275447845458984,75.3846530950664,22.35942592711897,33,30,1300.6844911000983,0.3465893566608429,39,28,4,0.03056206052086445,2.797927758284625,0.34615719269854994,1,551.1484702693357,16.31402392262396
252,481,2.7293894290924072,75.43235363665315,22.302562569634205,33,40,1301.5499541205954,0.4487203061580658,37,30,5,0.030478826972860935,0.7755532444720487,0.19633704273678115,1,551.4626333457761,2.5593412892904883
509,482,33.67889404296875,75.41348901568665,22.30795246133892,28,30,1301.5499541205954,0.2384428232908249,46,26,4,0.029150656246283116,2.797927758284625,0.5346205231985339,1,551.4626333457761,24.04620526281371
217,483,3.004216432571411,75.4027092322772,22.280194519059627,36,40,1079.1490611465028,0.4789808988571167,37,27,2,0.03281593356923771,0.805945605034625,0.15903501841132536,1,470.7311091961805,1.9799588265919543
486,484,22.492733001708984,75.42130435865849,22.333554446936333,28,10,1301.5499541205954,0.5909258723258972,44,28,3,0.0313993757023247,2.498593423290809,0.05562684083359231,1,551.4626333457761,2.406673036320334
412,485,21.10041618347168,75.3884260192597,22.302293075048972,30,10,1318.9028146396367,0.37129300832748413,40,30,5,0.03022249671355502,2.3950981277094314,0.3069310616169082,1,557.7617217141881,12.392051163474076
390,486,10.571775436401367,75.3644410011737,22.363198851312276,30,40,1300.6844911000983,0.6137757897377014,42,28,3,0.03153723756746487,1.5489966648957276,0.04165477450862948,1,551.1484702693357,1.1215213009100795
235,487,5.328487873077393,75.36174605532136,22.280194519059627,37,40,1113.5601229445556,0.6169102191925049,36,27,2,0.03292556361491613,1.0216357005893808,0.03992676793656336,1,483.22232462887365,0.6489936155434375
415,488,15.360788345336914,75.38357511672547,22.337596865714865,33,30,1318.9028146396367,0.4243983328342438,41,26,2,0.03193131945344525,1.9533448542160765,0.22886451240301692,1,557.7617217141881,7.96201423878682
409,489,13.861170768737793,75.42130435865849,22.357269970437088,32,30,1298.9653347118108,0.34836676716804504,40,28,2,0.03301824496905152,1.831534146566022,0.3432791979683855,1,550.5244165003874,11.428601175557398
245,490,3.143850564956665,75.41699244529471,22.292321775395244,33,40,1079.1490611465028,0.5709656476974487,38,29,6,0.028892042245502493,0.8207542978318828,0.06983420261026334,1,470.7311091961805,0.779529375865891
343,491,6.827512741088867,75.37036988204889,22.352688562488076,28,40,1300.6844911000983,0.43776825070381165,42,30,3,0.03248293712543392,1.1867955284059462,0.21071432476295757,1,551.1484702693357,4.477069744542636
228,492,3.5288310050964355,75.42642475577796,22.290704807883827,36,40,1079.1490611465028,0.48494160175323486,38,26,3,0.03092224840606109,0.8596588456761717,0.15212468049245978,1,470.7311091961805,1.9035740708543276
470,493,26.384450912475586,75.39704984598725,22.363198851312276,32,10,1300.6844911000983,0.30077850818634033,42,26,3,0.03057553800422461,2.7846987774912266,0.4230250086935292,1,551.1484702693357,19.85120988563411
218,494,3.8372244834899902,75.38546157882212,22.27669108945156,38,40,1113.5601229445556,0.3640553057193756,35,27,2,0.033040813608461624,0.889039019204697,0.3182469686035815,1,483.22232462887365,4.517340435300491
223,495,2.0037872791290283,75.42453829368131,22.277230078622033,35,40,1079.1490611465028,0.3464696407318115,38,27,3,0.03140336910232677,0.6852758605057053,0.3463513371952235,1,470.7311091961805,3.5085805099993523
397,496,2.9550797939300537,75.37468179541267,22.36346834589751,31,30,1300.6844911000983,0.26110947132110596,42,27,2,0.03235283146545061,0.8006371868584097,0.49323925900878235,1,551.1484702693357,7.0416477484058255
554,497,2.2088122367858887,75.39192944886778,22.364276829653214,32,40,1300.6844911000983,0.502223551273346,42,26,3,0.03057553800422461,0.7125306520076945,0.13293860545738218,1,551.1484702693357,1.5962370406152924
368,498,12.027209281921387,75.37144786038985,22.338405349470577,34,30,1318.9028146396367,0.5420472621917725,42,24,3,0.02959372823182635,1.6770539607508281,0.09373694322421587,1,557.7617217141881,2.594813871358657
240,499,2.729255199432373,75.359051109469,22.289626829542883,41,40,1113.5601229445556,0.5424649715423584,34,25,2,0.03215719021700887,0.7755379646539743,0.09336394697288139,1,483.22232462887365,1.1251420364900082
232,500,2.2078206539154053,75.40082277018055,22.288009862031473,36,40,1079.1490611465028,0.5026147365570068,36,28,5,0.029707118502891414,0.7124025598899063,0.132519184273159,1,470.7311091961805,1.3201936951696915
231,501,3.5287396907806396,75.38788703008925,22.285853905349583,38,30,1113.5601229445556,0.45629820227622986,35,27,3,0.03171908737802791,0.8596499250302699,0.18665617150956304,1,483.22232462887365,2.4594140912522984
232,502,1.8543341159820557,75.44717583884113,22.29393874290666,35,40,1079.1490611465028,0.424906462430954,38,27,2,0.032711939433240175,0.6643390891346169,0.22816296675757602,1,470.7311091961805,2.334071500728561
241,503,3.4253740310668945,75.38249713838451,22.287740367446233,36,40,1113.5601229445556,0.6150184869766235,38,26,3,0.03092224840606109,0.8494626338644697,0.04096428655239022,1,483.22232462887365,0.5199573602561628
218,504,1.0022656917572021,75.43100616372698,22.286392894520056,38,40,1079.1490611465028,0.5028377175331116,36,26,2,0.03242539516672407,0.5193555888358424,0.1322804064892971,1,470.7311091961805,1.0486208973147322
366,505,6.79803991317749,75.36228504449181,22.358617443363265,31,30,1300.6844911000983,0.47066396474838257,43,26,3,0.030502655780190742,1.183689839931013,0.1689219938422531,1,551.1484702693357,3.3614788181306294
578,506,4.410010814666748,75.4431334200626,22.323044158112133,31,30,1301.5499541205954,0.2315070480108261,44,25,5,0.027728360244884395,0.9400984351894427,0.5474433918306137,1,551.4626333457761,7.869603030837745
556,507,2.9549973011016846,75.40971609149335,22.329512028157794,33,30,1301.5499541205954,0.36565887928009033,42,25,2,0.03134117165305953,0.8006282308027308,0.3157268804657851,1,551.4626333457761,4.368916823273108
524,508,32.41438293457031,75.39704984598725,22.30417953714562,28,30,1318.9028146396367,0.35912224650382996,46,26,4,0.029150656246283116,2.797927758284625,0.32604496936785954,1,557.7617217141881,14.83238681190119
234,509,2.2078206539154053,75.38680905174829,22.288009862031473,37,40,1113.5601229445556,0.4413772523403168,36,27,3,0.031608447711011636,0.7124025598899063,0.20592696256721235,1,483.22232462887365,2.240726464395615
574,510,4.6273674964904785,75.40378721061816,22.349993616635714,30,40,1301.5499541205954,0.4658454656600952,42,28,3,0.03153723756746487,0.9584419515340706,0.17477867716404766,1,551.4626333457761,2.9133589911115054
251,511,1.8543341159820557,75.4485233117673,22.300676107537555,33,30,1301.5499541205954,0.3400368392467499,38,29,6,0.028892042245502493,0.6643390891346169,0.3568384279965486,1,551.4626333457761,3.77707628005506
570,512,6.270872592926025,75.39327692179396,22.34110029532293,32,40,1318.9028146396367,0.4358701705932617,43,25,2,0.03126481922486936,1.127252165332209,0.2132514724302574,1,557.7617217141881,4.191965933564017
216,513,5.039137363433838,75.39974479183962,22.277230078622033,35,40,1113.5601229445556,0.5164543390274048,36,29,3,0.03255384241204233,0.9918480450818703,0.11811293386950601,1,483.22232462887365,1.8428578886954872
415,514,18.158782958984375,75.42022638031753,22.35969542170421,34,30,1298.9653347118108,0.2253890186548233,38,28,2,0.03320799597677619,2.1725407688075538,0.5588125509334377,1,550.5244165003874,22.19490752062412
579,515,4.410464763641357,75.40001428642483,22.34056130615246,28,10,1318.9028146396367,0.5984870195388794,44,28,2,0.03270777962928491,0.9401372953072716,0.050733998596787996,1,557.7617217141881,0.8701420228795056
283,516,3.5291757583618164,75.4380130229431,22.30983892343557,33,40,1301.5499541205954,0.4868178069591522,40,27,7,0.026933774908342693,0.8596925239546035,0.14998029495603793,1,551.4626333457761,1.9150965330050116
524,517,18.4422607421875,75.38438360048116,22.364815818823686,32,30,1300.6844911000983,0.23725301027297974,42,26,3,0.03057553800422461,2.1942826511542357,0.5368151526067647,1,551.1484702693357,19.84997890018732
431,518,12.042549133300781,75.35608666903141,22.357000475851848,32,30,1300.6844911000983,0.4004332423210144,42,26,3,0.03057553800422461,1.6783755574768253,0.2629629912660949,1,551.1484702693357,7.437491654358151
405,519,12.839046478271484,75.38492258965164,22.346220692442415,31,30,1318.9028146396367,0.4834878444671631,42,27,3,0.03105862647148713,1.7462800744562463,0.15379638667093617,1,557.7617217141881,4.652549286450012
472,520,27.504335403442383,75.42615526119272,22.354036035414254,31,10,1298.9653347118108,0.557098388671875,45,24,2,0.030614290023118454,2.797927758284625,0.08080829957763834,1,550.5244165003874,3.8105989417892205
577,521,5.714654445648193,75.37468179541267,22.32627809313496,32,40,1318.9028146396367,0.358685165643692,43,25,2,0.03126481922486936,1.065714760783407,0.32673916957157084,1,557.7617217141881,6.072210380552822
589,522,2.729494571685791,75.40297872686244,22.312533869287932,30,40,1301.5499541205954,0.3342336416244507,43,27,3,0.03098626133528859,0.7755652128975461,0.36639002681092603,1,551.4626333457761,4.8556484293743605
420,523,31.799541473388672,75.4304671745565,22.338405349470577,31,10,1301.5499541205954,0.5190725326538086,42,27,3,0.03105862647148713,2.797927758284625,0.11548307910099066,1,551.4626333457761,5.5341788188220065
402,524,17.4830379486084,75.37414280624222,22.317384771822177,30,30,1318.9028146396367,0.2885076105594635,45,25,3,0.029884348831027915,2.1204047862457225,0.44441662028843065,1,557.7617217141881,15.707301185259864
297,525,9.663115501403809,75.36309352824753,22.31010841802081,29,30,1318.9028146396367,0.4050596058368683,44,27,4,0.029729152998778093,1.4660147912917787,0.25622961474423,1,557.7617217141881,6.228721568624674
371,526,7.5871477127075195,75.36120706615088,22.35969542170421,35,40,1300.6844911000983,0.485981285572052,38,27,2,0.032711939433240175,1.2651947850525178,0.1509345593298122,1,551.1484702693357,3.44287285120707
582,527,7.640516757965088,75.44663684967065,22.3265475877202,33,40,1301.5499541205954,0.44864678382873535,43,24,5,0.02733362682160593,1.2705904602464686,0.1964320495271423,1,551.4626333457761,3.762108265175381
567,528,1.002564787864685,75.39489388930537,22.32816455523161,34,40,1318.9028146396367,0.5663100481033325,41,25,4,0.02900491116713541,0.5194175903723836,0.0734177582609212,1,557.7617217141881,0.6169330242271173
250,529,4.409212112426758,75.40405670520337,22.292321775395244,35,40,1079.1490611465028,0.40121209621429443,38,27,6,0.028045405796829598,0.940030056873658,0.2618245038689692,1,470.7311091961805,3.2492764145589526
421,530,10.98182487487793,75.41214154276045,22.355922497510903,32,40,1298.9653347118108,0.49345290660858154,40,28,4,0.030477111034471926,1.5856385556624504,0.14251611193537414,1,550.5244165003874,3.791565348306099
570,531,3.425764322280884,75.39785832974297,22.334362930692038,32,40,1318.9028146396367,0.36998772621154785,41,27,5,0.028830344978897478,0.8495014404697636,0.3089606589382835,1,557.7617217141881,4.220518880628781
562,532,6.540855407714844,75.42130435865849,22.3408308007377,25,30,1301.5499541205954,0.2455199509859085,48,27,2,0.03198966123973801,1.1563706956732847,0.5216115166467646,1,551.4626333457761,10.640694643855335
241,533,0.0,75.35500869069045,22.296364194173783,36,40,1113.5601229445556,0.6127042770385742,34,30,3,0.03324232073510408,0.16531147321376102,0.042255843911910895,1,483.22232462887365,0.1122091058208309
427,534,12.28365707397461,75.41699244529471,22.35969542170421,34,30,1298.9653347118108,0.36796802282333374,38,28,2,0.03320799597677619,1.699077599709199,0.31211085378773074,1,550.5244165003874,9.694855469403247
246,535,4.003398418426514,75.4409774633807,22.302293075048972,36,40,1301.5499541205954,0.4930844008922577,35,29,6,0.029170485449244193,0.904291601309887,0.14292575548566408,1,551.4626333457761,2.0791160967365427
224,536,0.9274099469184875,75.39839731891342,22.284506432423406,36,40,1113.5601229445556,0.5051974654197693,36,28,3,0.03208346920728807,0.5034748895187708,0.12976677453570146,1,483.22232462887365,1.0129071534384295
578,537,3.704791784286499,75.39246843803824,22.33921383322628,32,40,1318.9028146396367,0.555924654006958,43,25,2,0.03126481922486936,0.8766006888617621,0.08177855545675884,1,557.7617217141881,1.2501032101405798
332,538,14.260966300964355,75.36012908780995,22.338405349470577,34,10,1318.9028146396367,0.5488303899765015,38,28,2,0.03320799597677619,1.8643631164451804,0.08777990411174354,1,557.7617217141881,3.0312166541143277
311,539,9.357515335083008,75.37953269794693,22.3017540858785,29,30,1318.9028146396367,0.24379564821720123,43,28,3,0.031465490695431426,1.4375024057545975,0.524773917777509,1,557.7617217141881,13.23926992419898
447,540,22.491247177124023,75.38249713838451,22.322774663526893,33,10,1318.9028146396367,0.5026943683624268,40,27,4,0.03001808801227943,2.498483434444366,0.13243388620155905,1,557.7617217141881,5.53996894599393
228,541,4.108178615570068,75.37117836580461,22.282350475741517,40,40,1113.5601229445556,0.48706895112991333,35,25,2,0.03203544196033028,0.9137170443989902,0.149694376334638,1,483.22232462887365,2.1173610593741192
516,542,27.15106201171875,75.38815652467446,22.33894433864105,33,10,1318.9028146396367,0.47220879793167114,42,25,3,0.03008743592011844,2.797927758284625,0.16706416822274497,1,557.7617217141881,7.84429095907039
445,543,20.66382598876953,75.387617535504,22.314420331384582,34,10,1318.9028146396367,0.5705311298370361,40,26,4,0.029554558044904502,2.3624412297240367,0.07016434904625336,1,557.7617217141881,2.7324403449975154
451,544,26.70421600341797,75.43747403377265,22.319001739333594,30,10,1301.5499541205954,0.39435064792633057,44,26,4,0.029263653551709273,2.797927758284625,0.2719217879067534,1,551.4626333457761,12.277929660068963
266,545,3.144129753112793,75.37010038746368,22.30579650465704,35,40,1318.9028146396367,0.5795052647590637,37,28,6,0.028559325395266472,0.82078351033926,0.06352624709577526,1,557.7617217141881,0.8305742697740768
521,546,17.7994441986084,75.35177475566763,22.354575024584726,26,10,1300.6844911000983,0.6380147337913513,47,27,4,0.029569627499412793,2.1448725317986064,0.02944925237492942,1,551.1484702693357,1.0294143577824262
273,547,4.869171619415283,75.444750387574,22.31010841802081,33,40,1301.5499541205954,0.3454352915287018,39,28,5,0.029431471460504434,0.9782613289020151,0.34803031990726785,1,551.4626333457761,5.525861973157238
252,548,4.108526229858398,75.41429749944234,22.294747226662366,33,40,1079.1490611465028,0.6483909487724304,39,28,6,0.02838691872525302,0.9137480756053998,0.025018600536562217,1,470.7311091961805,0.305478495538484
288,549,5.446696758270264,75.44421139840352,22.314420331384582,33,30,1301.5499541205954,0.3101169764995575,39,28,4,0.03056206052086445,1.0352552235873154,0.4069592576429598,1,551.4626333457761,7.1006332968636725
342,550,16.142589569091797,75.43747403377265,22.356730981266615,32,30,1298.9653347118108,0.3150598704814911,40,28,2,0.03301824496905152,2.0155341516030747,0.39853369079438006,1,550.5244165003874,14.601106648184457
474,551,28.564823150634766,75.42534677743703,22.354036035414254,31,10,1298.9653347118108,0.5474279522895813,45,24,2,0.030614290023118454,2.797927758284625,0.08899404037792036,1,550.5244165003874,4.196606015250116
313,552,10.180259704589844,75.37980219253217,22.302832064219444,28,30,1318.9028146396367,0.22032953798770905,45,27,3,0.03085844514898048,1.51355682754723,0.5682542621372147,1,557.7617217141881,14.803492192491634
376,553,15.957270622253418,75.37010038746368,22.343795241175293,35,30,1318.9028146396367,0.31283727288246155,36,29,3,0.03255384241204233,2.0008662018529346,0.4023154696661363,1,557.7617217141881,14.616242616891375
232,554,2.9548981189727783,75.41564497236854,22.288548851201938,35,40,1079.1490611465028,0.4499066472053528,39,26,5,0.028544049250562385,0.8006174626310743,0.19480688732001575,1,470.7311091961805,2.095645639685821
440,555,11.036434173583984,75.40028378101007,22.362659862141804,34,10,1298.9653347118108,0.4215128421783447,40,26,3,0.03073792932539105,1.5904833472364692,0.23286562950696602,1,550.5244165003874,6.267375442382656
561,556,1.8543341159820557,75.42372980992559,22.34514271410147,27,30,1301.5499541205954,0.2738853693008423,48,25,2,0.030971523444258922,0.6643390891346169,0.4702992724994304,1,551.4626333457761,5.336331149584492
408,557,8.52156925201416,75.37953269794693,22.34271726283435,30,30,1318.9028146396367,0.21960310637950897,44,26,2,0.031703611295929815,1.357763089105991,0.569612761454763,1,557.7617217141881,13.676064784578653
252,558,4.733766555786133,75.42319082075514,22.299328634611378,31,40,1079.1490611465028,0.2992652952671051,41,28,5,0.029272943388174013,0.9672362768352815,0.42564602451897254,1,470.7311091961805,5.673100163282784
553,559,6.599240303039551,75.43154515289743,22.33490191986251,34,40,1301.5499541205954,0.1908453404903412,41,25,3,0.030166274460611205,1.162607547154645,0.6239310837935796,1,551.4626333457761,12.067228284666163
566,560,0.9274099469184875,75.42399930451083,22.34271726283435,30,30,1301.5499541205954,0.24199284613132477,46,24,2,0.030555158406844272,0.5034748895187708,0.5280852627815134,1,551.4626333457761,4.480046204073394
248,561,2.7802884578704834,75.40001428642483,22.291782786224772,36,30,1113.5601229445556,0.3820870816707611,36,28,6,0.028652782774884245,0.781315268995993,0.2903401725453821,1,483.22232462887365,3.140850317128071
253,562,1.8543341159820557,75.43693504460217,22.300406612952322,34,30,1301.5499541205954,0.22179652750492096,38,28,5,0.029518332743616826,0.6643390891346169,0.5655130298242963,1,551.4626333457761,6.11561781166903
579,563,6.213212966918945,75.3900429867711,22.35942592711897,33,10,1300.6844911000983,0.5725216865539551,39,28,3,0.031785772431492,1.1209723080193885,0.06865921578245233,1,551.1484702693357,1.3483265889846099
454,564,19.948278427124023,75.4153754777833,22.360503905459915,34,30,1298.9653347118108,0.188856303691864,39,27,3,0.03130896585772835,2.308667206771909,0.6277242064884312,1,550.5244165003874,24.97902707577973
378,565,10.144227981567383,75.36524948492942,22.35484451916996,31,10,1300.6844911000983,0.49147725105285645,41,28,3,0.03161456328084319,1.5102719382528607,0.1447190899560683,1,551.1484702693357,3.8083492502176925
229,566,5.328701019287109,75.3620155499066,22.286662389105288,38,10,1113.5601229445556,0.559311032295227,36,26,2,0.03242539516672407,1.0216603623806335,0.0789967759744366,1,483.22232462887365,1.2645854459325225
484,567,27.04560089111328,75.40028378101007,22.310916901776515,29,10,1318.9028146396367,0.5780051350593567,43,28,4,0.030254109225286912,2.797927758284625,0.06460947780717918,1,557.7617217141881,3.0504633001515553
388,568,4.4110565185546875,75.35446970151997,22.363198851312276,33,40,1300.6844911000983,0.465921014547348,41,26,3,0.030653976135144863,0.9401879487006196,0.17468613085554183,1,551.1484702693357,2.7747798184036996
360,569,17.899356842041016,75.36390201200325,22.33490191986251,31,10,1318.9028146396367,0.4390142560005188,39,30,2,0.03409062938787039,2.152578046982891,0.2090560282016341,1,557.7617217141881,8.556680720850352
228,570,1.3654049634933472,75.43558757167597,22.290165818713355,36,40,1079.1490611465028,0.3734513223171234,36,28,3,0.03208346920728807,0.587748356966237,0.3035859934479562,1,470.7311091961805,2.694805205179469
403,571,9.658059120178223,75.37683775209456,22.34271726283435,31,30,1318.9028146396367,0.3450776934623718,43,26,3,0.030502655780190742,1.4655456335783446,0.3486114350515039,1,557.7617217141881,8.69215244145787
246,572,2.1075780391693115,75.43262313123839,22.29986762378185,32,30,1079.1490611465028,0.20355947315692902,36,32,6,0.03031200682399785,0.699271430378558,0.5997915706286183,1,470.7311091961805,5.984580779249908
232,573,2.1075127124786377,75.42103486407325,22.2807335082301,35,40,1079.1490611465028,0.449840247631073,38,27,3,0.03140336910232677,0.6992627525988707,0.1948923880205831,1,470.7311091961805,2.0145795295338074
216,574,1.8543341159820557,75.43693504460217,22.283967443252934,37,40,1079.1490611465028,0.3371742069721222,33,30,3,0.03336148962196396,0.6643390891346169,0.361539460200053,1,470.7311091961805,3.7719319284707473
218,575,2.0037593841552734,75.387617535504,22.275343616525383,39,40,1113.5601229445556,0.4273175895214081,34,27,1,0.03459749792421165,0.6852720414521114,0.22484656336521297,1,483.22232462887365,2.5759708818950853
391,576,9.361210823059082,75.37279533331602,22.362929356727037,28,30,1300.6844911000983,0.459447979927063,43,29,3,0.03194083194360755,1.437849135519865,0.18269787910806506,1,551.1484702693357,4.624466700127426
237,577,3.4254040718078613,75.35770363654282,22.291513291639532,41,40,1113.5601229445556,0.47254109382629395,34,25,2,0.03215719021700887,0.8494656209048268,0.16666581418942575,1,483.22232462887365,2.199973351265669
619,578,12.59104061126709,75.4027092322772,22.318732244748354,30,30,1301.5499541205954,0.2963692545890808,42,28,3,0.03153723756746487,1.7252833208690574,0.43067567933010803,1,551.4626333457761,12.922618139047255
569,579,3.8373379707336426,75.4102550806638,22.337596865714865,33,40,1301.5499541205954,0.5378551483154297,42,25,3,0.03008743592011844,0.8890495680821117,0.09752490731438257,1,551.4626333457761,1.4386090572149417
213,580,1.3653348684310913,75.37764623585028,22.2769605840368,41,40,1113.5601229445556,0.5240477919578552,33,26,2,0.03278949581940716,0.5877362830410451,0.11057043092613147,1,483.22232462887365,1.0296822668399865
583,581,4.004828929901123,75.3860005679926,22.352149573317604,29,20,1300.6844911000983,0.5362622141838074,45,26,3,0.030373756063395554,0.9044212593736802,0.09898548526578776,1,551.1484702693357,1.4986816366664184
432,582,21.413902282714844,75.37899370877645,22.32250516894166,30,10,1318.9028146396367,0.6280517578125,42,28,4,0.03032309393377543,2.418482044867244,0.034146601257469794,1,557.7617217141881,1.3967303428112643
225,583,2.729182243347168,75.39031248135635,22.28288946491199,37,40,1113.5601229445556,0.3075000047683716,34,29,3,0.03277783947746593,0.7755296596270324,0.41144222796581026,1,483.22232462887365,5.053992453534584
551,584,17.659408569335938,75.43370110957932,22.33463242527727,34,30,1301.5499541205954,0.4437303841114044,41,25,3,0.030166274460611205,2.1340560266026634,0.20283167549190242,1,551.4626333457761,7.200777034122082
465,585,19.094083786010742,75.38330562214023,22.360234410874682,34,10,1300.6844911000983,0.5474838018417358,41,25,4,0.02900491116713541,2.2440095346530797,0.08894551484338269,1,551.1484702693357,3.19072148878125
220,586,3.704791784286499,75.42319082075514,22.276421594866328,35,40,1079.1490611465028,0.37364739179611206,38,27,3,0.03140336910232677,0.8766006888617621,0.30328279215374204,1,470.7311091961805,3.930055844346796
259,587,3.143918752670288,75.41052457524904,22.29555571041807,33,20,1079.1490611465028,0.4862385094165802,37,30,5,0.030478826972860935,0.8207614327114495,0.15064081703269913,1,470.7311091961805,1.7739066113331572
580,588,3.1448540687561035,75.39866681349866,22.34110029532293,29,10,1318.9028146396367,0.8007566332817078,44,27,4,0.029729152998778093,0.820859291013019,0.00032296218009629166,1,557.7617217141881,0.004395938706240566
227,589,2.107531785964966,75.35473919610521,22.286392894520056,40,40,1113.5601229445556,0.5428571701049805,36,24,2,0.03140668839907839,0.6992652862737948,0.093014464955247,1,483.22232462887365,0.9871010121539575
578,590,1.3656977415084839,75.41106356441952,22.345951197857175,29,40,1301.5499541205954,0.5138766765594482,43,28,4,0.030254109225286912,0.5877987841768751,0.12073196500831815,1,551.4626333457761,1.1839992122073912
229,591,5.039159297943115,75.42049587490277,22.28100300281534,35,30,1079.1490611465028,0.5296416878700256,38,27,3,0.03140336910232677,0.9918497809557353,0.10518048406068235,1,470.7311091961805,1.5421627583381372
430,592,5.7158050537109375,75.39974479183962,22.363198851312276,31,10,1300.6844911000983,0.46434324979782104,43,26,3,0.030502655780190742,1.0658443583964654,0.17662360519534748,1,551.1484702693357,3.1648184092848326
219,593,1.002229928970337,75.44771482801158,22.281272497400572,36,40,1079.1490611465028,0.5972927212715149,37,27,3,0.0315032031780126,0.5193481745976275,0.05148902923583862,1,470.7311091961805,0.3965527152831982
475,594,11.923839569091797,75.35878161488375,22.35322755165855,30,10,1300.6844911000983,0.39540472626686096,42,28,3,0.03153723756746487,1.668133956164226,0.2703607576852636,1,551.1484702693357,7.839111355768608
573,595,12.027009010314941,75.42831121787461,22.324122136453077,33,30,1301.5499541205954,0.4276564419269562,40,27,3,0.031220019138939386,1.6770367028637596,0.22438214725176076,1,551.4626333457761,6.478584423770344
482,596,23.14485740661621,75.3771072466798,22.33301545776586,34,10,1318.9028146396367,0.6156624555587769,45,21,3,0.027866677073835444,2.5467885090087545,0.04060926182262772,1,557.7617217141881,1.6075032800658429
218,597,5.039149761199951,75.4455588713297,22.279386035303922,37,40,1079.1490611465028,0.4620209038257599,37,26,3,0.03102256249222485,0.9918490262285133,0.17949344930974412,1,470.7311091961805,2.5998287572692886
246,598,3.1440043449401855,75.43235363665315,22.29959812919661,32,30,1079.1490611465028,0.37158578634262085,36,32,6,0.03031200682399785,0.8207703886012412,0.306476499521705,1,470.7311091961805,3.589272643608128
553,599,4.409881114959717,75.41348901568665,22.31819325557789,36,40,1301.5499541205954,0.4822426438331604,39,25,3,0.030340426377585668,0.9400873318647871,0.1552352924993604,1,551.4626333457761,2.4417232284753347
331,600,6.826849460601807,75.37845471960597,22.312803363873165,27,30,1318.9028146396367,0.23370233178138733,47,26,3,0.030267744513862226,1.1867256908837513,0.543377043974153,1,557.7617217141881,10.886302467148433
292,601,10.920254707336426,75.3884260192597,22.29771166709996,32,30,1113.5601229445556,0.29898011684417725,41,27,4,0.029937842192663638,1.5801665064837565,0.4261405212524144,1,483.22232462887365,9.74144022602136
247,602,4.8689374923706055,75.43073666914174,22.29986762378185,34,30,1079.1490611465028,0.4227575957775116,36,30,6,0.029489183155895923,0.9782424224272857,0.23113601646557638,1,470.7311091961805,3.138699656966033
546,603,10.04206657409668,75.43504858250552,22.333284952351093,34,30,1301.5499541205954,0.37160658836364746,40,26,2,0.03201877095158267,1.5009362432606879,0.3064442121862954,1,551.4626333457761,8.121465722525581
228,604,5.894127368927002,75.37279533331602,22.28154199198581,40,40,1113.5601229445556,0.379395455121994,35,25,2,0.03203544196033028,1.0858106503894354,0.294444684861943,1,483.22232462887365,4.949205951032946
382,605,17.138105392456055,75.44825381718206,22.355922497510903,33,10,1298.9653347118108,0.41291001439094543,39,28,2,0.03311027741098904,2.0936127419877137,0.24496674866117663,1,550.5244165003874,9.348520733663385
225,606,9.183520317077637,75.44016897962499,22.27911654071869,36,40,1079.1490611465028,0.3007873594760895,35,29,2,0.034024223438469926,1.4211219737376486,0.4230096917999738,1,470.7311091961805,9.628148826142178
402,607,4.0044708251953125,75.38276663296975,22.339752822396754,30,30,1318.9028146396367,0.3914569914340973,42,28,4,0.03032309393377543,0.9043888042121488,0.2762252960095805,1,557.7617217141881,4.225137455658165
560,608,30.220035552978516,75.39273793262348,22.343525746590053,33,30,1318.9028146396367,0.3170205056667328,42,25,4,0.028929107810425757,2.797927758284625,0.3952069986165381,1,557.7617217141881,17.842054832910076
230,609,2.003906488418579,75.38707854633353,22.285584410764343,38,40,1113.5601229445556,0.5524752736091614,35,27,3,0.03171908737802791,0.6852921808892957,0.08466721628022365,1,483.22232462887365,0.8893213759838546
259,610,4.409571647644043,75.43504858250552,22.30606599924227,33,30,1301.5499541205954,0.49383655190467834,39,28,5,0.029431471460504434,0.9400608382265887,0.14209025516357982,1,551.4626333457761,2.167945304360736
363,611,9.187047958374023,75.36686645244083,22.351880078732364,29,30,1300.6844911000983,0.3335457146167755,41,30,3,0.03255873528459319,1.421455163795701,0.3675279090069414,1,551.1484702693357,9.3747484309913
259,612,2.107560157775879,75.40809912398191,22.294747226662366,34,40,1079.1490611465028,0.5634771585464478,38,28,6,0.028470697213440112,0.699269055089883,0.07564819212129248,1,470.7311091961805,0.7089471587454887
279,613,3.1442322731018066,75.4396299904545,22.310916901776515,37,40,1301.5499541205954,0.4844973385334015,38,25,6,0.027181193239312007,0.8207942370039477,0.15263460927092826,1,551.4626333457761,1.8778976834589525
572,614,0.0,75.39570237306108,22.335710403618215,34,30,1318.9028146396367,0.19398070871829987,41,25,4,0.02900491116713541,0.16531147321376102,0.6179608404273356,1,557.7617217141881,1.6526625925301874
358,615,4.209838390350342,75.4485233117673,22.354575024584726,33,40,1298.9653347118108,0.5294117331504822,39,28,2,0.03311027741098904,0.9227267721570866,0.10539925459903382,1,550.5244165003874,1.772760497342686
223,616,1.3653699159622192,75.35635616361662,22.283697948667694,38,40,1113.5601229445556,0.21470864117145538,38,24,3,0.02994307400051837,0.5877423200500592,0.578784290172391,1,483.22232462887365,4.922061904299295
612,617,14.916105270385742,75.35473919610521,22.321966179771188,32,10,1318.9028146396367,0.3677264451980591,43,25,4,0.02885863158027226,1.9175906056003011,0.31248843821406597,1,557.7617217141881,9.645267721284915
582,618,11.377220153808594,75.40486518895909,22.318732244748354,33,30,1301.5499541205954,0.5558653473854065,41,26,3,0.030653976135144863,1.6205383906995032,0.08182775169449978,1,551.4626333457761,2.241624413646963
224,619,2.0038509368896484,75.38734804091877,22.28154199198581,38,30,1113.5601229445556,0.3565640151500702,36,26,2,0.03242539516672407,0.685284575662787,0.33011562014723417,1,483.22232462887365,3.544616861433326
542,620,11.775614738464355,75.42372980992559,22.31388134221411,32,10,1301.5499541205954,0.3470100462436676,41,27,3,0.031136560258307147,1.6552994339669638,0.345475255668947,1,551.4626333457761,9.819293400833063
556,621,12.592771530151367,75.42588576660748,22.34541220868671,28,30,1301.5499541205954,0.309152752161026,47,25,3,0.029777352304169283,1.725430311809799,0.40860924437427965,1,551.4626333457761,11.577313156715865
574,622,0.9274099469184875,75.41241103734569,22.339752822396754,31,40,1301.5499541205954,0.47796937823295593,43,26,3,0.030502655780190742,0.5034748895187708,0.16022232810979228,1,551.4626333457761,1.356921105009775
231,623,1.3654226064682007,75.43073666914174,22.29366924832142,37,40,1079.1490611465028,0.5568581223487854,36,27,4,0.03039156257714304,0.5877513959229256,0.08100638867467033,1,470.7311091961805,0.6811438989743496
390,624,10.571775436401367,75.3644410011737,22.36346834589751,30,30,1300.6844911000983,0.40643030405044556,43,27,3,0.03098626133528859,1.5489966648957276,0.25424821831234445,1,551.1484702693357,6.725834655175268
395,625,23.68863868713379,75.37818522502073,22.31819325557789,29,10,1318.9028146396367,0.3210458755493164,45,26,4,0.029204404991453454,2.5868698162009713,0.3884048241234202,1,557.7617217141881,16.36651667197607
480,626,19.02108383178711,75.38653955716305,22.337057876544392,34,30,1318.9028146396367,0.32601097226142883,40,26,4,0.029554558044904502,2.2384580181198372,0.3800671399392082,1,557.7617217141881,14.02434063747401
255,627,2.9549129009246826,75.38276663296975,22.294747226662366,30,30,1113.5601229445556,0.1938534528017044,43,27,3,0.03098626133528859,0.8006190675164656,0.6182029402983497,1,483.22232462887365,7.410937744216613
453,628,13.78396224975586,75.38438360048116,22.34891563829477,30,10,1318.9028146396367,0.7092984318733215,44,26,3,0.030435376949588727,1.8251622157503071,0.0075977141393661725,1,557.7617217141881,0.2354029006085077
381,629,6.827323913574219,75.37575977375363,22.34136978990817,31,40,1318.9028146396367,0.18970046937465668,43,26,3,0.030502655780190742,1.186775646811292,0.626113837077656,1,557.7617217141881,12.641781723172382
259,630,1.8543341159820557,75.40836861856715,22.294747226662366,34,40,1079.1490611465028,0.5242463946342468,38,28,6,0.028470697213440112,0.6643390891346169,0.11037664251372474,1,470.7311091961805,0.9827385424381986
231,631,3.704791784286499,75.4178009290504,22.28720137827576,36,40,1079.1490611465028,0.36455246806144714,38,26,6,0.027615731352662248,0.8766006888617621,0.31746487404818413,1,470.7311091961805,3.6176532445385616
253,632,4.733771324157715,75.43262313123839,22.302832064219444,33,30,1301.5499541205954,0.2126876413822174,37,30,5,0.030478826972860935,0.9672366683371454,0.5825805463052469,1,551.4626333457761,9.471157738774364
321,633,5.001065731048584,75.36255453907705,22.34110029532293,35,40,1318.9028146396367,0.6525033712387085,36,29,3,0.03255384241204233,0.9888283770840801,0.023389887236119636,1,557.7617217141881,0.4199523463186292
338,634,8.37450885772705,75.36390201200325,22.339752822396754,34,10,1318.9028146396367,0.36604583263397217,38,28,3,0.031879581977570015,1.343449799650852,0.31511986239508116,1,557.7617217141881,7.5276348661691275
571,635,1.8543341159820557,75.41429749944234,22.33921383322628,31,40,1301.5499541205954,0.4359823167324066,43,26,2,0.03177369361813611,0.6643390891346169,0.21310119923783857,1,551.4626333457761,2.4806157354598457
413,636,11.666546821594238,75.36390201200325,22.331667984839676,33,30,1318.9028146396367,0.26240041851997375,41,26,3,0.030653976135144863,1.6458218213596962,0.49090812602774603,1,557.7617217141881,13.813971581269726
256,637,0.0,75.40082277018055,22.29393874290666,35,40,1079.1490611465028,0.5600404143333435,39,26,5,0.028544049250562385,0.16531147321376102,0.07840464646476727,1,470.7311091961805,0.17415393012165598
251,638,5.547544956207275,75.39785832974297,22.29393874290666,33,40,1113.5601229445556,0.3491443991661072,40,27,4,0.03001808801227943,1.0467849577688695,0.3420226829366685,1,483.22232462887365,5.193287903512291
303,639,15.614067077636719,75.39246843803824,22.297981161685193,30,30,1113.5601229445556,0.32764676213264465,41,29,5,0.02971175176738569,1.973582671464117,0.377333125811256,1,483.22232462887365,10.691915181220065
354,640,13.57343578338623,75.3644410011737,22.346220692442415,32,30,1318.9028146396367,0.30192235112190247,40,28,3,0.03169742154818681,1.8077333028400537,0.42104700727004396,1,557.7617217141881,13.45666947473547
513,641,34.149452209472656,75.39866681349866,22.361851378386092,31,30,1300.6844911000983,0.3778381943702698,43,26,3,0.030502655780190742,2.797927758284625,0.29682936152436995,1,551.1484702693357,13.96206369723465
211,642,3.8372297286987305,75.42911970163033,22.279386035303922,36,40,1079.1490611465028,0.5107574462890625,35,29,2,0.034024223438469926,0.8890395067619312,0.12394072587441395,1,470.7311091961805,1.7648029372897578
459,643,19.093605041503906,75.38438360048116,22.3303205119135,33,30,1318.9028146396367,0.3043478727340698,41,26,4,0.029473836945967745,2.243973140901367,0.41686193931427784,1,557.7617217141881,15.377838004789792
582,644,6.065432548522949,75.39489388930537,22.354305529999493,30,10,1300.6844911000983,0.4954819083213806,43,27,3,0.03098626133528859,1.10477525327862,0.1402710085621635,1,551.1484702693357,2.646547194284543
501,645,43.697113037109375,75.37737674126504,22.331398490254443,30,30,1318.9028146396367,0.22566896677017212,44,26,3,0.030435376949588727,2.797927758284625,0.5582911633339595,1,557.7617217141881,26.51701545826443
244,646,3.1438846588134766,75.36497999034418,22.29393874290666,34,80,1113.5601229445556,-0.29624059796333313,37,29,2,0.03380208758758392,0.820757865283179,1.5794498053159864,1,483.22232462887365,21.174413746524834
212,647,5.6362409591674805,75.43558757167597,22.2807335082301,37,40,1079.1490611465028,0.5410144329071045,33,30,3,0.03336148962196396,1.056859046181931,0.09466267544199118,1,470.7311091961805,1.571137441527506
232,648,1.0022717714309692,75.36929190370796,22.28720137827576,39,40,1113.5601229445556,0.40581008791923523,36,25,2,0.03191931096675212,0.5193568492405658,0.2551439912009964,1,483.22232462887365,2.043862645461606
554,649,4.6273674964904785,75.4380130229431,22.331667984839676,33,30,1301.5499541205954,0.43001440167427063,40,27,3,0.031220019138939386,0.9584419515340706,0.22116182954973473,1,551.4626333457761,3.64943173273262
332,650,5.039630889892578,75.43477908792028,22.364546324238454,36,10,1298.9653347118108,0.44872552156448364,37,27,2,0.03281593356923771,0.9918871011700043,0.196330304084264,1,550.5244165003874,3.5181222859629124
565,651,3.1450769901275635,75.4266942503632,22.351880078732364,30,10,1298.9653347118108,0.4104315936565399,44,26,2,0.031703611295929815,0.8208826118092141,0.24850009913792528,1,550.5244165003874,3.5603520438622596
424,652,17.59271812438965,75.37683775209456,22.33490191986251,33,10,1318.9028146396367,0.5993203520774841,45,22,4,0.02728891532951007,2.1288978612786047,0.0502111175570759,1,557.7617217141881,1.6270080179704578
414,653,2.0049710273742676,75.43397060416456,22.35969542170421,32,40,1298.9653347118108,0.21877790987491608,40,28,2,0.03301824496905152,0.6854378961783333,0.5711568244018372,1,550.5244165003874,7.116296796269932
248,654,3.8372530937194824,75.38950399760066,22.292052280810005,37,40,1113.5601229445556,0.4305694103240967,37,26,4,0.029828233195941613,0.8890416786029933,0.22040674981442798,1,483.22232462887365,2.8243696218687324
596,655,34.01560974121094,75.39165995428255,22.304718526316094,27,30,1318.9028146396367,0.4263639450073242,47,26,4,0.029102474752075714,2.797927758284625,0.22615578693512214,1,557.7617217141881,10.271238864943042
530,656,6.599315643310547,75.44636735508541,22.337057876544392,32,40,1301.5499541205954,0.47904297709465027,41,27,3,0.031136560258307147,1.1626155817577724,0.1589622894690085,1,551.4626333457761,3.173342672804211
486,657,21.43482208251953,75.39058197594159,22.33085950108397,35,10,1318.9028146396367,0.38637226819992065,39,26,3,0.03082736298010855,2.4200406945191317,0.2838512042224093,1,557.7617217141881,11.811321530572476
464,658,33.49503707885742,75.39192944886778,22.302832064219444,27,10,1318.9028146396367,0.4025806188583374,47,26,4,0.029102474752075714,2.797927758284625,0.25982887596181076,1,557.7617217141881,11.80055785960945
264,659,11.421954154968262,75.35608666903141,22.3017540858785,33,30,1318.9028146396367,0.4017775058746338,40,27,4,0.03001808801227943,1.624461289157097,0.2609992597745111,1,557.7617217141881,7.09872536995604
412,660,9.658181190490723,75.41941789656184,22.36158188380086,34,30,1298.9653347118108,0.24707846343517303,37,29,3,0.03244990823941901,1.4655569609189822,0.5187572207085352,1,550.5244165003874,13.581787014720543
236,661,1.0022757053375244,75.40567367271481,22.287740367446233,35,40,1079.1490611465028,0.47005441784858704,37,28,3,0.03197882188612843,0.5193576647941208,0.16965770038016928,1,470.7311091961805,1.326402959032856
239,662,2.107541084289551,75.41079406983428,22.28908784037241,35,40,1079.1490611465028,0.5074581503868103,38,27,4,0.03019437923470044,0.69926652143535,0.12738151207864798,1,470.7311091961805,1.2660420832437702
590,663,2.729971408843994,75.39165995428255,22.357808959607553,32,10,1300.6844911000983,0.6704931259155273,43,25,4,0.02885863158027226,0.7756194880205838,0.0170829206874152,1,551.1484702693357,0.2107439798169825
614,664,21.587993621826172,75.43316212040887,22.32034921225977,29,30,1301.5499541205954,0.284442275762558,45,26,3,0.030373756063395554,2.4314461792849706,0.45157103614805294,1,551.4626333457761,18.390999402072612
382,665,12.915575981140137,75.37117836580461,22.359964916289442,32,10,1300.6844911000983,0.3810676038265228,40,28,3,0.03169742154818681,1.7527335876313939,0.2918922115476809,1,551.1484702693357,8.937806705950313
373,666,11.524792671203613,75.35420020693476,22.327625566061137,33,10,1318.9028146396367,0.613821804523468,41,26,3,0.030653976135144863,1.633460428128609,0.04162908055312854,1,557.7617217141881,1.16262848094578
264,667,2.107602596282959,75.368213925367,22.307143977583216,34,40,1318.9028146396367,0.5829725861549377,36,30,3,0.03302001439663262,0.6992746924220372,0.061063083865120764,1,557.7617217141881,0.7864163042525492
552,668,3.704791784286499,75.40809912398191,22.326008598549727,34,40,1301.5499541205954,0.40512821078300476,40,26,3,0.03073792932539105,0.8766006888617621,0.25613029542536114,1,551.4626333457761,3.805865674316046
573,669,1.0025547742843628,75.37818522502073,22.3265475877202,32,30,1318.9028146396367,0.4163479208946228,42,26,2,0.03184961282574046,0.5194155147729873,0.24010018453858872,1,557.7617217141881,2.215441439558145
260,670,4.7647294998168945,75.38195814921406,22.29582520500331,30,30,1113.5601229445556,0.24285712838172913,43,27,3,0.03098626133528859,0.9697735756570673,0.5264971379261185,1,483.22232462887365,7.645088735949218
428,671,3.5295565128326416,75.42022638031753,22.33059000649874,30,10,1301.5499541205954,0.530026912689209,43,27,3,0.03098626133528859,0.8597297168504345,0.10481453469299057,1,551.4626333457761,1.5398156132341447
443,672,18.326562881469727,75.43477908792028,22.348107154539065,29,10,1301.5499541205954,0.33183425664901733,46,25,2,0.031070892730257024,2.1854178040845693,0.3703638827654797,1,551.4626333457761,13.868609735615678
614,673,26.52606201171875,75.39570237306108,22.3122643747027,32,10,1318.9028146396367,0.544441282749176,43,25,3,0.03001413780555057,2.79507181751612,0.091610129165028,1,557.7617217141881,4.286581101974833
639,674,2.2081964015960693,75.39300742720872,22.316845782651704,33,40,1318.9028146396367,0.288393497467041,42,25,3,0.03008743592011844,0.7124511028089149,0.44461699526428633,1,557.7617217141881,5.315878018366161
573,675,2.004751443862915,75.39435490013489,22.344334230345765,34,40,1318.9028146396367,0.14612311124801636,41,25,4,0.02900491116713541,0.685407843128779,0.7101649366339444,1,557.7617217141881,7.874600703805225
481,676,43.239383697509766,75.40890760773763,22.306604988412744,30,30,1301.5499541205954,0.310324490070343,43,27,4,0.02979332958749055,2.797927758284625,0.4066044297360682,1,551.4626333457761,18.691481877817548
212,677,2.0037992000579834,75.40378721061816,22.278038562377745,36,40,1079.1490611465028,0.4791666567325592,37,27,2,0.03281593356923771,0.6852774925701935,0.1588174377390566,1,470.7311091961805,1.6812113658907453
269,678,0.9274099469184875,75.36605796868514,22.30795246133892,32,10,1318.9028146396367,0.6151975989341736,41,27,5,0.028830344978897478,0.5034748895187708,0.04086534987025875,1,557.7617217141881,0.3308503374301893
580,679,3.8373188972473145,75.37549027916839,22.327356071475904,33,40,1318.9028146396367,0.31248944997787476,43,24,3,0.02952011567090031,0.8890477951744674,0.40290830724900395,1,557.7617217141881,5.897909333583809
335,680,19.032245635986328,75.35204425025287,22.341639284493404,32,10,1318.9028146396367,0.47628727555274963,41,27,4,0.029937842192663638,2.2393071310653214,0.16220609775603478,1,557.7617217141881,6.065268629081598
283,681,8.802760124206543,75.36039858239516,22.304988020901327,33,30,1318.9028146396367,0.3353329300880432,41,26,5,0.02838350478085745,1.3848854510326825,0.36457417302755,1,557.7617217141881,7.993085877802988
239,682,2.9548988342285156,75.40378721061816,22.288818345787178,36,40,1079.1490611465028,0.3057442903518677,37,27,5,0.029169831478738396,0.8006175402869291,0.4144582912434985,1,470.7311091961805,4.556304634296438
237,683,1.002293586730957,75.38573107340736,22.290165818713355,36,40,1113.5601229445556,0.3620689809322357,38,26,3,0.03092224840606109,0.5193613718315485,0.32137866450042224,1,483.22232462887365,2.4940476227415753
377,684,3.837385654449463,75.3657884740999,22.362929356727037,30,10,1300.6844911000983,0.6413509845733643,42,28,3,0.03153723756746487,0.8890540003283672,0.02797392041379576,1,551.1484702693357,0.4322885488196245
562,685,2.2085909843444824,75.42885020704509,22.34729867078336,25,30,1301.5499541205954,0.2083994448184967,49,26,2,0.031443028206562924,0.7125020737206534,0.590652879881581,1,551.4626333457761,7.297244773195871
569,686,4.090982437133789,75.41672295070947,22.350802100391427,29,40,1298.9653347118108,0.25527721643447876,46,25,2,0.031070892730257024,0.9121800134274286,0.5038064747205623,1,550.5244165003874,7.860942394357299
217,687,4.733741283416748,75.42804172328937,22.28288946491199,37,40,1079.1490611465028,0.6029684543609619,35,28,2,0.03353500120108293,0.967234201871524,0.04796023232892332,1,470.7311091961805,0.7322917643711101
228,688,0.9274099469184875,75.44043847421023,22.29313025915095,35,40,1079.1490611465028,0.5358275175094604,37,28,3,0.03197882188612843,0.5034748895187708,0.09938608742794473,1,470.7311091961805,0.753249357211617
230,689,1.8543341159820557,75.38869551384494,22.285584410764343,35,40,1113.5601229445556,0.574201226234436,36,29,4,0.03130056078164722,0.6643390891346169,0.06740376574717724,1,483.22232462887365,0.6772875244138158
427,690,15.416080474853516,75.37522078458315,22.317115277236944,30,30,1318.9028146396367,0.3250901699066162,45,25,3,0.029884348831027915,1.957770541909034,0.3816089738179138,1,557.7617217141881,12.452967985104593
357,691,12.451619148254395,75.38519208423688,22.31199488011746,33,10,1318.9028146396367,0.46065574884414673,41,26,4,0.029473836945967745,1.7134224961959084,0.18119041873372524,1,557.7617217141881,5.103699267365276
361,692,11.679115295410156,75.42130435865849,22.30822195592416,31,10,1301.5499541205954,0.5625786185264587,41,28,4,0.030397442705295156,1.6469154478753387,0.07636351857200818,1,551.4626333457761,2.108193029670507
544,693,7.9693827629089355,75.41375851027186,22.325200114794015,32,30,1301.5499541205954,0.2822185754776001,42,26,2,0.03184961282574046,1.3035382403231401,0.45549818242812673,1,551.4626333457761,10.4287119497814
424,694,19.677383422851562,75.4334316149941,22.345951197857175,28,10,1301.5499541205954,0.5875625610351562,47,25,2,0.031018166932415797,2.288220022350212,0.05788943989081301,1,551.4626333457761,2.26584056827277
362,695,10.98089599609375,75.38007168711741,22.337596865714865,29,10,1318.9028146396367,0.45717430114746094,44,27,3,0.030919515101249465,1.585556078219915,0.18555128988478814,1,557.7617217141881,5.073725474658744
424,696,21.655044555664062,75.37306482790126,22.320888201430243,31,10,1318.9028146396367,0.4959528148174286,44,25,4,0.028793525498230874,2.436435290031748,0.1397524704360852,1,557.7617217141881,5.468370408899223
488,697,30.410747528076172,75.36497999034418,22.327356071475904,32,30,1318.9028146396367,0.24887150526046753,42,26,4,0.029398418583570066,2.797927758284625,0.5154781980764183,1,557.7617217141881,23.649364441553015
291,698,12.933107376098633,75.38734804091877,22.298520150855666,28,10,1113.5601229445556,0.46255242824554443,43,29,5,0.02957504606185617,1.7542102850353185,0.1788347272821399,1,483.22232462887365,4.483383918294611
418,699,19.65044593811035,75.35932060405423,22.35161058414713,31,10,1300.6844911000983,0.2626188397407532,42,27,4,0.029862908757758225,2.2861839290757584,0.4905139974270157,1,551.1484702693357,18.457092393205976
339,700,13.42041301727295,75.3644410011737,22.320888201430243,27,10,1318.9028146396367,0.418353796005249,48,25,3,0.029732574687794694,1.79501392394057,0.2372795302453831,1,557.7617217141881,7.063327123359859
555,701,16.14191246032715,75.43747403377265,22.335710403618215,32,40,1301.5499541205954,0.2509405314922333,41,27,2,0.032434012733165936,2.015480638565853,0.5117009136972392,1,551.4626333457761,18.446398910119633
575,702,4.209722995758057,75.39920580266914,22.337596865714865,33,40,1318.9028146396367,0.5093817114830017,41,26,3,0.030653976135144863,0.9227166185380914,0.12536962748686367,1,557.7617217141881,1.977862967080194
596,703,6.797295093536377,75.44825381718206,22.330051017328266,35,30,1301.5499541205954,0.41810712218284607,38,27,5,0.029077391889432647,1.183611289420058,0.2376256512495511,1,551.4626333457761,4.509973177813133
360,704,10.285772323608398,75.42076536948801,22.36373784048275,34,10,1298.9653347118108,0.6048935651779175,37,29,2,0.03380208758758392,1.5231531012178858,0.04679742137463706,1,550.5244165003874,1.3264338318183273
476,705,24.637691497802734,75.42372980992559,22.338405349470577,30,10,1301.5499541205954,0.5767178535461426,45,25,3,0.029884348831027915,2.6566414637436093,0.06554746353650609,1,551.4626333457761,2.8697807941589084
339,706,17.96413803100586,75.38653955716305,22.300676107537555,32,30,1318.9028146396367,0.3514246940612793,41,27,3,0.031136560258307147,2.1575689471958786,0.3383474322756135,1,557.7617217141881,12.6778878918223
406,707,14.019034385681152,75.44501988215924,22.348107154539065,32,30,1301.5499541205954,0.257720023393631,42,26,2,0.03184961282574046,1.8445298315961058,0.49937342342322566,1,551.4626333457761,16.17824308643288
269,708,1.365502953529358,75.44232493630687,22.308760945094633,34,30,1301.5499541205954,0.5374358892440796,37,29,5,0.0300464162166538,0.5877652351984525,0.09790819952559202,1,551.4626333457761,0.9535242196147792
249,709,3.143998622894287,75.43693504460217,22.299328634611378,34,30,1079.1490611465028,0.2484263926744461,38,28,5,0.029518332743616826,0.8207697898833303,0.5162917155505127,1,470.7311091961805,5.888182250849056
577,710,1.3656977415084839,75.40405670520337,22.345951197857175,29,40,1301.5499541205954,0.2992217242717743,43,28,3,0.031465490695431426,0.5877987841768751,0.42572156510260845,1,551.4626333457761,4.342151105585176
420,711,14.64706802368164,75.3515052610824,22.312803363873165,29,10,1318.9028146396367,0.38092198967933655,46,25,3,0.029827968920594666,1.8958146764383368,0.2921141499905817,1,557.7617217141881,9.213419881569088
558,712,7.968881607055664,75.40809912398191,22.316306793481232,32,40,1301.5499541205954,0.5860586166381836,43,25,3,0.03001413780555057,1.3034884156937676,0.05891839300232066,1,551.4626333457761,1.2711594528140548
552,713,10.933842658996582,75.43693504460217,22.331398490254443,33,30,1301.5499541205954,0.26297804713249207,40,27,3,0.031220019138939386,1.5813750253943468,0.48986600909435457,1,551.4626333457761,13.337100895087957
230,714,0.0,75.44043847421023,22.279386035303922,36,40,1079.1490611465028,0.35509735345840454,35,29,2,0.034024223438469926,0.16531147321376102,0.3324574883001788,1,470.7311091961805,0.8802382528061607
411,715,3.144899845123291,75.38869551384494,22.34325625200482,32,10,1318.9028146396367,0.5969998240470886,41,27,3,0.031136560258307147,0.8208640799626704,0.05167521620211594,1,557.7617217141881,0.7366698461605277
362,716,10.98089599609375,75.38007168711741,22.337596865714865,29,10,1318.9028146396367,0.5656922459602356,44,27,3,0.030919515101249465,1.585556078219915,0.07390096039365263,1,557.7617217141881,2.0207522436725545
493,717,21.654052734375,75.38950399760066,22.313342353043637,34,10,1318.9028146396367,0.5698198676109314,39,27,4,0.03010361039524557,2.436361506731112,0.07070668357887268,1,557.7617217141881,2.8924741578430777
450,718,7.445194721221924,75.37926320336169,22.345951197857175,30,30,1318.9028146396367,0.18822239339351654,44,26,2,0.031703611295929815,1.250774415806541,0.6289339964574874,1,557.7617217141881,13.910460288112764
242,719,2.95491099357605,75.3531222285938,22.29393874290666,39,40,1113.5601229445556,0.6111255288124084,35,26,2,0.032541148606565345,0.8006188604347484,0.04315108069591119,1,483.22232462887365,0.5432470316997456
334,720,5.547544956207275,75.4358570662612,22.36400733506798,36,40,1298.9653347118108,0.6891043782234192,37,27,2,0.03281593356923771,1.0467849577688695,0.011878476332113502,1,550.5244165003874,0.22463610440373954
483,721,23.144548416137695,75.35177475566763,22.32439163103831,31,10,1318.9028146396367,0.3569035828113556,41,28,3,0.03161456328084319,2.5467657080641657,0.3295742620791519,1,557.7617217141881,14.800560918266832
555,722,4.209641456604004,75.41591446695375,22.325469609379255,35,10,1301.5499541205954,0.543749988079071,39,26,4,0.02964054861738372,0.92270944377419,0.0922215421989114,1,551.4626333457761,1.3909120647146849
465,723,15.214612007141113,75.37953269794693,22.331128995669204,32,10,1318.9028146396367,0.5343825817108154,43,25,3,0.03001413780555057,1.9416236069452015,0.10072392159392772,1,557.7617217141881,3.2739515501606213
241,724,3.143862009048462,75.41833991822088,22.292860764565717,35,40,1079.1490611465028,0.5921522378921509,36,29,4,0.03130056078164722,0.8207554953006195,0.05481504680838075,1,470.7311091961805,0.6628856344300955
296,725,12.07949447631836,75.37198684956033,22.310377912606043,28,10,1318.9028146396367,0.37798795104026794,45,27,3,0.03085844514898048,1.6815563393038837,0.29659971872434854,1,557.7617217141881,8.58430032424514
346,726,21.483171463012695,75.4469063442559,22.365085313408926,35,30,1298.9653347118108,0.2728326916694641,38,27,2,0.032711939433240175,2.423642162281296,0.4721782704072691,1,550.5244165003874,20.609021614614242
588,727,14.552464485168457,75.41699244529471,22.313342353043637,30,30,1301.5499541205954,0.2826371490955353,43,27,3,0.03098626133528859,1.888130574117152,0.4547582289683912,1,551.4626333457761,14.672288601447722
218,728,4.733737468719482,75.44043847421023,22.280194519059627,36,40,1079.1490611465028,0.45816728472709656,35,29,2,0.034024223438469926,0.9672338886688805,0.18430262753753895,1,470.7311091961805,2.8551186007382583
221,729,6.107138633728027,75.35446970151997,22.28477592700864,39,30,1113.5601229445556,0.18836253881454468,37,24,2,0.03129592732344618,1.1093613772538409,0.6286664972777124,1,483.22232462887365,10.546981232441254
566,730,7.044036865234375,75.44259443089211,22.329242533572554,35,40,1301.5499541205954,0.5219879746437073,39,26,3,0.03082736298010855,1.209459634115519,0.11259081270449607,1,551.4626333457761,2.3149776299674456
320,731,2.1076149940490723,75.36039858239516,22.310916901776515,28,40,1318.9028146396367,0.1428571194410324,44,28,4,0.030190539575531843,0.6992763392703077,0.7165313562482583,1,557.7617217141881,8.437302403557718
445,732,18.820579528808594,75.35285273400856,22.355922497510903,26,10,1300.6844911000983,0.6468912959098816,47,27,4,0.029569627499412793,2.223187700134086,0.02563034715627056,1,551.1484702693357,0.9286350673646755
234,733,3.14375376701355,75.359051109469,22.287470872861,39,30,1113.5601229445556,0.2871934771537781,34,27,2,0.03316167259196058,0.8207441691383733,0.44672572506757097,1,483.22232462887365,5.875328933631385
470,734,20.253633499145508,75.37575977375363,22.35538350834043,33,30,1300.6844911000983,0.2849244177341461,44,23,3,0.0289516479865775,2.3316552098650507,0.4507208280644965,1,551.1484702693357,16.769258278466232
308,735,3.425503969192505,75.35446970151997,22.303371053389917,32,40,1318.9028146396367,0.2331179976463318,41,27,4,0.029937842192663638,0.8494755538873882,0.5444587229743114,1,557.7617217141881,7.722982421690333
378,736,22.377811431884766,75.42723323953368,22.357808959607553,31,10,1298.9653347118108,0.5124745965003967,42,27,2,0.03235283146545061,2.4900837184279307,0.12216895318137737,1,550.5244165003874,5.418307916794224
471,737,26.265470504760742,75.43100616372698,22.34514271410147,29,10,1301.5499541205954,0.5178389549255371,47,24,2,0.030501999286773482,2.7759831998805846,0.11671833112559873,1,551.4626333457761,5.450047653616094
247,738,1.0023354291915894,75.41753143446519,22.296094699588544,32,40,1079.1490611465028,0.5090740919113159,38,30,6,0.029309839172954284,0.5193700461441925,0.1256902776033585,1,470.7311091961805,0.9006683881834169
531,739,45.26926040649414,75.3808801708731,22.35753946502232,35,10,1300.6844911000983,0.4313991963863373,40,25,2,0.03151115064001727,2.797927758284625,0.21927991510357941,1,551.1484702693357,10.655362263581301
427,740,20.33843994140625,75.38195814921406,22.321427190600716,33,10,1318.9028146396367,0.6209689378738403,40,27,4,0.03001808801227943,2.3380288134514546,0.0377559426808304,1,557.7617217141881,1.4779743933532548
434,741,16.411760330200195,75.35366121776428,22.31388134221411,30,10,1318.9028146396367,0.49186989665031433,46,24,3,0.029332865432465435,2.036761737682029,0.14427994138459074,1,557.7617217141881,4.807833075850802
230,742,3.1438276767730713,75.42238233699942,22.2912437970543,38,40,1079.1490611465028,0.582760751247406,35,27,4,0.030497942757352518,0.8207519028866264,0.06121194637334324,1,470.7311091961805,0.7212594773169562
257,743,2.7802884578704834,75.40782962939667,22.29339975373619,34,40,1079.1490611465028,0.3813333213329315,38,28,5,0.029518332743616826,0.781315268995993,0.2914873827563188,1,470.7311091961805,3.1645415106833688
360,744,6.300469875335693,75.37495128999791,22.33921383322628,32,10,1318.9028146396367,0.5172186493873596,41,27,3,0.031136560258307147,1.130467173488904,0.11734205150752487,1,557.7617217141881,2.303726784975773
400,745,17.209089279174805,75.35204425025287,22.346490187027648,31,10,1318.9028146396367,0.47782978415489197,40,29,3,0.03217062461549416,2.099136691413414,0.16038651344967164,1,557.7617217141881,6.041110305011376
633,746,3.144300699234009,75.40001428642483,22.31415083679935,31,40,1318.9028146396367,0.32179808616638184,42,27,3,0.03105862647148713,0.8208013963131491,0.38713791528152125,1,557.7617217141881,5.504713815494541
598,747,21.71418571472168,75.39839731891342,22.30822195592416,30,10,1318.9028146396367,0.5418429970741272,45,25,4,0.028733839316599834,2.4408340476679387,0.09391963663303034,1,557.7617217141881,3.67398197453639
216,748,2.7802884578704834,75.35716464737234,22.27669108945156,37,40,1113.5601229445556,0.6240694522857666,36,27,2,0.03292556361491613,0.781315268995993,0.03614807303707151,1,483.22232462887365,0.4493571650145148
473,749,24.48648452758789,75.42750273411892,22.34325625200482,29,10,1301.5499541205954,0.5672590732574463,45,26,2,0.03163942268322379,2.645537981676091,0.07267899167254681,1,551.4626333457761,3.354806958833608
403,750,13.235016822814941,75.4191484019766,22.36212087297133,34,30,1298.9653347118108,0.2917822301387787,37,29,3,0.03244990823941901,1.7795445235892402,0.4386777714077734,1,550.5244165003874,13.945835727085603
499,751,30.452510833740234,75.42642475577796,22.334093436106798,33,30,1301.5499541205954,0.4312080442905426,41,26,4,0.029473836945967745,2.797927758284625,0.21953927552950206,1,551.4626333457761,9.983929154053124
454,752,31.713764190673828,75.42561627202224,22.334362930692038,32,10,1301.5499541205954,0.5331171751022339,42,26,4,0.029398418583570066,2.797927758284625,0.10190338930884539,1,551.4626333457761,4.622375103816441
555,753,3.529343366622925,75.41241103734569,22.319001739333594,34,40,1301.5499541205954,0.592896580696106,40,26,2,0.03201877095158267,0.8597088965749463,0.05432577020194472,1,551.4626333457761,0.8246659458472148
273,754,4.733774662017822,75.37360381707174,22.304718526316094,32,40,1318.9028146396367,0.6476544141769409,41,27,3,0.031136560258307147,0.9672369423883119,0.025317855795273507,1,557.7617217141881,0.4252840906369777
484,755,26.2027587890625,75.36929190370796,22.334093436106798,34,10,1318.9028146396367,0.4563843607902527,39,27,3,0.03130896585772835,2.771389284874371,0.18654738094125856,1,557.7617217141881,9.028261268459929
445,756,19.759002685546875,75.37791573043552,22.32007971767454,29,10,1318.9028146396367,0.46141165494918823,45,26,4,0.029204404991453454,2.294386103124289,0.18024987189010883,1,557.7617217141881,6.7365654974369145
367,757,18.564472198486328,75.37225634414554,22.34110029532293,34,30,1318.9028146396367,0.39309728145599365,40,26,2,0.03201877095158267,2.203633641062945,0.2737825612007628,1,557.7617217141881,10.774535071605579
559,758,11.883977890014648,75.41887890739136,22.349724122050482,27,10,1301.5499541205954,0.6983546614646912,46,27,3,0.030803116463862776,1.6646875228200837,0.009751803632638391,1,551.4626333457761,0.2757581902139421
219,759,4.868404865264893,75.36929190370796,22.277230078622033,38,40,1113.5601229445556,0.4612963795661926,36,26,2,0.03242539516672407,0.9781994091670404,0.1803931590418403,1,483.22232462887365,2.7649019063253735
592,760,8.374152183532715,75.41295002651617,22.313072858458405,32,30,1301.5499541205954,0.20475563406944275,44,24,3,0.029452067145342455,1.3434149746218291,0.5975303337166925,1,551.4626333457761,13.037730944249688
468,761,21.20921516418457,75.368213925367,22.332476468595388,34,10,1318.9028146396367,0.4653111398220062,37,29,3,0.03244990823941901,2.403219689907947,0.17543387026459617,1,557.7617217141881,7.630782888398049
232,762,2.954875946044922,75.41807042363564,22.279386035303922,34,30,1079.1490611465028,0.4280945956707001,38,28,2,0.03320799597677619,0.8006150552940191,0.2237822420705342,1,470.7311091961805,2.8006893604199536
265,763,1.365485429763794,75.4358570662612,22.3055270100718,33,30,1301.5499541205954,0.19114623963832855,39,28,5,0.029431471460504434,0.5877622168817381,0.6233576459145314,1,551.4626333457761,5.94657665650569
537,764,19.96139907836914,75.37549027916839,22.321427190600716,32,30,1318.9028146396367,0.4161697030067444,43,25,4,0.02885863158027226,2.3096562564123926,0.24035146590047854,1,557.7617217141881,8.935493932208438
569,765,1.8543341159820557,75.42453829368131,22.352149573317604,31,10,1298.9653347118108,0.46679195761680603,45,24,2,0.030614290023118454,0.6643390891346169,0.17362088841980078,1,550.5244165003874,1.9439834278598178
312,766,3.837341547012329,75.35339172317904,22.33948332781152,34,30,1318.9028146396367,0.4548788070678711,39,27,3,0.03130896585772835,0.8890499005017134,0.18845257283714298,1,557.7617217141881,2.9258067514173898
569,767,4.7338056564331055,75.43289262582363,22.325469609379255,34,30,1301.5499541205954,0.3681785464286804,39,27,3,0.03130896585772835,0.9672394871437086,0.3117819436113294,1,551.4626333457761,5.206786756039895
241,768,3.1438961029052734,75.3582426257133,22.294477732077127,38,40,1113.5601229445556,0.46559298038482666,35,27,2,0.033040813608461624,0.8207590627441868,0.17508813366812265,1,483.22232462887365,2.2944052279742166
568,769,2.2084100246429443,75.40055327559531,22.333284952351093,33,50,1301.5499541205954,0.32278481125831604,40,27,4,0.03001808801227943,0.7124786986126287,0.38547804755887644,1,551.4626333457761,4.546431500293247
246,770,2.9549062252044678,75.36848341995224,22.292052280810005,38,40,1113.5601229445556,0.4653646647930145,36,26,2,0.03242539516672407,0.8006183427301069,0.17536818623751577,1,483.22232462887365,2.199928742640509
588,771,26.696853637695312,75.42238233699942,22.31388134221411,32,30,1301.5499541205954,0.24378111958503723,42,26,3,0.03057553800422461,2.797927758284625,0.5248005833744988,1,551.4626333457761,24.758310429321277
248,772,3.0044546127319336,75.36390201200325,22.291513291639532,38,50,1113.5601229445556,0.18608082830905914,35,27,2,0.033040813608461624,0.805971210113757,0.6330243082811662,1,483.22232462887365,8.145873084989246
367,773,2.1077990531921387,75.42076536948801,22.364815818823686,34,40,1298.9653347118108,0.4005449414253235,37,29,2,0.03380208758758392,0.6993007879518938,0.26279959385224466,1,550.5244165003874,3.4198638409836386
475,774,31.53838348388672,75.42022638031753,22.311186396361755,31,30,1301.5499541205954,0.3587694466114044,41,28,4,0.030397442705295156,2.797927758284625,0.3266052678341804,1,551.4626333457761,15.318379374481651
254,775,1.3654781579971313,75.43531807709076,22.30417953714562,31,40,1301.5499541205954,0.4460723102092743,40,29,5,0.029787818505220272,0.5877609643761526,0.1997717987810927,1,551.4626333457761,1.9288111543108357
530,776,33.69834518432617,75.359051109469,22.325200114794015,28,30,1318.9028146396367,0.2793508768081665,48,24,3,0.02923660647542907,2.797927758284625,0.4605767823594397,1,557.7617217141881,21.014265094456015
602,777,16.921483993530273,75.35500869069045,22.321696685185948,32,10,1318.9028146396367,0.3977891206741333,43,25,4,0.02885863158027226,2.0767210390925017,0.2668427451960006,1,557.7617217141881,8.919859269927878
400,778,7.553056716918945,75.37953269794693,22.362390367556564,34,30,1300.6844911000983,0.3097398579120636,40,26,4,0.029554558044904502,1.26174080497343,0.40760433914802346,1,551.1484702693357,8.37726054423708
486,779,19.140729904174805,75.38680905174829,22.348107154539065,31,10,1318.9028146396367,0.44120052456855774,44,25,3,0.029946424861056514,2.2475546579669663,0.2061602650190924,1,557.7617217141881,7.7394288798950575
213,780,2.7802884578704834,75.43855201211358,22.28154199198581,37,40,1079.1490611465028,0.5117892026901245,33,30,3,0.03336148962196396,0.781315268995993,0.12287458409694503,1,470.7311091961805,1.5076714366248025
322,781,5.636318206787109,75.36255453907705,22.341908779078643,35,30,1318.9028146396367,0.32282280921936035,36,29,3,0.03255384241204233,1.0568677933624797,0.38541417343679685,1,557.7617217141881,7.396040965538999
215,782,2.1075165271759033,75.43612656084645,22.282080981156284,37,10,1079.1490611465028,0.4376869201660156,34,29,3,0.03277783947746593,0.6992632593349521,0.21082276635290695,1,470.7311091961805,2.2746335595986324
227,783,3.1436569690704346,75.41079406983428,22.28288946491199,38,40,1079.1490611465028,0.4243490397930145,39,23,2,0.030571039046440564,0.820734040259245,0.2289326171523982,1,470.7311091961805,2.7039161495745154
463,784,22.66636848449707,75.3838446113107,22.31846275016312,32,10,1318.9028146396367,0.46525847911834717,40,28,4,0.030477111034471926,2.5114409996160467,0.1754985048616696,1,557.7617217141881,7.492364614659622
218,785,0.9274099469184875,75.44771482801158,22.283697948667694,38,40,1079.1490611465028,0.52984619140625,35,27,3,0.03171908737802791,0.5034748895187708,0.10498612909455937,1,470.7311091961805,0.7892295223531642
488,786,36.79764938354492,75.43100616372698,22.345951197857175,29,10,1301.5499541205954,0.6395604610443115,46,25,2,0.031070892730257024,2.797927758284625,0.028759681559288836,1,551.4626333457761,1.378765449563816
420,787,29.523195266723633,75.39651085681678,22.302562569634205,25,10,1318.9028146396367,0.4440934956073761,46,29,6,0.028365567979288166,2.797927758284625,0.20235589260558404,1,557.7617217141881,8.957618097709398
311,788,7.447546482086182,75.43558757167597,22.313072858458405,30,10,1301.5499541205954,0.5021833777427673,41,29,5,0.02971175176738569,1.2510141454558392,0.1329817164265105,1,551.4626333457761,2.725828342528308
357,789,5.510612487792969,75.36039858239516,22.335979898203455,33,30,1318.9028146396367,0.5223390460014343,39,28,2,0.03311027741098904,1.042571971595327,0.11224511046379347,1,557.7617217141881,2.1611504536351025
474,790,24.483129501342773,75.38815652467446,22.306604988412744,35,10,1318.9028146396367,0.5131320357322693,40,25,4,0.02908600495816616,2.6452915657516813,0.12149405902907952,1,557.7617217141881,5.213884050522243
247,791,3.704791784286499,75.37306482790126,22.290704807883827,36,40,1113.5601229445556,0.5064399838447571,36,28,2,0.033420379135029564,0.8766006888617621,0.12845301245284516,1,483.22232462887365,1.8184629791532931
210,792,2.207669258117676,75.40136175935103,22.276421594866328,36,40,1079.1490611465028,0.6133415699005127,36,28,3,0.03208346920728807,0.7123829996406998,0.04189771553192959,1,470.7311091961805,0.4507732269357613
403,793,12.504681587219238,75.37387331165698,22.34514271410147,30,10,1318.9028146396367,0.5062735080718994,43,27,2,0.032277450892598966,1.717941532061297,0.12862864122148987,1,557.7617217141881,3.9782676305951328
593,794,31.094837188720703,75.39758883515773,22.31388134221411,32,30,1318.9028146396367,0.2879428565502167,43,25,3,0.03001413780555057,2.797927758284625,0.4454085450233826,1,557.7617217141881,20.862657086865916
253,795,2.9549102783203125,75.38680905174829,22.29366924832142,35,40,1113.5601229445556,0.26646289229393005,38,27,3,0.03140336910232677,0.8006187827790838,0.48359132478699685,1,483.22232462887365,5.87526567669156
231,796,4.209364414215088,75.40190074852148,22.28477592700864,37,30,1079.1490611465028,0.23716096580028534,37,26,5,0.028724790772019435,0.922685065746014,0.5369850191189214,1,470.7311091961805,6.6995469608883
243,797,0.0,75.42238233699942,22.29555571041807,36,40,1079.1490611465028,0.420968234539032,35,29,4,0.03140566788355613,0.16531147321376102,0.23362408361108442,1,470.7311091961805,0.5709545539537507
240,798,2.7292697429656982,75.36605796868514,22.2912437970543,35,40,1113.5601229445556,0.543749988079071,38,27,2,0.032711939433240175,0.7755396202154137,0.0922215421989114,1,483.22232462887365,1.1305496864975024
230,799,2.0040457248687744,75.44771482801158,22.29528621583284,35,10,1079.1490611465028,0.48166337609291077,37,28,3,0.03197882188612843,0.6853112423622115,0.15590687499460917,1,470.7311091961805,1.6083793314585975
227,800,0.0,75.37926320336169,22.28315895949722,37,40,1113.5601229445556,0.5735607743263245,37,26,2,0.03231526470942818,0.16531147321376102,0.06788093434316649,1,483.22232462887365,0.1752288116764226
251,801,1.0023733377456665,75.44394190381828,22.30148459129326,33,40,1301.5499541205954,0.31589412689208984,38,29,6,0.028892042245502493,0.5193779047357385,0.3971170959406305,1,551.4626333457761,3.2862181160152057
572,802,1.8543341159820557,75.39651085681678,22.323313652697365,35,40,1318.9028146396367,0.4148445427417755,41,24,2,0.030909323379618,0.6643390891346169,0.24222332420010978,1,557.7617217141881,2.774239627452318
316,803,13.40748405456543,75.43100616372698,22.310377912606043,32,30,1301.5499541205954,0.3174019753932953,41,27,4,0.029937842192663638,1.7939372532044946,0.39456076924280375,1,551.4626333457761,11.685780793264296
375,804,11.526446342468262,75.36282403366229,22.361851378386092,31,10,1300.6844911000983,0.5681818127632141,42,27,3,0.03105862647148713,1.6336049201165495,0.07196474812421726,1,551.1484702693357,2.0124156891814913
558,805,6.5987467765808105,75.43882150669882,22.32223567435642,30,30,1301.5499541205954,0.237682044506073,43,27,3,0.03098626133528859,1.1625549145639316,0.5360235455691621,1,551.4626333457761,10.648357250416527
554,806,5.714663505554199,75.42534677743703,22.3265475877202,34,40,1301.5499541205954,0.3877774775028229,40,26,3,0.03073792932539105,1.0657157812760567,0.28173565070032586,1,551.4626333457761,5.089485728016187
367,807,7.44519567489624,75.36417150658849,22.34702917619812,32,30,1318.9028146396367,0.38064515590667725,40,28,3,0.03169742154818681,1.2507745130261976,0.2925362645588111,1,557.7617217141881,6.468913980850754
312,808,8.996198654174805,75.36929190370796,22.317384771822177,25,10,1318.9028146396367,0.46861588954925537,49,26,4,0.02902312532994024,1.4033632141535815,0.171399918587725,1,557.7617217141881,3.8937994811285663
566,809,6.300334930419922,75.43262313123839,22.325739103964487,34,40,1301.5499541205954,0.5480694770812988,39,27,3,0.03130896585772835,1.130452528089151,0.08843751690929595,1,551.4626333457761,1.7261307248975306
565,810,2.004591703414917,75.40621266188526,22.333284952351093,33,40,1301.5499541205954,0.30365487933158875,42,25,4,0.028929107810425757,0.6853859791956015,0.4180563567309058,1,551.4626333457761,4.571104793347171
364,811,11.036399841308594,75.42022638031753,22.30795246133892,31,30,1301.5499541205954,0.21396510303020477,41,28,4,0.030397442705295156,1.5904803038958446,0.5801803388996162,1,551.4626333457761,15.468366075079645
342,812,14.261162757873535,75.35177475566763,22.3408308007377,33,10,1318.9028146396367,0.5629607439041138,41,26,4,0.029473836945967745,1.8643791816625064,0.07605884587239985,1,557.7617217141881,2.3311453784667697
399,813,20.503833770751953,75.43019767997126,22.360503905459915,34,30,1298.9653347118108,0.4396362006664276,37,29,2,0.03380208758758392,2.3504458204042926,0.20823043979434697,1,550.5244165003874,9.10782273188912
376,814,14.336817741394043,75.36686645244083,22.323313652697365,31,10,1318.9028146396367,0.41701987385749817,44,25,3,0.029946424861056514,1.8705610882064663,0.23915373775910181,1,557.7617217141881,7.472101394575266
495,815,27.988935470581055,75.37387331165698,22.33463242527727,34,10,1318.9028146396367,0.4007730185985565,42,24,3,0.02959372823182635,2.797927758284625,0.2624660808306214,1,557.7617217141881,12.121547580787077
395,816,9.966896057128906,75.35878161488375,22.31657628806647,26,30,1318.9028146396367,0.30835413932800293,48,26,4,0.029059936236778532,1.4940460190145715,0.40997739753991397,1,557.7617217141881,9.928125354318166
556,817,0.0,75.40890760773763,22.320888201430243,34,40,1301.5499541205954,0.44585004448890686,41,25,2,0.03142329537530095,0.16531147321376102,0.20006131359535193,1,551.4626333457761,0.5731046475531495
408,818,4.6273674964904785,75.36632746327035,22.336249392788687,33,30,1318.9028146396367,0.3138432800769806,41,26,2,0.03193131945344525,0.9584419515340706,0.40060234642623727,1,557.7617217141881,6.8382484260053555
240,819,2.1075611114501953,75.42103486407325,22.2950167212476,36,10,1079.1490611465028,0.5038945078849792,35,29,4,0.03140566788355613,0.6992691817722498,0.13115169571285018,1,470.7311091961805,1.3558112484471048
599,820,5.084723472595215,75.40432619978861,22.3198102230893,30,40,1301.5499541205954,0.6606571078300476,42,28,3,0.03153723756746487,0.9954461445770525,0.020368949863872478,1,551.4626333457761,0.35263559519380433
351,821,6.065197944641113,75.37225634414554,22.348646143709537,30,10,1318.9028146396367,0.30962345004081726,40,30,3,0.03264007387934079,1.1047494216767537,0.4078035249628573,1,557.7617217141881,8.201902407270737
224,822,2.7802884578704834,75.39058197594159,22.278038562377745,37,40,1113.5601229445556,0.4062193036079407,37,26,2,0.03231526470942818,0.781315268995993,0.2545528208440826,1,483.22232462887365,3.1056959361826206
561,823,5.715069770812988,75.44070796879546,22.339752822396754,35,30,1301.5499541205954,0.21229791641235352,41,24,2,0.030909323379618,1.0657615416784978,0.5833132157678776,1,551.4626333457761,10.59662216199493
373,824,13.095857620239258,75.37414280624222,22.338405349470577,32,10,1318.9028146396367,0.41447368264198303,42,26,3,0.03057553800422461,1.767889570426655,0.24274826285864778,1,557.7617217141881,7.318702235212853
577,825,7.96883487701416,75.41699244529471,22.315498309725527,33,10,1301.5499541205954,0.4979328513145447,42,25,2,0.03134117165305953,1.3034837697611732,0.1375825884827589,1,551.4626333457761,3.0995626740312057
257,826,4.209435939788818,75.39300742720872,22.29528621583284,33,40,1113.5601229445556,0.20977997779846191,42,25,4,0.028929107810425757,0.9226913596479299,0.5880515413491821,1,483.22232462887365,7.584970161440862
212,827,3.4253089427948,75.43504858250552,22.279925024474394,38,40,1079.1490611465028,0.4841875433921814,35,27,3,0.03171908737802791,0.8494561618902887,0.15299068384281692,1,470.7311091961805,1.9404369711847207
568,828,2.2083122730255127,75.38546157882212,22.325739103964487,32,40,1318.9028146396367,0.35285916924476624,42,26,3,0.03057553800422461,0.7124660712665035,0.33604257909358637,1,557.7617217141881,4.0830181476401854
578,829,2.1077229976654053,75.40405670520337,22.342447768249116,30,40,1301.5499541205954,0.5215648412704468,43,27,3,0.03098626133528859,0.6992906856073785,0.11300821236718617,1,551.4626333457761,1.3503707377402911
217,830,0.9274099469184875,75.40809912398191,22.279386035303922,37,40,1079.1490611465028,0.49071094393730164,36,27,2,0.03292556361491613,0.5034748895187708,0.14557804336602292,1,470.7311091961805,1.1360038718803005
359,831,7.970103740692139,75.36390201200325,22.338135854885337,35,30,1318.9028146396367,0.2018740326166153,38,27,2,0.032711939433240175,1.3036099175105618,0.6029806918708681,1,557.7617217141881,14.341879228298776
223,832,4.002874851226807,75.3913904596973,22.283967443252934,37,40,1113.5601229445556,0.5793520212173462,35,28,2,0.03353500120108293,0.9042441396003675,0.06363641683471516,1,483.22232462887365,0.9324740126599902
399,833,10.426606178283691,75.37818522502073,22.335171414447743,31,30,1318.9028146396367,0.40528491139411926,42,27,3,0.03105862647148713,1.5359093012593201,0.2559034986078834,1,557.7617217141881,6.808833990659416
566,834,3.0053915977478027,75.40405670520337,22.33490191986251,32,30,1301.5499541205954,0.05844152718782425,41,27,4,0.029937842192663638,0.8060719270721832,0.883258066066813,1,551.4626333457761,11.754333095921579
217,835,0.9274099469184875,75.38627006257781,22.275613111110623,38,40,1113.5601229445556,0.4550875723361969,36,26,2,0.03242539516672407,0.5034748895187708,0.18818786588711894,1,483.22232462887365,1.484573487257114
248,836,3.8372457027435303,75.35177475566763,22.288009862031473,38,40,1113.5601229445556,0.5423312783241272,37,25,2,0.031808802988916564,0.889040991592893,0.09348324144077962,1,483.22232462887365,1.2774675144872052
273,837,1.0024211406707764,75.36686645244083,22.30795246133892,32,40,1318.9028146396367,0.6841511130332947,41,27,4,0.029937842192663638,0.5193878142151048,0.013139372906342948,1,557.7617217141881,0.11395557986072372
362,838,27.661157608032227,75.44340291464783,22.364815818823686,35,30,1298.9653347118108,0.3399622440338135,37,28,2,0.03331137118685462,2.797927758284625,0.3569606638113783,1,550.5244165003874,18.315802530345646
470,839,22.574613571166992,75.37602926833887,22.35484451916996,33,30,1300.6844911000983,0.3904667794704437,44,23,3,0.0289516479865775,2.5046533412486367,0.27770403949850087,1,551.1484702693357,11.098689932937514
575,840,2.004831314086914,75.40675165105574,22.349993616635714,30,40,1301.5499541205954,0.3547457754611969,43,27,3,0.03098626133528859,0.6854187747046677,0.3330197386922586,1,551.4626333457761,3.900418805349966
554,841,1.0024889707565308,75.40971609149335,22.317384771822177,32,40,1301.5499541205954,0.5163447260856628,44,24,3,0.029452067145342455,0.5194018748106092,0.118223703175461,1,551.4626333457761,0.9973324366186377
374,842,13.061036109924316,75.38222764379927,22.315228815140294,28,30,1318.9028146396367,0.37572619318962097,43,29,4,0.030711150438494268,1.7649672314214053,0.3000751204230067,1,557.7617217141881,9.072175168371182
213,843,2.0037553310394287,75.35959009863947,22.27507412194015,38,40,1113.5601229445556,0.6168341636657715,35,27,2,0.033040813608461624,0.6852714865442429,0.039968164341427116,1,483.22232462887365,0.43729507617453134
553,844,5.510605812072754,75.4393604958693,22.335440909032982,34,30,1301.5499541205954,0.06154485419392586,38,28,3,0.031879581977570015,1.0425712090999932,0.8770756256362578,1,551.4626333457761,16.07575866929358
290,845,12.838591575622559,75.36417150658849,22.311455890946988,28,10,1318.9028146396367,0.3633272349834442,43,29,5,0.02957504606185617,1.7462416780898729,0.3193935724865092,1,557.7617217141881,9.200356528273609
422,846,20.421241760253906,75.41321952110141,22.361851378386092,33,30,1298.9653347118108,0.35398679971694946,40,27,3,0.031220019138939386,2.344247337213241,0.3342346556965386,1,550.5244165003874,13.466807744900683
333,847,22.1838321685791,75.4064821564705,22.303101558804677,31,30,1301.5499541205954,0.2572001516819,43,26,5,0.028243392385671064,2.475707754883241,0.5003160107753047,1,551.4626333457761,19.291976677230018
484,848,24.311819076538086,75.39678035140201,22.364276829653214,33,10,1300.6844911000983,0.5283809304237366,43,24,3,0.02952011567090031,2.6327064105492632,0.1063828790214958,1,551.1484702693357,4.556809064677529
234,849,2.7802884578704834,75.37764623585028,22.28531491617911,38,40,1113.5601229445556,0.5786585211753845,36,26,2,0.03242539516672407,0.781315268995993,0.06413637034501075,1,483.22232462887365,0.7851686625222131
470,850,18.00394058227539,75.3808801708731,22.325200114794015,31,10,1318.9028146396367,0.7103400826454163,42,27,4,0.029862908757758225,2.1606334297576435,0.0074120457560388564,1,557.7617217141881,0.266747277941656
270,851,3.4255294799804688,75.36255453907705,22.30633549382751,33,30,1318.9028146396367,0.42716193199157715,40,27,3,0.031220019138939386,0.84947809044484,0.22506003823226262,1,557.7617217141881,3.329142932367843
579,852,4.733810901641846,75.444750387574,22.32897303898732,35,30,1301.5499541205954,0.2823137640953064,38,27,5,0.029077391889432647,0.9672399177936508,0.45532987837110594,1,551.4626333457761,7.062068093444812
394,853,27.08470916748047,75.35797313112806,22.34541220868671,31,10,1318.9028146396367,0.4043392539024353,44,25,4,0.028793525498230874,2.797927758284625,0.257273408502419,1,557.7617217141881,11.560455511290154
573,854,3.1450655460357666,75.41510598319806,22.3513410895619,29,40,1298.9653347118108,0.3405373990535736,46,25,2,0.031070892730257024,0.8208814146158262,0.35601855171241537,1,550.5244165003874,4.999002673812067
570,855,0.9274099469184875,75.39704984598725,22.33274596318062,34,40,1318.9028146396367,0.31238123774528503,40,26,2,0.03201877095158267,0.5034748895187708,0.40309280237789935,1,557.7617217141881,3.624400838163796
260,856,4.6273674964904785,75.40217024310672,22.29393874290666,35,40,1079.1490611465028,0.6716330647468567,39,26,5,0.028544049250562385,0.9584419515340706,0.016726730240192927,1,470.7311091961805,0.21540974676202773
259,857,1.3654723167419434,75.36336302283277,22.303101558804677,35,40,1318.9028146396367,0.6307498216629028,38,27,4,0.03019437923470044,0.5877599582622144,0.03283100461733845,1,557.7617217141881,0.32498175494943615
340,858,8.020922660827637,75.35285273400856,22.30983892343557,29,30,1318.9028146396367,0.4279254078865051,46,25,3,0.029827968920594666,1.3086562001993165,0.22401380677335347,1,557.7617217141881,4.877224439238946
298,859,8.949760437011719,75.36524948492942,22.31657628806647,29,10,1318.9028146396367,0.5119916200637817,43,28,4,0.030254109225286912,1.3989403837459788,0.12266597355119016,1,557.7617217141881,2.89571885395594
237,860,3.143839120864868,75.35797313112806,22.291782786224772,40,40,1113.5601229445556,0.49116066098213196,34,26,2,0.032662516686708394,0.8207531003605517,0.14507365303743017,1,483.22232462887365,1.8793069236818194
587,861,32.0291748046875,75.39462439472013,22.305257515486566,28,10,1318.9028146396367,0.5526398420333862,45,27,2,0.03214430863861104,2.797927758284625,0.08452813761716231,1,557.7617217141881,4.240241504865943
549,862,11.795379638671875,75.43558757167597,22.331667984839676,33,60,1301.5499541205954,0.13720932602882385,39,28,3,0.031785772431492,1.657013863002633,0.7275595971033082,1,551.4626333457761,21.13214469644151
515,863,19.56261444091797,75.35797313112806,22.35484451916996,31,30,1300.6844911000983,0.37902146577835083,43,26,3,0.030502655780190742,2.2795414453779523,0.2950167202898037,1,551.1484702693357,11.30577617980598
570,864,1.3656494617462158,75.41483648861282,22.33678838195916,29,40,1301.5499541205954,0.4846656024456024,45,26,3,0.030373756063395554,0.5877904690608301,0.15244137733497018,1,551.4626333457761,1.500859349191209
570,865,3.5296480655670166,75.41699244529471,22.335440909032982,30,40,1301.5499541205954,0.3612046241760254,45,25,2,0.031129621977088295,0.859738659558296,0.32274490163298114,1,551.4626333457761,4.7633860846667275
560,866,4.869614601135254,75.43828251752834,22.32897303898732,36,30,1301.5499541205954,0.30697131156921387,39,25,3,0.030340426377585668,0.9782970995668858,0.41234973523253593,1,551.4626333457761,6.749541251796716
573,867,5.329896450042725,75.40243973769196,22.32250516894166,32,50,1301.5499541205954,0.41859686374664307,42,26,2,0.03184961282574046,1.0217986710275602,0.23693867560914417,1,551.4626333457761,4.252276905116466
425,868,16.661251068115234,75.43558757167597,22.33921383322628,32,10,1301.5499541205954,0.5903295278549194,41,27,3,0.031136560258307147,2.0563584086343605,0.056024143284340466,1,551.4626333457761,1.9781570079347637
569,869,3.1444146633148193,75.38950399760066,22.3198102230893,33,40,1318.9028146396367,0.3915131986141205,40,27,3,0.031220019138939386,0.8208133199742139,0.2761414510654683,1,557.7617217141881,3.946915867727321
584,870,4.409845352172852,75.40594316730002,22.31657628806647,32,30,1301.5499541205954,0.5939927697181702,43,25,4,0.02885863158027226,0.9400842702523811,0.053609947042526404,1,551.4626333457761,0.8020547005694675
491,871,24.897300720214844,75.41375851027186,22.35484451916996,33,10,1298.9653347118108,0.40668296813964844,40,27,3,0.031220019138939386,2.675695906162237,0.25388366474187635,1,550.5244165003874,11.675655251137556
382,872,7.507517337799072,75.3846530950664,22.34271726283435,36,10,1318.9028146396367,0.6166924238204956,39,25,3,0.030340426377585668,1.2571179082752766,0.04004538280575167,1,557.7617217141881,0.8519200675340434
217,873,3.0041627883911133,75.37522078458315,22.277769067792505,41,10,1113.5601229445556,0.711570680141449,33,26,2,0.03278949581940716,0.805939837958089,0.007196879052543186,1,483.22232462887365,0.09190276059470329
527,874,4.1097331047058105,75.44663684967065,22.338135854885337,32,40,1301.5499541205954,0.5328999161720276,41,27,3,0.031136560258307147,0.9138558001489118,0.1021066302265843,1,551.4626333457761,1.602205948262353
584,875,0.9274099469184875,75.38923450301542,22.35538350834043,31,40,1300.6844911000983,0.5148331522941589,44,25,4,0.028793525498230874,0.5034748895187708,0.11975668664876009,1,551.1484702693357,0.9568437771749811
429,876,16.713106155395508,75.41268053193093,22.356191992096143,32,40,1298.9653347118108,0.48494482040405273,40,28,4,0.030477111034471926,2.060422193347588,0.15212098911855698,1,550.5244165003874,5.258910046679921
376,877,13.951329231262207,75.42885020704509,22.311725385532228,34,10,1301.5499541205954,0.46159791946411133,40,26,4,0.029554558044904502,1.8389615146025784,0.1800184563765163,1,551.4626333457761,5.395481820720734
347,878,4.110012054443359,75.44825381718206,22.348107154539065,34,30,1301.5499541205954,0.2489824742078781,39,27,2,0.03261360242966765,0.9138806962834544,0.5152754335278473,1,551.4626333457761,8.469227603220162
375,879,14.467154502868652,75.37926320336169,22.319001739333594,29,10,1318.9028146396367,0.45248937606811523,45,26,4,0.029204404991453454,1.8811890833241762,0.1914943156485358,1,557.7617217141881,5.8679364945203005
236,880,3.004424810409546,75.35581717444617,22.289896324128122,39,40,1113.5601229445556,0.42550015449523926,36,25,2,0.03191931096675212,0.805968006341201,0.22734444952900906,1,483.22232462887365,2.8261984645863403
213,881,3.425320625305176,75.42534677743703,22.281272497400572,38,40,1079.1490611465028,0.5348837375640869,36,26,2,0.03242539516672407,0.8494573235320618,0.10025882830500103,1,470.7311091961805,1.2999371871743686
538,882,32.5846061706543,75.42696374494844,22.333823941521565,33,30,1301.5499541205954,0.243970587849617,40,27,3,0.031220019138939386,2.797927758284625,0.5244528625841904,1,551.4626333457761,25.263424087498297
358,883,7.0333404541015625,75.36848341995224,22.35295805707331,28,30,1300.6844911000983,0.27467936277389526,43,29,2,0.033271798213178896,1.208346192677145,0.46888337621599957,1,551.1484702693357,10.389654205777086
531,884,31.016136169433594,75.36524948492942,22.327895060646377,32,30,1318.9028146396367,0.2018738090991974,41,27,3,0.031136560258307147,2.797927758284625,0.6029811150282505,1,557.7617217141881,29.299455308003637
408,885,11.423186302185059,75.38573107340736,22.333823941521565,34,10,1318.9028146396367,0.3899460434913635,38,28,3,0.031879581977570015,1.6245692690201805,0.2784829229511295,1,557.7617217141881,8.044482780925096
242,886,4.733766078948975,75.44232493630687,22.299059140026138,34,30,1079.1490611465028,0.32935792207717896,39,27,5,0.028989980881719495,0.9672362376850822,0.37448007066680933,1,470.7311091961805,4.94290312130418
365,887,7.033360481262207,75.37252583873078,22.35349704624378,30,30,1300.6844911000983,0.4292609393596649,41,29,3,0.03208847309882057,1.2083482779927626,0.22218867832722858,1,551.1484702693357,4.748229605352702
245,888,2.107569456100464,75.4178009290504,22.297442172514728,32,40,1079.1490611465028,0.5405488610267639,38,30,6,0.029309839172954284,0.6992702902414976,0.0950815811842723,1,470.7311091961805,0.9173346708304955
264,889,2.7294390201568604,75.43262313123839,22.307143977583216,34,40,1301.5499541205954,0.5765124559402466,40,26,4,0.029554558044904502,0.7755588894779704,0.0656978498798459,1,551.4626333457761,0.8304366278728844
559,890,4.6273674964904785,75.41510598319806,22.331937479424916,27,30,1301.5499541205954,0.38601112365722656,47,26,4,0.029102474752075714,0.9584419515340706,0.2843958983233679,1,551.4626333457761,4.374567828794311
329,891,22.01183319091797,75.35393071234952,22.340291811567226,34,10,1318.9028146396367,0.5763182044029236,39,27,3,0.03130896585772835,2.462947410321092,0.06584025822538855,1,557.7617217141881,2.8318098841119625
329,892,9.247806549072266,75.36551897951466,22.340291811567226,33,10,1318.9028146396367,0.48157793283462524,37,30,2,0.03428854780798869,1.4271867823505051,0.15600605309533327,1,557.7617217141881,4.258141239968227
262,893,10.425922393798828,75.37468179541267,22.29393874290666,34,30,1113.5601229445556,0.21509432792663574,40,26,2,0.03201877095158267,1.5358475097525806,0.5780604187244222,1,483.22232462887365,13.736401575797558
557,894,3.425704002380371,75.43989948503975,22.327356071475904,36,40,1301.5499541205954,0.2754591107368469,39,25,3,0.030340426377585668,0.8494954430414606,0.4674940254018425,1,551.4626333457761,6.64469251246226
556,895,9.658010482788086,75.4304671745565,22.335171414447743,33,30,1301.5499541205954,0.22874672710895538,43,24,4,0.028383628671018773,1.465541120327087,0.552566293670632,1,551.4626333457761,12.675538096821633
570,896,0.0,75.41591446695375,22.350532605806187,29,40,1298.9653347118108,0.3227390944957733,46,25,2,0.031070892730257024,0.16531147321376102,0.38555490142279214,1,550.5244165003874,1.0902335477336995
273,897,4.7649126052856445,75.43450959333504,22.309569428850338,31,30,1301.5499541205954,0.24400901794433594,41,28,5,0.029272943388174013,0.9697885515461789,0.524382340781782,1,551.4626333457761,8.209327733730872
422,898,17.200084686279297,75.43100616372698,22.35295805707331,32,10,1298.9653347118108,0.5940784811973572,43,25,2,0.03126481922486936,2.098436258838704,0.05355421400968681,1,550.5244165003874,1.934291568535491
448,899,13.466703414916992,75.38249713838451,22.360503905459915,34,10,1300.6844911000983,0.46376124024391174,41,25,4,0.02900491116713541,1.7988662230120613,0.17734081190096748,1,551.1484702693357,5.0997361324467
251,900,1.3654634952545166,75.44367240923305,22.30148459129326,33,40,1301.5499541205954,0.3803555965423584,38,29,6,0.028892042245502493,0.5877584388199507,0.2929780312477126,1,551.4626333457761,2.743647171895354
240,901,4.089994430541992,75.37441230082743,22.288009862031473,37,40,1113.5601229445556,0.43790850043296814,37,26,3,0.03102256249222485,0.91209158724575,0.21052738099958018,1,483.22232462887365,2.878536204564421
256,902,9.464702606201172,75.43531807709076,22.305257515486566,33,30,1301.5499541205954,0.2509791851043701,39,28,5,0.029431471460504434,1.4475397401706571,0.5116304125526269,1,551.4626333457761,12.020289117273583
416,903,2.208746910095215,75.42561627202224,22.359156432533737,30,40,1298.9653347118108,0.3777467906475067,40,30,2,0.034000177380915785,0.7125222142000773,0.29696955660887603,1,550.5244165003874,3.960664971507378
569,904,0.9274099469184875,75.40594316730002,22.335440909032982,30,40,1301.5499541205954,0.5656647682189941,44,26,4,0.029263653551709273,0.5034748895187708,0.07392249325423507,1,551.4626333457761,0.6006189889095184
401,905,6.464860916137695,75.3620155499066,22.33220697401015,32,30,1318.9028146396367,0.24835965037345886,42,26,3,0.03057553800422461,1.1482211728742029,0.5164137257203897,1,557.7617217141881,10.112211427083006
454,906,11.377457618713379,75.387617535504,22.362390367556564,32,10,1300.6844911000983,0.6222524642944336,41,27,3,0.031136560258307147,1.6205592283685213,0.03708504506641833,1,551.1484702693357,1.0313426050226613
426,907,15.85221004486084,75.38788703008925,22.333284952351093,35,10,1318.9028146396367,0.5523197054862976,39,26,3,0.03082736298010855,1.9925308927242205,0.08479880484274507,1,557.7617217141881,2.9052256977759514
527,908,4.0044074058532715,75.44663684967065,22.337596865714865,32,40,1301.5499541205954,0.5469943284988403,41,27,3,0.031136560258307147,0.9043830563146581,0.08937129236513587,1,551.4626333457761,1.3878329006344403
462,909,19.965412139892578,75.36147656073612,22.354036035414254,30,30,1300.6844911000983,0.4124293923377991,42,28,4,0.03032309393377543,2.309958742022944,0.24565031603821344,1,551.1484702693357,9.483391240462327
390,910,2.730030059814453,75.35393071234952,22.363198851312276,33,30,1300.6844911000983,0.3913952708244324,41,26,3,0.030653976135144863,0.7756261634702426,0.27631737688245644,1,551.1484702693357,3.6208961494498926
226,911,1.3653918504714966,75.42885020704509,22.287740367446233,37,10,1079.1490611465028,0.44748857617378235,35,28,3,0.03219350606569237,0.5877460982669716,0.19793142308049086,1,470.7311091961805,1.762973072210803
213,912,0.0,75.3771072466798,22.275343616525383,39,40,1113.5601229445556,0.4689680337905884,35,26,2,0.032541148606565345,0.16531147321376102,0.17097266067833006,1,483.22232462887365,0.44443631181519716
484,913,26.03377914428711,75.41753143446519,22.32816455523161,32,10,1301.5499541205954,0.4862023890018463,43,25,4,0.02885863158027226,2.7590100677826164,0.1506820487274339,1,551.4626333457761,6.616169544658489
588,915,6.827010631561279,75.43693504460217,22.32250516894166,32,30,1301.5499541205954,0.2732278108596802,42,26,3,0.03057553800422461,1.1867426609831464,0.4714727544969188,1,551.4626333457761,9.434162517002497
418,916,15.852235794067383,75.42507728285179,22.337327371129632,30,10,1301.5499541205954,0.49567949771881104,45,25,4,0.028733839316599834,1.9925329373974054,0.14005331731494866,1,551.4626333457761,4.421897367423063
557,917,9.645147323608398,75.42750273411892,22.333823941521565,33,30,1301.5499541205954,0.23869699239730835,40,27,3,0.031220019138939386,1.4643472184078608,0.5341519818249272,1,551.4626333457761,13.46660637327623
408,918,4.209843635559082,75.44205544172164,22.35538350834043,36,40,1298.9653347118108,0.20839834213256836,36,28,2,0.033420379135029564,0.9227272336813123,0.5906549586309623,1,550.5244165003874,10.027557261899588
219,919,1.8543341159820557,75.38007168711741,22.279655529889155,40,30,1113.5601229445556,0.4664202332496643,34,26,2,0.032662516686708394,0.6643390891346169,0.1740751693497251,1,483.22232462887365,1.8252538279750767
258,920,3.425490140914917,75.43828251752834,22.3017540858785,32,30,1301.5499541205954,0.2782451808452606,36,32,6,0.03031200682399785,0.8494741789263205,0.4625391381712672,1,551.4626333457761,6.567944126516072
567,921,35.85479736328125,75.43747403377265,22.32061870684501,30,30,1301.5499541205954,0.29846319556236267,44,26,4,0.029263653551709273,2.797927758284625,0.4270372952582494,1,551.4626333457761,19.28177184244187
569,922,4.090553283691406,75.39785832974297,22.323583147282605,34,40,1318.9028146396367,0.5974376201629639,38,28,3,0.031879581977570015,0.9121416059245006,0.051397069232203205,1,557.7617217141881,0.833608137097952
490,923,12.591815948486328,75.41295002651617,22.33059000649874,30,10,1301.5499541205954,0.6962531208992004,44,26,2,0.031703611295929815,1.7253491638790606,0.01020956970590378,1,551.4626333457761,0.30797060157494655
564,924,26.13492202758789,75.42049587490277,22.312533869287932,32,30,1301.5499541205954,0.43331488966941833,42,26,3,0.03057553800422461,2.7664197926606477,0.21668796828896741,1,551.4626333457761,10.107484374830046
468,925,24.49148941040039,75.37225634414554,22.324661125623543,31,10,1318.9028146396367,0.6490594744682312,43,26,4,0.02932834223269267,2.6459055702676197,0.024748971450024873,1,557.7617217141881,1.0711929771095325
223,926,10.001508712768555,75.40971609149335,22.277769067792505,37,30,1079.1490611465028,0.4954559803009033,36,27,2,0.03292556361491613,1.4972208882085731,0.14029958681709356,1,470.7311091961805,3.2557300486308374
392,927,7.0457305908203125,75.36848341995224,22.36373784048275,30,30,1300.6844911000983,0.5104787945747375,42,28,4,0.03032309393377543,1.2096358842833854,0.12422947150124262,1,551.1484702693357,2.5114319624032464
267,928,1.3655176162719727,75.44744533342634,22.311725385532228,33,40,1301.5499541205954,0.276064395904541,38,29,5,0.02995518199823978,0.5877677607109327,0.4664163147215857,1,551.4626333457761,4.528637382756978
221,929,1.3653815984725952,75.44798432259682,22.285853905349583,36,40,1079.1490611465028,0.5299647450447083,35,29,3,0.03266315802641099,0.5877443323657667,0.10487354593060487,1,470.7311091961805,0.9477318473801659
578,930,4.733833312988281,75.40513468354433,22.343795241175293,28,40,1301.5499541205954,0.3225426971912384,45,27,3,0.03085844514898048,0.9672417578402379,0.3858851186496293,1,551.4626333457761,6.35160085263266
313,931,5.085395812988281,75.35608666903141,22.33894433864105,34,40,1318.9028146396367,0.6898288130760193,39,27,4,0.03010361039524557,0.9954990701307003,0.011701336810602366,1,557.7617217141881,0.1955886412257986
390,932,13.343533515930176,75.36686645244083,22.323852641867838,31,10,1318.9028146396367,0.35856080055236816,44,25,3,0.029946424861056514,1.7886070708680415,0.32693679108051316,1,557.7617217141881,9.767252762547637
502,933,35.03630447387695,75.42130435865849,22.337327371129632,30,10,1301.5499541205954,0.5122019648551941,45,25,4,0.028733839316599834,2.797927758284625,0.12244938532326503,1,551.4626333457761,5.428787664126937
375,934,5.086039066314697,75.37010038746368,22.357269970437088,36,40,1300.6844911000983,0.19274377822875977,38,26,3,0.03092224840606109,0.9955497021503097,0.6203148340162083,1,551.1484702693357,10.524822606393135
410,935,19.022109985351562,75.42938919621557,22.35565300292567,34,30,1298.9653347118108,0.3843212127685547,38,28,3,0.031879581977570015,2.238536084993541,0.2869500422346802,1,550.5244165003874,11.273521460537193
339,936,14.117345809936523,75.37063937663413,22.317654266407416,25,30,1318.9028146396367,0.27257266640663147,49,26,4,0.02902312532994024,1.8526012628927546,0.472642722668494,1,557.7617217141881,14.174502159683621
586,937,2.1076111793518066,75.40756013481146,22.30983892343557,31,40,1301.5499541205954,0.3292853832244873,43,26,4,0.02932834223269267,0.6992758325483798,0.37460087175792844,1,551.4626333457761,4.236633622094344
227,938,0.9274099469184875,75.37252583873078,22.28531491617911,38,40,1113.5601229445556,0.40881702303886414,36,26,2,0.03242539516672407,0.5034748895187708,0.25081307360875077,1,483.22232462887365,1.9786102445115457
362,939,8.883222579956055,75.37441230082743,22.34136978990817,32,10,1318.9028146396367,0.392382949590683,41,27,2,0.032434012733165936,1.3925889148917123,0.27484530433471765,1,557.7617217141881,6.924057157516342
356,940,8.521637916564941,75.42426879909607,22.36373784048275,36,40,1298.9653347118108,0.5437036752700806,37,27,2,0.03281593356923771,1.3577697512059286,0.092262582473336,1,550.5244165003874,2.263148671990743
344,941,13.857940673828125,75.42911970163033,22.310647407191283,34,10,1301.5499541205954,0.48622047901153564,40,26,4,0.029554558044904502,1.8312677822012962,0.15066139817470875,1,551.4626333457761,4.49670511176028
384,942,13.409855842590332,75.37036988204889,22.357808959607553,36,10,1300.6844911000983,0.3953666687011719,38,26,3,0.03092224840606109,1.7941347895181405,0.2704170569908347,1,551.1484702693357,8.268539786954475
249,943,1.36546790599823,75.4485233117673,22.302293075048972,33,40,1301.5499541205954,0.5426356792449951,38,29,6,0.028892042245502493,0.5877591985418177,0.09321174459044956,1,551.4626333457761,0.8728998174614079
554,944,2.1076414585113525,75.41672295070947,22.318732244748354,34,40,1301.5499541205954,0.6834720373153687,40,26,2,0.03201877095158267,0.6992798546385864,0.013319088047173383,1,551.4626333457761,0.1644546866471
214,945,2.207683563232422,75.35932060405423,22.277499573207272,39,40,1113.5601229445556,0.5993474721908569,36,25,2,0.03191931096675212,0.712384847887517,0.0501941553310189,1,483.22232462887365,0.5515289605515017
482,946,22.21579360961914,75.38519208423688,22.34918513288001,30,10,1318.9028146396367,0.5798629522323608,44,26,3,0.030435376949588727,2.478077523599237,0.06326952905960086,1,557.7617217141881,2.6615638024712975
418,947,19.757522583007812,75.38734804091877,22.30795246133892,32,10,1318.9028146396367,0.5273028016090393,42,26,4,0.029398418583570066,2.2942743283221794,0.107416830103931,1,557.7617217141881,4.041013980692428
236,948,0.9274099469184875,75.35177475566763,22.277499573207272,36,40,1113.5601229445556,0.4797026813030243,38,26,2,0.032210770561039284,0.5034748895187708,0.15819038547007858,1,483.22232462887365,1.2396697510554227
327,949,15.428132057189941,75.43882150669882,22.314959320555054,31,30,1301.5499541205954,0.44203388690948486,42,27,5,0.028758183573112994,1.9587346004352135,0.20506114595108563,1,551.4626333457761,6.369957240516946
245,950,3.143862009048462,75.3884260192597,22.292860764565717,35,40,1113.5601229445556,0.41219857335090637,38,27,3,0.03140336910232677,0.8207554953006195,0.24597887886962125,1,483.22232462887365,3.0636196818897563
396,951,13.343595504760742,75.35959009863947,22.331667984839676,32,10,1318.9028146396367,0.26272737979888916,41,27,3,0.031136560258307147,1.7886122413005934,0.4903181740196761,1,557.7617217141881,15.230477835477279
449,952,12.828435897827148,75.38546157882212,22.33894433864105,31,30,1318.9028146396367,0.2815728187561035,42,27,3,0.03105862647148713,1.7453843708040055,0.4566404150819773,1,557.7617217141881,13.806906398625982
248,953,2.107588529586792,75.43828251752834,22.303101558804677,30,40,1301.5499541205954,0.3509002923965454,38,32,6,0.030136217846931285,0.6992728238756398,0.33919140071477016,1,551.4626333457761,3.941815752389916
440,954,16.35561752319336,75.38357511672547,22.331128995669204,34,10,1318.9028146396367,0.4028025269508362,41,25,3,0.030166274460611205,2.0323415551740602,0.25950586059218084,1,557.7617217141881,8.873894304002194
580,955,6.827572822570801,75.39704984598725,22.356461486681376,31,10,1300.6844911000983,0.3876074254512787,43,26,3,0.030502655780190742,1.1868018543246073,0.2819913393536707,1,551.1484702693357,5.62626581383316
427,956,21.433046340942383,75.38546157882212,22.30579650465704,35,10,1318.9028146396367,0.5355691313743591,40,25,3,0.030250615265628278,2.4199083998476776,0.0996246185053941,1,557.7617217141881,4.067696264314169
379,957,9.671102523803711,75.37225634414554,22.35565300292567,33,30,1300.6844911000983,0.4086127281188965,41,26,2,0.03193131945344525,1.4667556942099167,0.2511063638679779,1,551.1484702693357,6.481879800183471
572,958,15.308182716369629,75.3900429867711,22.360234410874682,33,30,1300.6844911000983,0.6114475727081299,39,28,3,0.031785772431492,1.9491301673979236,0.04296753154624785,1,551.1484702693357,1.4671773839676483
573,959,7.032215118408203,75.40028378101007,22.321966179771188,34,30,1318.9028146396367,0.3270423412322998,42,24,2,0.0308268912921049,1.2082290142333516,0.3783425865639602,1,557.7617217141881,7.8598258982335105
222,960,3.425288200378418,75.37306482790126,22.277499573207272,39,30,1113.5601229445556,0.4051571786403656,34,27,2,0.03316167259196058,0.8494540993776657,0.25608836336826957,1,483.22232462887365,3.4858859875269883
257,961,4.9997782707214355,75.4372045391874,22.304988020901327,34,40,1301.5499541205954,0.6288795471191406,37,29,5,0.0300464162166538,0.9887260258352683,0.03373950407235073,1,551.4626333457761,0.5527432275546927
579,962,2.1077628135681152,75.39192944886778,22.354305529999493,30,40,1300.6844911000983,0.27211296558380127,42,28,4,0.03032309393377543,0.6992959743227537,0.4734641360306905,1,551.1484702693357,5.533376653557753
412,963,17.20005989074707,75.36929190370796,22.335979898203455,31,10,1318.9028146396367,0.5501884818077087,42,27,3,0.03105862647148713,2.0984343299687587,0.08661287753020698,1,557.7617217141881,3.1485370029843223
231,964,2.2078170776367188,75.39947529725438,22.287740367446233,36,40,1113.5601229445556,0.5193798542022705,38,26,6,0.027615731352662248,0.7124020978460195,0.11517640117794559,1,483.22232462887365,1.094944820426641
273,965,2.954930543899536,75.42130435865849,22.302023580463732,30,30,1301.5499541205954,0.20960870385169983,43,27,4,0.02979332958749055,0.800620983018575,0.5883741422780515,1,551.4626333457761,7.739549418521671
234,966,2.729313373565674,75.44367240923305,22.29528621583284,35,40,1079.1490611465028,0.4205399453639984,37,28,5,0.029610222174423502,0.7755445868681647,0.23422127466638185,1,470.7311091961805,2.531906580726013
594,967,10.932766914367676,75.42372980992559,22.317115277236944,33,30,1301.5499541205954,0.33686065673828125,42,25,3,0.03008743592011844,1.5812793665657972,0.36205563699417986,1,551.4626333457761,9.499159638639677
277,968,11.883977890014648,75.41483648861282,22.301215096708027,30,30,1301.5499541205954,0.19333331286907196,42,28,4,0.03032309393377543,1.6646875228200837,0.6191926790123017,1,551.4626333457761,17.236462501096437
330,969,12.108471870422363,75.37522078458315,22.3122643747027,27,30,1318.9028146396367,0.25578564405441284,46,27,3,0.030803116463862776,1.6840489355790675,0.5028829854560546,1,557.7617217141881,14.55006766657889
271,970,4.209437847137451,75.37171735497509,22.29555571041807,34,30,1113.5601229445556,0.2828095853328705,40,26,3,0.03073792932539105,0.9226915274844486,0.4544534954755165,1,483.22232462887365,6.228272117370763
285,971,8.352048873901367,75.36632746327035,22.312803363873165,28,10,1318.9028146396367,0.6191432476043701,44,28,4,0.030190539575531843,1.3412557958880866,0.038723128881373484,1,557.7617217141881,0.8745842141913025
562,972,20.195974349975586,75.3959718676463,22.313611847628877,32,10,1318.9028146396367,0.46327683329582214,43,25,3,0.03001413780555057,2.327319197330429,0.17793877125104063,1,557.7617217141881,6.932679408506586
290,973,9.657831192016602,75.36336302283277,22.30741347216845,34,30,1318.9028146396367,0.3691351115703583,41,25,3,0.030166274460611205,1.4655244831752476,0.310289070289694,1,557.7617217141881,7.651206799995516
333,974,2.7298483848571777,75.368213925367,22.346220692442415,33,40,1318.9028146396367,0.5883400440216064,39,28,3,0.031785772431492,0.7756054855800268,0.05736168008861614,1,557.7617217141881,0.788758787784604
247,975,3.8372509479522705,75.3733343224865,22.290704807883827,36,10,1113.5601229445556,0.6112321615219116,36,28,2,0.033420379135029564,0.8890414791485288,0.04309025234118075,1,483.22232462887365,0.6186705225743317
284,976,8.427801132202148,75.35985959322471,22.30741347216845,31,60,1318.9028146396367,0.42763638496398926,43,26,4,0.02932834223269267,1.3486471363375048,0.224409625006411,1,557.7617217141881,4.950807452762673
569,977,3.529480218887329,75.39543287847584,22.32627809313496,33,40,1318.9028146396367,0.5763546824455261,40,27,4,0.03001808801227943,0.8597222644886431,0.06581350213996909,1,557.7617217141881,0.9473378906994406
389,978,11.377330780029297,75.38034118170262,22.33921383322628,29,10,1318.9028146396367,0.5150423645973206,45,26,2,0.03163942268322379,1.620548098225861,0.1195439041237083,1,557.7617217141881,3.4187442804564165
357,979,7.221501350402832,75.3568951527871,22.33463242527727,33,30,1318.9028146396367,0.3282480239868164,40,27,3,0.031220019138939386,1.2278416908923135,0.3763298182056661,1,557.7617217141881,8.046238052247526
250,980,2.7802884578704834,75.3884260192597,22.29339975373619,35,40,1113.5601229445556,0.32399407029151917,38,27,3,0.03140336910232677,0.781315268995993,0.3834469764449743,1,483.22232462887365,4.5462662176478705
222,981,2.7802884578704834,75.42561627202224,22.2769605840368,36,40,1079.1490611465028,0.44262292981147766,37,27,2,0.03281593356923771,0.781315268995993,0.20428582580748986,1,470.7311091961805,2.4655976675698716
601,982,6.598435878753662,75.40243973769196,22.31415083679935,30,40,1301.5499541205954,0.5317136645317078,44,26,3,0.030435376949588727,1.1625217578126967,0.10322014690968317,1,551.4626333457761,2.0140040431252118
289,983,14.915698051452637,75.36174605532136,22.30741347216845,31,30,1318.9028146396367,0.4603351950645447,43,26,4,0.02932834223269267,1.9175577291849242,0.1815899532996086,1,557.7617217141881,5.696085320751133
222,984,1.36536705493927,75.41995688573229,22.28315895949722,35,40,1079.1490611465028,0.5371356010437012,36,29,3,0.03255384241204233,0.5877418272364768,0.09818322369942897,1,470.7311091961805,0.8842988159153694
559,985,2.208435297012329,75.44151645255116,22.335171414447743,34,40,1301.5499541205954,0.36467960476875305,39,27,2,0.03261360242966765,0.7124819631892352,0.3172649857456465,1,551.4626333457761,4.065471138560034
232,986,3.8372292518615723,75.4178009290504,22.27911654071869,34,30,1079.1490611465028,0.3968944251537323,40,26,3,0.03073792932539105,0.8890394624385626,0.2681606650325363,1,470.7311091961805,3.4495593458463896
408,987,15.290536880493164,75.42965869080078,22.360503905459915,34,30,1298.9653347118108,0.4463309645652771,37,29,2,0.03380208758758392,1.9477155226801015,0.1994351210099262,1,550.5244165003874,7.228484839909628
248,988,3.4254040718078613,75.40809912398191,22.291513291639532,34,40,1079.1490611465028,0.3140939772129059,38,28,5,0.029518332743616826,0.8494656209048268,0.4001757928350181,1,470.7311091961805,4.723472002962902
236,989,10.910238265991211,75.35932060405423,22.279925024474394,36,30,1113.5601229445556,0.3859829008579254,39,25,2,0.03160470415796017,1.5792753155962058,0.28443848217650336,1,483.22232462887365,6.860328618209332
318,990,13.68486213684082,75.36471049575894,22.31792376099265,29,10,1318.9028146396367,0.481433242559433,43,28,4,0.030254109225286912,1.8169679892436443,0.15617407132236466,1,557.7617217141881,4.788387459562063
546,991,4.765283584594727,75.444750387574,22.337057876544392,33,30,1301.5499541205954,0.36826613545417786,40,27,2,0.03252094932393465,0.9698188922826285,0.3116451370822958,1,551.4626333457761,5.420387056577147
243,992,4.108410358428955,75.4010922647658,22.290435313298595,35,40,1079.1490611465028,0.5746772885322571,36,29,5,0.03014265221790018,0.9137377320425649,0.06705032726351136,1,470.7311091961805,0.8693143010505225
268,993,12.845309257507324,75.35204425025287,22.299059140026138,34,30,1113.5601229445556,0.255513072013855,38,28,4,0.030652258518438693,1.7468086455072114,0.5033780214691741,1,483.22232462887365,13.024139885667806
314,994,10.516722679138184,75.41591446695375,22.303910042560382,28,10,1301.5499541205954,0.41161733865737915,42,30,4,0.03123238525861262,1.5440407844381951,0.2468070477639973,1,551.4626333457761,6.563531415420128
216,995,1.3653392791748047,75.37549027916839,22.277769067792505,41,10,1113.5601229445556,0.5834808349609375,33,26,2,0.03278949581940716,0.5877370428057896,0.06070678423680944,1,483.22232462887365,0.5653299845785373
366,996,21.309741973876953,75.44205544172164,22.31846275016312,30,30,1301.5499541205954,0.20717935264110565,45,25,2,0.031129621977088295,2.41071813627645,0.592953889817355,1,551.4626333457761,24.539024531144417
270,997,4.209526538848877,75.4396299904545,22.308491450509393,33,40,1301.5499541205954,0.6459379196166992,40,27,6,0.027881661451142424,0.922699331832904,0.02602423898997512,1,551.4626333457761,0.3692095998009788
225,998,1.3653348684310913,75.3897734921859,22.2769605840368,40,40,1113.5601229445556,0.43058493733406067,34,26,1,0.03407672969854599,0.5877362830410451,0.22038564156701893,1,483.22232462887365,2.1329010004303557
584,999,0.0,75.38788703008925,22.35484451916996,31,40,1300.6844911000983,0.35839205980300903,43,26,4,0.02932834223269267,0.16531147321376102,0.32720499592330016,1,551.1484702693357,0.8743373763196144
356,1000,10.2954683303833,75.44232493630687,22.358886937948498,36,40,1298.9653347118108,0.20291925966739655,36,28,3,0.03208346920728807,1.5240332413042588,0.6010025522737698,1,550.5244165003874,16.178142781221347
