elevation,point_id,slope,longitude,latitude,clay,land_cover,annual_rainfall,NDVI,sand,silt,soc,K,LS,C,P,R,soil_loss
444,1,6.314530372619629,78.11032133014186,23.66997809512094,35,40,1419.4403696378577,0.30470988154411316,38,27,2,0.032711939433240175,1.1319924906025731,0.41623840809954593,1,594.2568541785423,9.1593823963605
453,2,1.3728091716766357,78.11651970560229,23.641681163671173,34,40,1448.9677751803904,0.5110621452331543,39,27,2,0.03261360242966765,0.5890216519147603,0.12362538227777672,1,604.9753023904817,1.4367305447531176
564,3,13.718143463134766,78.1281079727674,23.655155892932967,34,10,1419.4403696378577,0.5865941643714905,40,26,3,0.03073792932539105,1.8197218708945997,0.05855076787782561,1,594.2568541785423,1.946195290163712
507,4,2.22593355178833,78.12864696193787,23.628475928994618,31,40,1448.9677751803904,0.4849705696105957,43,26,2,0.03177369361813611,0.7147369761992034,0.15209145969114513,1,604.9753023904817,2.089567607940033
579,5,3.03444766998291,78.12514353232984,23.63683026113693,32,10,1448.9677751803904,0.532778799533844,41,27,4,0.029937842192663638,0.8091859429632821,0.10222002585300917,1,604.9753023904817,1.498105699428348
476,6,1.3728076219558716,78.15074551792725,23.64141166908594,33,40,1418.6222227388062,0.604573130607605,42,25,5,0.027858926930634808,0.5890213858417002,0.04698977573380485,1,593.9598668541867,0.45798992140563044
449,7,3.704791784286499,78.11463324350564,23.654077914592023,35,40,1419.4403696378577,0.45349130034446716,39,26,2,0.03211193128373936,0.8766006888617621,0.1902161776541567,1,594.2568541785423,3.181924593744315
452,8,3.172369956970215,78.11490273809085,23.63117087484698,36,40,1448.9677751803904,0.2957545518875122,36,28,2,0.033420379135029564,0.8237304510281958,0.43174551102825687,1,604.9753023904817,7.190547664126893
508,9,2.1122806072235107,78.12864696193787,23.62443351021608,34,40,1448.9677751803904,0.37712720036506653,40,26,2,0.03201877095158267,0.6998956819113249,0.2979205433416136,1,604.9753023904817,4.039020599765052
439,10,4.218955993652344,78.10412295468143,23.640872679915468,36,40,1448.9677751803904,0.4727202355861664,39,25,2,0.03160470415796017,0.9235285142899052,0.16645124670087388,1,604.9753023904817,2.9391837373806418
578,11,2.9582457542419434,78.12918595110835,23.613114737636174,33,10,1448.9677751803904,0.6008477807044983,41,26,4,0.029473836945967745,0.8009807953659746,0.04926113887480298,1,604.9753023904817,0.7035595677815718
518,12,2.023686170578003,78.13403685364261,23.615540188903296,35,10,1448.9677751803904,0.593052089214325,39,26,4,0.02964054861738372,0.6879921256040972,0.05422387847935351,1,604.9753023904817,0.6689565783092283
469,13,2.024235248565674,78.16529822552997,23.651113474154428,31,40,1428.689493343234,0.5096915364265442,44,25,2,0.031194284699356555,0.6880668496447322,0.12504710028245955,1,597.6142860835939,1.6039848506303946
443,14,1.0124958753585815,78.10951284638617,23.659198311711506,34,40,1419.4403696378577,0.5477239489555359,38,28,2,0.03320799597677619,0.5214700044863629,0.08873702533504219,1,594.2568541785423,0.913168802518262
501,15,1.3729723691940308,78.16233378509236,23.67024758970618,33,40,1428.689493343234,0.2546515464782715,40,27,2,0.03252094932393465,0.5890496704475495,0.5049435118955975,1,597.6142860835939,5.780679603422521
501,16,5.1340556144714355,78.17203559016087,23.67455950306995,32,20,1428.689493343234,0.5453194379806519,43,25,2,0.03126481922486936,0.9993186347798195,0.09083664020572785,1,597.6142860835939,1.6960628484578844
469,17,3.704791784286499,78.11220779223851,23.613923221391886,35,10,1448.9677751803904,0.6606127619743347,40,25,3,0.030250615265628278,0.8766006888617621,0.020384642093205455,1,604.9753023904817,0.32702183845797506
477,18,2.7802884578704834,78.15478793670576,23.6516524633249,31,40,1428.689493343234,0.502387523651123,42,27,4,0.029862908757758225,0.781315268995993,0.13276271643280693,1,597.6142860835939,1.85120928414799
545,19,3.1720261573791504,78.15775237714337,23.615540188903296,34,30,1418.6222227388062,0.21966330707073212,41,25,4,0.02900491116713541,0.8236946686992541,0.5695001530797906,1,593.9598668541867,8.08143978105006
567,20,4.783675670623779,78.12864696193787,23.646532066205424,33,10,1448.9677751803904,0.6587458848953247,42,25,4,0.028929107810425757,0.9713213582686907,0.02105251630223167,1,604.9753023904817,0.35788181903196536
591,21,4.218998908996582,78.13727078866543,23.646801560790657,35,20,1448.9677751803904,0.38127851486206055,40,25,5,0.028010019947507923,0.9235322855595407,0.29157086456595466,1,604.9753023904817,4.5629663966172265
587,22,3.704791784286499,78.13026392944931,23.643028636597357,35,30,1448.9677751803904,0.3414854407310486,40,25,4,0.02908600495816616,0.8766006888617621,0.35446749833792635,1,604.9753023904817,5.467640439389694
522,23,24.291051864624023,78.15963883924002,23.627936939824146,35,10,1418.6222227388062,0.5754874348640442,39,26,4,0.02964054861738372,2.6311803611060993,0.06645131180542307,1,593.9598668541867,3.0782048394381603
506,24,2.024510145187378,78.12972494027883,23.668900116779994,34,20,1419.4403696378577,0.4119564890861511,39,27,4,0.03010361039524557,0.6881042557814289,0.2463236719003845,1,594.2568541785423,3.0321674268688583
470,25,3.437119245529175,78.15775237714337,23.636560766551696,34,40,1418.6222227388062,0.613097608089447,41,25,4,0.02900491116713541,0.8506293108770896,0.0420345897709034,1,593.9598668541867,0.6159930295081104
471,26,1.3728678226470947,78.16206429050715,23.65192195791014,34,40,1428.689493343234,0.5525627732276917,38,28,4,0.030652258518438693,0.5890317216244584,0.08459325361985272,1,597.6142860835939,0.9127626560838703
481,27,12.918387413024902,78.12379605940367,23.65192195791014,33,10,1419.4403696378577,0.6890122890472412,41,26,2,0.03193131945344525,1.7529704408979068,0.011901125654004646,1,594.2568541785423,0.39587100876579545
471,28,1.3727442026138306,78.17203559016087,23.630362391091268,34,40,1418.6222227388062,0.4362707734107971,40,26,2,0.03201877095158267,0.5890104971590345,0.21271488628453447,1,593.9598668541867,2.3827730380236036
458,29,3.554628610610962,78.11759768394325,23.64976600122825,33,40,1448.9677751803904,0.5272727608680725,40,27,2,0.03252094932393465,0.862173587100458,0.10744571545821822,1,604.9753023904817,1.8225719249111239
462,30,2.9583585262298584,78.12271808106271,23.65569488210344,35,40,1419.4403696378577,0.4285156726837158,39,26,2,0.03211193128373936,0.8009930307116773,0.22320636574783145,1,594.2568541785423,3.4117400929344748
467,31,0.9274099469184875,78.16098631216619,23.64518459327924,33,40,1418.6222227388062,0.4896262586116791,40,27,4,0.03001808801227943,0.5034748895187708,0.14679812967916853,1,593.9598668541867,1.3177665081175605
467,32,3.172996997833252,78.12460454315936,23.659467806296746,36,10,1419.4403696378577,0.6349962949752808,37,27,2,0.03281593356923771,0.8237957068926772,0.030826010926616697,1,594.2568541785423,0.4952173089391928
458,33,2.2261247634887695,78.1197536406251,23.642220152841645,32,40,1448.9677751803904,0.40830346941947937,41,27,2,0.032434012733165936,0.7147615591743377,0.25155060884640695,1,604.9753023904817,3.5279700411027215
481,34,0.9274099469184875,78.14724208831916,23.627397950653673,34,40,1448.9677751803904,0.5448752045631409,38,28,4,0.030652258518438693,0.5034748895187708,0.09122747933629373,1,604.9753023904817,0.8517332773441655
446,35,1.0122703313827515,78.10681790053377,23.630092896506035,36,40,1448.9677751803904,0.4711237847805023,36,28,2,0.033420379135029564,0.5214235265634073,0.16836799933718102,1,604.9753023904817,1.7750034096698821
442,36,5.050508499145508,78.11355526516468,23.675367986825655,36,30,1419.4403696378577,0.3959769606590271,38,26,2,0.032210770561039284,0.9927473500067634,0.2695147992728695,1,594.2568541785423,5.121493997150848
584,37,1.8543341159820557,78.14050472368825,23.64949650664302,35,20,1448.9677751803904,0.4088144898414612,39,26,5,0.028544049250562385,0.6643390891346169,0.25081670946451895,1,604.9753023904817,2.8773951017753108
447,38,2.1123032569885254,78.10897385721569,23.630631885676507,39,40,1448.9677751803904,0.38244789838790894,35,26,2,0.032541148606565345,0.6998986865868492,0.2897916274774757,1,604.9753023904817,3.992928522097692
547,39,12.966132164001465,78.1499370341715,23.615809683488536,32,10,1448.9677751803904,0.5770353674888611,41,27,4,0.029937842192663638,1.7569903305077206,0.0653153798079984,1,604.9753023904817,2.0784662082067102
471,40,2.112433910369873,78.11517223267612,23.6659356763424,33,30,1419.4403696378577,0.36234405636787415,39,28,3,0.031785772431492,0.6999160184444075,0.3209443092589167,1,594.2568541785423,4.24309330415914
485,41,4.6273674964904785,78.14481663705203,23.621199575193252,34,40,1448.9677751803904,0.4312860369682312,38,28,4,0.030652258518438693,0.9584419515340706,0.2194334369480987,1,604.9753023904817,3.900037161505902
506,42,1.8543341159820557,78.13053342403452,23.62443351021608,35,40,1448.9677751803904,0.5811637043952942,40,25,4,0.02908600495816616,0.6643390891346169,0.06234103840868679,1,604.9753023904817,0.7287617294785127
584,43,10.65789794921875,78.13349786447213,23.635752282795984,34,10,1448.9677751803904,0.4299542009830475,42,24,5,0.027401787065019834,1.556731888526096,0.22124379833211605,1,604.9753023904817,5.709544472042915
564,44,6.326235771179199,78.13053342403452,23.65003549581349,34,10,1448.9677751803904,0.4904569983482361,40,26,4,0.029554558044904502,1.1332613395459243,0.14586324133128437,1,604.9753023904817,2.9555482119723733
464,45,4.784029006958008,78.12298757564793,23.67078657887665,36,40,1419.4403696378577,0.38200706243515015,38,26,3,0.03092224840606109,0.9713501892994604,0.29046187847742316,1,594.2568541785423,5.18454006656136
486,46,10.952009201049805,78.16826266596757,23.646801560790657,36,30,1418.6222227388062,0.5993685126304626,39,25,2,0.03160470415796017,1.5829899779876382,0.05018099799209077,1,593.9598668541867,1.4911670210725387
451,47,2.0240464210510254,78.11759768394325,23.638986217818818,33,40,1448.9677751803904,0.3303990364074707,39,28,2,0.03311027741098904,0.6880411534699113,0.3727476882199042,1,604.9753023904817,5.137239801587977
509,48,1.372657299041748,78.12622151067075,23.615001199732824,34,20,1448.9677751803904,0.3876846134662628,39,27,4,0.03010361039524557,0.5889955758995585,0.2818752690409855,1,604.9753023904817,3.0236062640310353
538,49,6.832455158233643,78.1243350485741,23.630092896506035,33,10,1448.9677751803904,0.6221360564231873,42,25,2,0.03134117165305953,1.1873158407251758,0.037145583097802616,1,604.9753023904817,0.8362311005479892
481,50,1.0122358798980713,78.14643360456347,23.625511488557024,34,40,1448.9677751803904,0.46913209557533264,40,26,4,0.029554558044904502,0.5214164265878127,0.17077377466525773,1,604.9753023904817,1.5920914185680186
477,51,2.112419366836548,78.16179479592188,23.661893257563868,31,40,1428.689493343234,0.6082270741462708,41,28,3,0.03161456328084319,0.6999140891999904,0.044824608544479706,1,597.6142860835939,0.5927470471689326
477,52,1.8543341159820557,78.14589461539299,23.62901491816509,34,40,1448.9677751803904,0.4464379549026489,41,25,4,0.02900491116713541,0.6643390891346169,0.1992959310028252,1,604.9753023904817,2.3232579051968703
455,53,2.744319200515747,78.1194841460399,23.6659356763424,36,40,1419.4403696378577,0.3551795780658722,38,26,2,0.032210770561039284,0.7772499622728435,0.33232604177439573,1,594.2568541785423,4.9442497291680825
444,54,2.226116895675659,78.10816537345994,23.641681163671173,36,40,1448.9677751803904,0.43822401762008667,39,25,2,0.03160470415796017,0.7147605476803033,0.21010708278579093,1,604.9753023904817,2.871379797909004
568,55,9.251611709594727,78.12460454315936,23.632518347773157,32,10,1448.9677751803904,0.6357603073120117,42,26,4,0.029398418583570066,1.427545294347021,0.030473745681731196,1,604.9753023904817,0.773708468090446
459,56,1.8543341159820557,78.10627891136329,23.613653726806646,33,10,1448.9677751803904,0.6878278255462646,41,26,3,0.030653976135144863,0.6643390891346169,0.012195101579937622,1,604.9753023904817,0.15024488274951617
447,57,2.1124513149261475,78.11166880306803,23.67051708429141,35,10,1419.4403696378577,0.6223626136779785,38,27,2,0.032711939433240175,0.6999183272018792,0.037027818333262824,1,594.2568541785423,0.5037974708334098
513,58,8.183243751525879,78.17419154684274,23.66836112760953,34,10,1428.689493343234,0.6293731927871704,41,25,4,0.02900491116713541,1.3246968731659485,0.03349819447915342,1,597.6142860835939,0.769184317993049
514,59,10.185693740844727,78.15397945295007,23.657311849614857,33,10,1428.689493343234,0.39931026101112366,41,26,4,0.029473836945967745,1.5140518819203537,0.26460798503371336,1,597.6142860835939,7.056695055805386
583,60,2.7802884578704834,78.13241988613117,23.637908239477873,35,20,1448.9677751803904,0.3744775056838989,40,25,5,0.028010019947507923,0.781315268995993,0.30200036178269507,1,604.9753023904817,3.9983871063479732
517,61,11.035490036010742,78.15586591504672,23.622008058948957,35,10,1418.6222227388062,0.48004984855651855,40,25,4,0.02908600495816616,1.5903996542138499,0.15778489716834176,1,593.9598668541867,4.335237341349791
538,62,0.9274099469184875,78.1375402832507,23.652999936251085,35,20,1419.4403696378577,0.471526175737381,40,25,4,0.02908600495816616,0.5034748895187708,0.16788389927351452,1,594.2568541785423,1.4609829117321347
501,63,0.9274099469184875,78.15505743129103,23.671595062632356,34,30,1428.689493343234,0.2587762773036957,42,24,2,0.0308268912921049,0.5034748895187708,0.4974597262631902,1,597.6142860835939,4.614094060551374
476,64,0.9274099469184875,78.17014912806422,23.61203675929523,30,40,1418.6222227388062,0.5763705968856812,44,26,4,0.029263653551709273,0.5034748895187708,0.06580183110566494,1,593.9598668541867,0.5758394867992616
470,65,3.034595489501953,78.1564049042172,23.64329813118259,32,40,1418.6222227388062,0.5630529522895813,42,26,3,0.03057553800422461,0.8092017396699507,0.07598542979097227,1,593.9598668541867,1.1166532669298368
458,66,4.445960521697998,78.12298757564793,23.657042355029617,33,40,1419.4403696378577,0.5456870198249817,39,28,2,0.03311027741098904,0.9431686140891188,0.09051393127138822,1,594.2568541785423,1.6797389284803703
477,67,0.9274099469184875,78.15802187172858,23.634674304455046,35,40,1418.6222227388062,0.4125051498413086,40,25,2,0.03151115064001727,0.5034748895187708,0.24554251733347565,1,593.9598668541867,2.3138003495140778
504,68,10.1525239944458,78.16179479592188,23.6230860372899,32,10,1418.6222227388062,0.4273805618286133,42,26,4,0.029398418583570066,1.5110286136451412,0.22476022525681882,1,593.9598668541867,5.930252941059627
477,69,4.042737007141113,78.1677236767971,23.628745423579858,33,40,1418.6222227388062,0.5542882084846497,42,25,4,0.028929107810425757,0.9078472117901978,0.08314205755460323,1,593.9598668541867,1.2969572860487466
450,70,2.743879556655884,78.11355526516468,23.62712845606844,35,40,1448.9677751803904,0.34653812646865845,38,27,2,0.032711939433240175,0.7772000770098797,0.34624026858649676,1,604.9753023904817,5.325425943746772
452,71,1.3726904392242432,78.11166880306803,23.620930080608012,34,10,1448.9677751803904,0.5174803733825684,38,28,2,0.03320799597677619,0.5890012661036731,0.11707867690022773,1,604.9753023904817,1.3853973329982612
445,72,6.0537285804748535,78.11382475974995,23.675367986825655,36,30,1419.4403696378577,0.3540472388267517,38,26,2,0.032210770561039284,1.1034860967993758,0.3341378514337154,1,594.2568541785423,7.057775752120762
504,73,25.03929901123047,78.16987963347896,23.644106614938302,32,10,1418.6222227388062,0.6252249479293823,42,26,3,0.03057553800422461,2.6861136428350316,0.03555997707446378,1,593.9598668541867,1.7346707830683523
494,74,5.758284568786621,78.1243350485741,23.675098492240423,35,10,1419.4403696378577,0.46315038204193115,37,28,2,0.03331137118685462,1.0706220335103767,0.17809501812577164,1,594.2568541785423,3.774458523795322
514,75,11.037248611450195,78.16826266596757,23.619582607681835,33,10,1418.6222227388062,0.5758162140846252,41,26,4,0.029473836945967745,1.5905555411092969,0.06620909704958526,1,593.9598668541867,1.843572757284477
447,76,1.8543341159820557,78.10762638428952,23.631709864017452,36,40,1448.9677751803904,0.5450221300125122,36,28,2,0.033420379135029564,0.6643390891346169,0.09109811224419527,1,604.9753023904817,1.2236246067280765
510,77,2.2258009910583496,78.13053342403452,23.619043618511363,36,40,1448.9677751803904,0.44355615973472595,38,26,4,0.029731781074822338,0.7147199328971982,0.20306013670899276,1,604.9753023904817,2.610472606269681
495,78,12.499975204467773,78.14077421827352,23.627397950653673,35,10,1448.9677751803904,0.4761471450328827,39,26,4,0.02964054861738372,1.7175409609211663,0.16237188431222993,1,604.9753023904817,5.000826840788749
504,79,1.8543341159820557,78.14912855041581,23.67078657887665,31,30,1419.4403696378577,0.3025283217430115,43,26,2,0.03177369361813611,0.6643390891346169,0.42000026095856224,1,594.2568541785423,5.268430678558303
531,80,8.25346851348877,78.13188089696075,23.66836112760953,36,10,1419.4403696378577,0.6214427351951599,37,27,3,0.0315032031780126,1.3316005140098437,0.037507418731775204,1,594.2568541785423,0.9350181577897473
490,81,12.806671142578125,78.12460454315936,23.661084773808156,36,10,1419.4403696378577,0.5800443887710571,37,27,2,0.03281593356923771,1.7435463522166978,0.0631395395029597,1,594.2568541785423,2.146811293023796
499,82,1.3729692697525024,78.16583721470045,23.669708600535706,33,40,1428.689493343234,0.31036531925201416,39,28,2,0.03311027741098904,0.5890491383391441,0.4065346271362891,1,597.6142860835939,4.738412425135438
484,83,11.147001266479492,78.1601778284105,23.63278784235839,33,40,1418.6222227388062,0.4458965063095093,41,26,4,0.029473836945967745,1.6002680714489133,0.2000007787508549,1,593.9598668541867,5.602968808862538
507,84,4.111786365509033,78.12541302691506,23.620930080608012,34,20,1448.9677751803904,0.5192819237709045,40,26,4,0.029554558044904502,0.9140390293200831,0.11527408054525244,1,604.9753023904817,1.8839029316592595
505,85,4.6273674964904785,78.15451844212055,23.66997809512094,35,30,1428.689493343234,0.29106321930885315,41,24,2,0.030909323379618,0.9584419515340706,0.4399359978616427,1,597.6142860835939,7.7887144768388605
446,86,1.372771143913269,78.11166880306803,23.63494379904028,37,40,1448.9677751803904,0.44203439354896545,38,25,2,0.03170392874358359,0.5890151228392406,0.20506047853534423,1,604.9753023904817,2.3166431452658482
532,87,14.842978477478027,78.15532692587624,23.617426650999953,34,10,1418.6222227388062,0.5342113971710205,41,25,4,0.02900491116713541,1.9116827433867436,0.10088305154253205,1,593.9598668541867,3.322482263322346
521,88,8.407785415649414,78.16071681758098,23.619313113096602,33,10,1418.6222227388062,0.4879316985607147,41,26,4,0.029473836945967745,1.3466965014799326,0.1487141947820572,1,593.9598668541867,3.5060324684109845
481,89,3.1722655296325684,78.14643360456347,23.626319972312736,34,40,1448.9677751803904,0.48370063304901123,40,26,4,0.029554558044904502,0.8237195825759154,0.1535511441243136,1,604.9753023904817,2.2614894296123613
455,90,2.7802884578704834,78.11894515686942,23.640603185330235,34,40,1448.9677751803904,0.5897045731544495,40,26,2,0.03201877095158267,0.781315268995993,0.056442299114569515,1,604.9753023904817,0.8542270315633258
590,91,1.3728059530258179,78.12918595110835,23.641142174500708,35,20,1448.9677751803904,0.4488959014415741,40,25,5,0.028010019947507923,0.5890210993012803,0.19611021901884626,1,604.9753023904817,1.9574115203832694
536,92,5.476059913635254,78.15020652875677,23.663779719660518,34,10,1419.4403696378577,0.5593876242637634,41,25,3,0.030166274460611205,1.0386206407839178,0.0789344796493908,1,594.2568541785423,1.4696691475083217
509,93,5.638070583343506,78.13188089696075,23.671325568047124,34,20,1419.4403696378577,0.4518343210220337,39,27,2,0.03261360242966765,1.0570662124340768,0.19233205231068826,1,594.2568541785423,3.940277689244797
522,94,9.439723014831543,78.15209299085342,23.619313113096602,33,10,1418.6222227388062,0.5803443193435669,40,27,4,0.03001808801227943,1.4452041759049685,0.06292499531788877,1,593.9598668541867,1.6214088065599586
477,95,1.3727189302444458,78.17041862264944,23.625780983142263,33,40,1418.6222227388062,0.607945442199707,43,24,4,0.028383628671018773,0.5890061579759525,0.044989289754772475,1,593.9598668541867,0.44673912584531517
574,96,2.7441861629486084,78.12945544569362,23.654077914592023,35,20,1419.4403696378577,0.4974699318408966,40,25,4,0.02908600495816616,0.7772348673436665,0.13808838069558496,1,594.2568541785423,1.8551015377018756
492,97,5.374898433685303,78.16448974177428,23.62066058602278,34,10,1418.6222227388062,0.6848263144493103,40,26,5,0.02846123974633845,1.026996647816074,0.012962334982247222,1,593.9598668541867,0.22504179411294303
590,98,2.7440345287323,78.12891645652314,23.640872679915468,35,20,1448.9677751803904,0.4066448211669922,40,25,5,0.028010019947507923,0.7772176618384601,0.2539386910454109,1,604.9753023904817,3.344433779083704
466,99,2.2262611389160156,78.1706881172347,23.65192195791014,31,40,1428.689493343234,0.4700753092765808,41,28,2,0.03293193401897301,0.7147790913981744,0.16963246011229985,1,597.6142860835939,2.3862668499993527
478,100,0.9274099469184875,78.17095761181992,23.62470300480132,34,40,1418.6222227388062,0.398762583732605,42,24,4,0.028454407241744598,0.5034748895187708,0.2654117335881554,1,593.9598668541867,2.2584193078286257
453,101,2.9582793712615967,78.11490273809085,23.625780983142263,35,40,1448.9677751803904,0.41495776176452637,38,27,2,0.032711939433240175,0.8009844427179699,0.24206316080959506,1,604.9753023904817,3.837043472598133
472,102,1.012281060218811,78.1717660955756,23.631440369432212,34,40,1418.6222227388062,0.4317111670970917,40,26,2,0.03201877095158267,0.5214257375988902,0.21885690878767303,1,593.9598668541867,2.170273580296474
445,103,2.1124205589294434,78.11112981389755,23.6621627521491,33,40,1419.4403696378577,0.5614851713180542,41,26,2,0.03193131945344525,0.6999142473350775,0.07723912210685749,1,594.2568541785423,1.0258248780575356
501,104,3.555067539215088,78.14939804500108,23.67186455721759,31,30,1419.4403696378577,0.40334630012512207,43,26,2,0.03177369361813611,0.8622162797781885,0.25871501436780986,1,594.2568541785423,4.2119165228311815
460,105,3.5539329051971436,78.10681790053377,23.61446221056236,34,10,1448.9677751803904,0.7158172130584717,39,27,3,0.03130896585772835,0.8621059124446162,0.006488499807444446,1,604.9753023904817,0.10595251937049921
446,106,1.0126034021377563,78.10573992219287,23.672942535558533,35,40,1419.4403696378577,0.4354799687862396,39,26,2,0.03211193128373936,0.5214921603810054,0.21377469337979918,1,594.2568541785423,2.127378185638311
543,107,6.132987022399902,78.15721338797289,23.6230860372899,35,10,1418.6222227388062,0.5667111277580261,40,25,4,0.02908600495816616,1.1121977647448333,0.07310502200827951,1,593.9598668541867,1.4046573795097557
501,108,9.743571281433105,78.12541302691506,23.64329813118259,34,10,1448.9677751803904,0.3936140239238739,40,26,4,0.029554558044904502,1.47346838379773,0.27301478960736997,1,604.9753023904817,7.192653024550906
477,109,2.7439427375793457,78.15505743129103,23.63278784235839,33,40,1418.6222227388062,0.4866822361946106,41,26,4,0.029473836945967745,0.7772072462807313,0.15013474779633465,1,593.9598668541867,2.0427340948048145
452,110,2.7439017295837402,78.11139930848282,23.62928441275033,34,40,1448.9677751803904,0.28104090690612793,39,27,2,0.03261360242966765,0.7772025930293524,0.4575818805268887,1,604.9753023904817,7.016806134748187
506,111,1.3729581832885742,78.14751158290443,23.667822138439057,35,30,1419.4403696378577,0.4911242723464966,38,27,3,0.03140336910232677,0.5890472350224187,0.14511443357367276,1,594.2568541785423,1.595185436732618
552,112,16.389503479003906,78.12756898359697,23.654077914592023,35,10,1419.4403696378577,0.6502071619033813,38,27,3,0.03140336910232677,2.0350098933713117,0.024290499976524566,1,594.2568541785423,0.9224724875702847
533,113,15.479228019714355,78.17122710640518,23.67051708429141,34,10,1428.689493343234,0.5260478854179382,41,25,3,0.030166274460611205,1.9628197232920686,0.10862696696154857,1,597.6142860835939,3.843799409325061
512,114,23.686479568481445,78.17014912806422,23.66162376297863,33,10,1428.689493343234,0.4344915449619293,40,27,3,0.031220019138939386,2.586710839033512,0.2151025658787792,1,597.6142860835939,10.381201232889824
442,115,2.9583592414855957,78.10466194385191,23.656233871273912,33,40,1419.4403696378577,0.6420166492462158,41,26,2,0.03193131945344525,0.800993108313406,0.02768534679179919,1,594.2568541785423,0.4207942644751883
517,116,16.715234756469727,78.12110111355128,23.63494379904028,35,10,1448.9677751803904,0.5224404335021973,38,27,2,0.032711939433240175,2.0605889406963493,0.11214537685365535,1,604.9753023904817,4.57316296781768
526,117,15.693097114562988,78.14966753958629,23.617157156414713,32,10,1448.9677751803904,0.6391194462776184,42,26,4,0.029398418583570066,1.979879299714054,0.028955360721136865,1,604.9753023904817,1.0195987847814927
450,118,2.2261440753936768,78.11705869477277,23.64356762576783,35,40,1448.9677751803904,0.6284148693084717,38,27,2,0.032711939433240175,0.714764041923365,0.03396764942691,1,604.9753023904817,0.4804764757891478
474,119,1.0124528408050537,78.15748288255816,23.653538925421557,34,40,1428.689493343234,0.5351524949073792,41,25,4,0.02900491116713541,0.5214611368206438,0.10000988457445141,1,597.6142860835939,0.9039770059434658
503,120,4.14697790145874,78.13646230490974,23.625780983142263,35,10,1448.9677751803904,0.5232929587364197,39,26,4,0.02964054861738372,0.9171710776544681,0.11130859131148113,1,604.9753023904817,1.8306398864039022
501,121,12.8981351852417,78.16987963347896,23.616079178073768,33,10,1418.6222227388062,0.6096556782722473,41,26,5,0.02838350478085745,1.7512639038514364,0.04399490040888992,1,593.9598668541867,1.2989040093805067
506,122,9.0816011428833,78.12137060813654,23.629553907335563,32,20,1448.9677751803904,0.5548686385154724,42,26,3,0.03057553800422461,1.4114758420992917,0.08265700545359363,1,604.9753023904817,2.1580667311345123
471,123,2.1123619079589844,78.15909985006954,23.646262571620184,33,40,1418.6222227388062,0.45877960324287415,40,27,3,0.031220019138939386,0.6999064670255364,0.1835345712855758,1,593.9598668541867,2.3820350866670736
537,124,11.0393705368042,78.13619281032447,23.669439105950467,39,10,1419.4403696378577,0.5617360472679138,38,23,2,0.03067067862844815,1.5907436256658303,0.07703773135626456,1,594.2568541785423,2.2335787114383754
489,125,9.251771926879883,78.16826266596757,23.63548278821075,34,10,1418.6222227388062,0.5387725234031677,43,23,4,0.027902702658114897,1.4275603884422166,0.09668905141758427,1,593.9598668541867,2.2875740464671255
471,126,2.7441325187683105,78.16179479592188,23.64949650664302,31,40,1418.6222227388062,0.3790062665939331,43,26,3,0.030502655780190742,0.7772287805552173,0.2950399771039835,1,593.9598668541867,4.154554827455074
502,127,3.704791784286499,78.1526319800239,23.674020513899478,34,30,1428.689493343234,0.3277946710586548,42,24,3,0.02959372823182635,0.8766006888617621,0.37708623340027014,1,597.6142860835939,5.8460582346286225
507,128,9.66925048828125,78.13996573451777,23.621469069778485,36,10,1448.9677751803904,0.6213211417198181,38,26,4,0.029731781074822338,1.466583912288289,0.03757110168991107,1,604.9753023904817,0.991104432109571
564,129,3.554924726486206,78.13188089696075,23.664857698001462,35,10,1419.4403696378577,0.519843578338623,40,25,4,0.02908600495816616,0.8622023893482728,0.11471444998563893,1,594.2568541785423,1.7095650185554954
460,130,1.3728867769241333,78.12298757564793,23.655155892932967,35,10,1419.4403696378577,0.5251908302307129,39,26,2,0.03211193128373936,0.5890349758048075,0.10945754021045138,1,594.2568541785423,1.2303463714364882
526,131,10.289399147033691,78.1488590558306,23.65758134420009,33,10,1419.4403696378577,0.49110859632492065,42,25,4,0.028929107810425757,1.5234823538819182,0.14513200333645485,1,594.2568541785423,3.801104924886843
469,132,2.958322048187256,78.16179479592188,23.641950658256413,33,40,1418.6222227388062,0.5628973841667175,40,27,4,0.03001808801227943,0.800989073008692,0.07610931587104175,1,593.9598668541867,1.0869374127002212
539,133,2.7802884578704834,78.14535562622251,23.660815279222923,36,30,1419.4403696378577,0.40401047468185425,39,25,4,0.029172358456260435,0.781315268995993,0.25775038163886754,1,594.2568541785423,3.4911729952986867
450,134,1.0124592781066895,78.11894515686942,23.654347409177262,34,40,1419.4403696378577,0.40910273790359497,40,26,2,0.03201877095158267,0.5214624633002483,0.25040313016610083,1,594.2568541785423,2.484515224373617
479,135,2.0239005088806152,78.14912855041581,23.629553907335563,32,10,1448.9677751803904,0.6475333571434021,40,28,4,0.030477111034471926,0.6880212963529351,0.025367262227676015,1,604.9753023904817,0.32180065378473727
547,136,6.314460277557373,78.14858956124533,23.663510225075278,35,10,1419.4403696378577,0.490490198135376,39,26,4,0.02964054861738372,1.1319848897125702,0.14582594018017717,1,594.2568541785423,2.9076079804466604
447,137,2.22646427154541,78.10654840594856,23.666474665512872,33,40,1419.4403696378577,0.32536473870277405,40,27,2,0.03252094932393465,0.7148052046395901,0.38114901060505935,1,594.2568541785423,5.265261156752709
460,138,6.252021312713623,78.12244858647745,23.665127192586695,33,40,1419.4403696378577,0.3402375876903534,37,30,3,0.03291690867166631,1.125201443475209,0.35650954128832557,1,594.2568541785423,7.846837883750402
541,139,5.526345252990723,78.13673179949495,23.63548278821075,33,10,1448.9677751803904,0.5922530293464661,42,25,5,0.027858926930634808,1.044367971370474,0.05474864170208102,1,604.9753023904817,0.9636712953100739
509,140,2.7438859939575195,78.12568252150032,23.627667445238913,32,30,1448.9677751803904,0.338456392288208,43,25,2,0.03126481922486936,0.7772008074683949,0.3594312722883861,1,604.9753023904817,5.2837549843317655
484,141,0.9274099469184875,78.14562512080778,23.627667445238913,34,40,1448.9677751803904,0.4729907810688019,40,26,4,0.029554558044904502,0.5034748895187708,0.16612744788444941,1,604.9753023904817,1.495482458426625
473,142,14.426291465759277,78.11705869477277,23.61877412392613,34,10,1448.9677751803904,0.5679945945739746,39,27,4,0.03010361039524557,1.8778599862387269,0.07210933992384884,1,604.9753023904817,2.466101561044668
470,143,3.704791784286499,78.16152530133667,23.644106614938302,33,10,1418.6222227388062,0.5109004974365234,40,27,4,0.03001808801227943,0.8766006888617621,0.12379262612370191,1,593.9598668541867,1.9348028192821745
523,144,7.6456170082092285,78.13942674534735,23.654077914592023,36,10,1419.4403696378577,0.5556512475013733,39,25,4,0.029172358456260435,1.2711053722692436,0.08200548943715066,1,594.2568541785423,1.8070502111846074
512,145,4.2187819480896,78.12918595110835,23.617157156414713,34,10,1448.9677751803904,0.6186028718948364,39,27,4,0.03010361039524557,0.923513219463838,0.03901231257886127,1,604.9753023904817,0.6561468400944573
462,146,1.0125819444656372,78.12164010272176,23.67024758970618,36,40,1419.4403696378577,0.37734535336494446,39,25,2,0.03160470415796017,0.5214877391399592,0.2975855773056405,1,594.2568541785423,2.914619794238108
508,147,0.9274099469184875,78.13188089696075,23.619852102267075,37,40,1448.9677751803904,0.24643321335315704,36,27,4,0.03039156257714304,0.5034748895187708,0.5199384786630583,1,604.9753023904817,4.813050844261493
506,148,16.440135955810547,78.12110111355128,23.650843979569196,34,10,1419.4403696378577,0.578028678894043,40,26,3,0.03073792932539105,2.0389943180823393,0.0645923951311475,1,594.2568541785423,2.4057262756812903
459,149,2.1122703552246094,78.11732818935798,23.621738564363724,33,10,1448.9677751803904,0.5672197937965393,38,29,3,0.032351375955419405,0.6998943218939658,0.07270948467138327,1,604.9753023904817,0.9959876165126923
449,150,0.9274099469184875,78.10627891136329,23.67051708429141,36,40,1419.4403696378577,0.5757071375846863,39,25,2,0.03160470415796017,0.5034748895187708,0.06628939829799851,1,594.2568541785423,0.6268271821597603
477,151,1.3727837800979614,78.15236248543863,23.63709975572217,32,40,1418.6222227388062,0.5275131464004517,40,28,4,0.030477111034471926,0.5890172923873268,0.10721469004966107,1,593.9598668541867,1.1431763676487134
466,152,6.651668071746826,78.12217909189224,23.641681163671173,33,10,1448.9677751803904,0.4349544644355774,40,27,4,0.03001808801227943,1.1681903389316006,0.21448022336479128,1,604.9753023904817,4.550106222736776
468,153,3.0348398685455322,78.1706881172347,23.65380842000679,32,40,1428.689493343234,0.4633044898509979,43,25,2,0.03126481922486936,0.8092278541881145,0.17790460646793924,1,597.6142860835939,2.689892408097586
469,154,1.8543341159820557,78.17095761181992,23.657042355029617,36,40,1428.689493343234,0.4961775541305542,39,25,3,0.030340426377585668,0.6643390891346169,0.139505334699416,1,597.6142860835939,1.680441013702241
504,155,12.856361389160156,78.15074551792725,23.613384232221414,35,10,1418.6222227388062,0.5782648324966431,40,25,4,0.02908600495816616,1.7477412363938178,0.0644211938444632,1,593.9598668541867,1.9451230351719206
504,156,13.145974159240723,78.16044732299571,23.629553907335563,35,10,1418.6222227388062,0.6759093999862671,39,26,4,0.02964054861738372,1.7720913247194083,0.015435057748698865,1,593.9598668541867,0.48154590845744066
488,157,2.22646427154541,78.1555964204615,23.666474665512872,33,10,1428.689493343234,0.6811171174049377,41,26,4,0.029473836945967745,0.7148052046395901,0.013955310878156876,1,597.6142860835939,0.17570530292078207
477,158,1.372780680656433,78.14858956124533,23.636560766551696,34,40,1448.9677751803904,0.6520325541496277,42,24,4,0.028454407241744598,0.58901676023513,0.023572744931730373,1,604.9753023904817,0.23901491233168679
444,159,2.112362861633301,78.1054704276076,23.646532066205424,33,10,1448.9677751803904,0.6804210543632507,39,28,2,0.03311027741098904,0.6999065935356675,0.014147256607550358,1,604.9753023904817,0.19834112880979482
471,160,7.607166767120361,78.1232570702332,23.652730441665845,33,10,1419.4403696378577,0.6931856274604797,40,27,4,0.03001808801227943,1.2672203730923375,0.010904284978405438,1,594.2568541785423,0.24649412105944873
475,161,10.557881355285645,78.12379605940367,23.674020513899478,34,30,1419.4403696378577,0.5240089893341064,39,27,3,0.03130896585772835,1.547746742824334,0.11060831375310295,1,594.2568541785423,3.185155157186429
518,162,7.965607643127441,78.13026392944931,23.616348672659008,34,10,1448.9677751803904,0.5754045248031616,40,26,4,0.029554558044904502,1.303162891821424,0.06651247281708905,1,604.9753023904817,1.5497580961112694
486,163,2.226327657699585,78.15532692587624,23.656772860444384,33,10,1428.689493343234,0.6039465665817261,40,27,4,0.03001808801227943,0.7147876427220397,0.047367276244745585,1,597.6142860835939,0.6073785430785738
488,164,20.429458618164062,78.12083161896606,23.636021777381224,35,10,1448.9677751803904,0.6395277380943298,38,27,2,0.032711939433240175,2.344864198216386,0.02877417166731576,1,604.9753023904817,1.3352557745852505
479,165,2.2260076999664307,78.16880165513805,23.633865820699334,32,40,1418.6222227388062,0.3751658499240875,43,25,4,0.02885863158027226,0.7147465091485777,0.300938493091713,1,593.9598668541867,3.686910710226057
503,166,8.812480926513672,78.1423911857849,23.613653726806646,33,10,1448.9677751803904,0.6594438552856445,41,26,4,0.029473836945967745,1.385817455855728,0.02080115482665604,1,604.9753023904817,0.5140055352702052
486,167,13.516692161560059,78.11382475974995,23.613114737636174,34,10,1448.9677751803904,0.6567628979682922,39,27,3,0.03130896585772835,1.8030218034911194,0.021777544554711536,1,604.9753023904817,0.7437316401442744
473,168,1.3727774620056152,78.15856086089906,23.636021777381224,35,40,1418.6222227388062,0.43670913577079773,40,25,2,0.03151115064001727,0.5890162076147792,0.21212839916290593,1,593.9598668541867,2.3385541081526013
474,169,2.226085662841797,78.1526319800239,23.63952520698929,32,40,1418.6222227388062,0.5535544157028198,41,27,4,0.029937842192663638,0.7147565323344268,0.0837575235426286,1,593.9598668541867,1.0645340500760592
439,170,1.3729137182235718,78.10493143843712,23.66000679546721,36,40,1419.4403696378577,0.48313164710998535,38,26,2,0.032210770561039284,0.5890396011972255,0.1542073337607395,1,594.2568541785423,1.7387007268004002
511,171,2.1122560501098633,78.12945544569362,23.617696145585185,34,30,1448.9677751803904,0.417990505695343,39,27,4,0.03010361039524557,0.6998924241887305,0.2377893554090859,1,604.9753023904817,3.0309580964064535
479,172,5.047213554382324,78.1499370341715,23.648149033716834,34,40,1448.9677751803904,0.5260313153266907,41,25,4,0.02900491116713541,0.9924868864198093,0.10864299352734043,1,604.9753023904817,1.8920634041668782
440,173,3.17305850982666,78.10870436263042,23.6621627521491,33,40,1419.4403696378577,0.4653061330318451,40,27,2,0.03252094932393465,0.8238021080051957,0.17544001501288448,1,594.2568541785423,2.7931159768405114
489,174,4.1474528312683105,78.14697259373395,23.641681163671173,32,10,1448.9677751803904,0.7349060773849487,41,27,5,0.028830344978897478,0.917213238677479,0.003908913371696515,1,604.9753023904817,0.06253365953173576
586,175,2.7802884578704834,78.13780977783591,23.64518459327924,33,20,1448.9677751803904,0.38175395131111145,41,26,4,0.029473836945967745,0.781315268995993,0.29084697823692585,1,604.9753023904817,4.0519603747621185
493,176,8.820028305053711,78.16475923635949,23.61284524305094,32,10,1418.6222227388062,0.6225795745849609,42,26,5,0.028310876386610607,1.386540824270237,0.03691525983372719,1,593.9598668541867,0.860694455907279
486,177,1.8543341159820557,78.14158270202921,23.62470300480132,35,30,1448.9677751803904,0.5619909167289734,39,26,4,0.02964054861738372,0.6643390891346169,0.07683343720695232,1,604.9753023904817,0.9153010317246079
497,178,6.464860916137695,78.14643360456347,23.61850462934089,31,10,1448.9677751803904,0.6320054531097412,42,27,4,0.029862908757758225,1.1482211728742029,0.03222982078206351,1,604.9753023904817,0.668579712406387
489,179,14.082979202270508,78.14697259373395,23.64356762576783,32,10,1448.9677751803904,0.5790889859199524,41,27,5,0.028830344978897478,1.849781622840385,0.06382577585615136,1,604.9753023904817,2.0592261641277996
507,180,3.035142183303833,78.16341176343332,23.667013654683345,34,30,1428.689493343234,0.21835064888000488,41,25,2,0.03142329537530095,0.8092601580251834,0.5719566513533703,1,597.6142860835939,8.692085164804642
490,181,3.839850425720215,78.15748288255816,23.628745423579858,32,20,1418.6222227388062,0.5262082815170288,40,28,4,0.030477111034471926,0.8892830586913759,0.10847189640446113,1,593.9598668541867,1.7461765446602653
538,182,2.9583747386932373,78.14481663705203,23.661893257563868,34,30,1419.4403696378577,0.381420761346817,39,27,4,0.03010361039524557,0.8009947896814502,0.291354212056213,1,594.2568541785423,4.174877879425842
487,183,2.9583029747009277,78.14346916412586,23.634674304455046,34,10,1448.9677751803904,0.6423791646957397,41,25,5,0.027931926077013947,0.8009870036099354,0.02752899903729919,1,604.9753023904817,0.3726099255485964
530,184,8.047351837158203,78.15020652875677,23.657311849614857,33,10,1419.4403696378577,0.5377388000488281,42,25,4,0.028929107810425757,1.3112759736150483,0.09763119340787205,1,594.2568541785423,2.2008575878232155
583,185,2.9583094120025635,78.13215039154596,23.63709975572217,35,30,1448.9677751803904,0.2670695185661316,40,25,5,0.028010019947507923,0.8009877020329044,0.4825012534897561,1,604.9753023904817,6.549005535961815
538,186,2.9583652019500732,78.1375402832507,23.6583898279558,34,20,1419.4403696378577,0.4093005955219269,39,27,4,0.03010361039524557,0.8009937549940439,0.25011940500228375,1,594.2568541785423,3.5840107301625146
513,187,3.8398561477661133,78.13430634822782,23.631440369432212,35,10,1448.9677751803904,0.6434080004692078,40,25,4,0.02908600495816616,0.8892835903563202,0.027088370112476036,1,604.9753023904817,0.42388189992249914
504,188,3.5541136264801025,78.13619281032447,23.623625026460374,36,30,1448.9677751803904,0.31849104166030884,37,27,4,0.030290369825136165,0.8621234928407913,0.3927176845904346,1,604.9753023904817,6.204291001407604
477,189,4.112401008605957,78.15667439880241,23.657042355029617,35,40,1428.689493343234,0.6260079741477966,40,25,4,0.02908600495816616,0.9140938683954529,0.035164873635484886,1,597.6142860835939,0.5587337449340353
535,190,16.185253143310547,78.16610670928566,23.617965640170418,35,10,1418.6222227388062,0.6004645824432373,41,24,5,0.02747506031492218,2.018904755782009,0.04949844454250583,1,593.9598668541867,1.6308091462792818
485,191,9.253225326538086,78.16206429050715,23.663240730490045,31,10,1428.689493343234,0.6657897233963013,41,28,3,0.03161456328084319,1.4276973092168028,0.018606274066067848,1,597.6142860835939,0.5018844181202159
468,192,1.0124356746673584,78.16987963347896,23.651382968739668,31,40,1428.689493343234,0.48078250885009766,41,28,2,0.03293193401897301,0.5214575995169795,0.1569307966874942,1,597.6142860835939,1.6105172766708602
475,193,2.112287759780884,78.17203559016087,23.626319972312736,35,40,1418.6222227388062,0.5942323207855225,40,25,3,0.030250615265628278,0.6998966307583081,0.05345426772408567,1,593.9598668541867,0.6722140736482263
448,194,2.2260348796844482,78.11220779223851,23.635752282795984,37,40,1448.9677751803904,0.4200240969657898,38,25,2,0.03170392874358359,0.7147500034940685,0.23494140607241581,1,604.9753023904817,3.220805196665545
509,195,2.9582839012145996,78.1272994890117,23.627397950653673,32,20,1448.9677751803904,0.46115267276763916,42,26,2,0.03184961282574046,0.8009849342032304,0.180571859953557,1,604.9753023904817,2.786866862090125
575,196,13.682965278625488,78.13673179949495,23.648688022887306,33,10,1448.9677751803904,0.5764793157577515,41,26,5,0.02838350478085745,1.8168109723547932,0.0657221328065895,1,604.9753023904817,2.0503361028863987
580,197,2.226050615310669,78.12568252150032,23.63683026113693,32,10,1448.9677751803904,0.4517567455768585,41,27,4,0.029937842192663638,0.7147520265245414,0.19243137144146355,1,604.9753023904817,2.4910899553127304
521,198,12.10815715789795,78.1499370341715,23.65596437668868,34,10,1419.4403696378577,0.5959524512290955,41,25,5,0.027931926077013947,1.6840218747448987,0.0523442874607643,1,594.2568541785423,1.4631609587324272
586,199,2.024050712585449,78.13241988613117,23.63925571240405,34,20,1448.9677751803904,0.3824597895145416,41,25,4,0.02900491116713541,0.6880417374898044,0.2897735563001849,1,604.9753023904817,3.498506778219372
472,200,0.9274099469184875,78.17230508474609,23.632248853187924,33,40,1418.6222227388062,0.4240347743034363,42,25,2,0.03134117165305953,0.5034748895187708,0.22936701791304412,1,593.9598668541867,2.1497161181291604
480,201,4.4461236000061035,78.16179479592188,23.662701741319573,31,30,1428.689493343234,0.4525858461856842,41,28,3,0.03161456328084319,0.943182507854279,0.19137108170755143,1,597.6142860835939,3.4102028044082657
481,202,3.4370739459991455,78.15856086089906,23.631709864017452,33,40,1418.6222227388062,0.43135717511177063,40,27,4,0.03001808801227943,0.8506248157336053,0.2193369193858735,1,593.9598668541867,3.326518290866323
561,203,15.264381408691406,78.1272994890117,23.663779719660518,32,10,1419.4403696378577,0.5721849799156189,40,28,2,0.03301824496905152,1.9456178484867683,0.0689125012254385,1,594.2568541785423,2.630775203992594
499,204,8.34899616241455,78.1423911857849,23.641681163671173,34,10,1448.9677751803904,0.6864111423492432,39,27,5,0.028989980881719495,1.340957426558617,0.012553225609895418,1,604.9753023904817,0.29522688094740784
542,205,10.145124435424805,78.14966753958629,23.616348672659008,32,10,1448.9677751803904,0.6238923668861389,41,27,4,0.029937842192663638,1.5103537136715366,0.036238734388094024,1,604.9753023904817,0.9913107818154457
470,206,2.7442147731781006,78.16071681758098,23.656772860444384,32,40,1428.689493343234,0.5885603427886963,42,26,3,0.03057553800422461,0.7772381136018269,0.057212656711494975,1,597.6142860835939,0.8125335128877398
548,207,17.522274017333984,78.12756898359697,23.646262571620184,34,10,1448.9677751803904,0.668735921382904,40,26,4,0.029554558044904502,2.1234444486426116,0.01764188724903419,1,604.9753023904817,0.6698044995882783
585,208,2.226073980331421,78.1272994890117,23.63871672323358,33,20,1448.9677751803904,0.47417065501213074,40,27,4,0.03001808801227943,0.7147550304025087,0.16471882028055954,1,604.9753023904817,2.138066041185534
566,209,10.1535005569458,78.13807927242112,23.65003549581349,32,10,1448.9677751803904,0.6149109601974487,41,27,5,0.028830344978897478,1.51111767140844,0.04102375218256563,1,604.9753023904817,1.0812376222239788
577,210,2.7802884578704834,78.13080291861979,23.646532066205424,33,10,1448.9677751803904,0.5530122518539429,42,25,4,0.028929107810425757,0.781315268995993,0.08421387629854975,1,604.9753023904817,1.1515496164209302
508,211,2.112445116043091,78.12918595110835,23.668900116779994,34,40,1419.4403696378577,0.42230769991874695,39,27,4,0.03010361039524557,0.6999175049060014,0.23176052857742127,1,594.2568541785423,2.901877748026855
467,212,2.7802884578704834,78.16718468762662,23.650843979569196,32,40,1428.689493343234,0.589852511882782,43,25,2,0.03126481922486936,0.781315268995993,0.05634314788551405,1,597.6142860835939,0.822515918359043
452,213,3.1722779273986816,78.11382475974995,23.6268589614832,35,40,1448.9677751803904,0.45462387800216675,38,27,2,0.032711939433240175,0.8237208729055888,0.18877604334638168,1,604.9753023904817,3.077307455707009
499,214,9.521921157836914,78.11840616769894,23.617965640170418,35,10,1448.9677751803904,0.6395316123962402,39,26,3,0.03082736298010855,1.4528814464027118,0.028772455837137254,1,604.9753023904817,0.7796166961241296
473,215,6.122582912445068,78.12568252150032,23.659198311711506,36,10,1419.4403696378577,0.5701005458831787,37,27,2,0.03281593356923771,1.1110566516346614,0.07049238314776725,1,594.2568541785423,1.5273457482400508
509,216,4.735852241516113,78.12298757564793,23.62712845606844,34,30,1448.9677751803904,0.2543585002422333,41,25,2,0.03142329537530095,0.9674074975847959,0.5054762926534055,1,604.9753023904817,9.296074885018308
472,217,2.2261714935302734,78.15909985006954,23.64545408786448,31,40,1418.6222227388062,0.4270755648612976,42,27,3,0.03105862647148713,0.7147675667918509,0.22517852284426723,1,593.9598668541867,2.9691432458110163
482,218,1.8543341159820557,78.16610670928566,23.623894521045607,31,10,1418.6222227388062,0.6162716150283813,44,25,4,0.028793525498230874,0.6643390891346169,0.0402751769818252,1,593.9598668541867,0.457592827877319
508,219,3.172161102294922,78.15424894753528,23.621738564363724,33,10,1418.6222227388062,0.44713568687438965,41,26,5,0.02838350478085745,0.8237087139107231,0.1983892752023372,1,593.9598668541867,2.7549579424610755
473,220,2.2259531021118164,78.1706881172347,23.630092896506035,32,40,1418.6222227388062,0.4218038022518158,42,26,2,0.03184961282574046,0.7147394897283916,0.23246084666216876,1,593.9598668541867,3.143104725032922
528,221,10.01750659942627,78.14966753958629,23.66620517092764,34,10,1419.4403696378577,0.5811436176300049,41,25,2,0.03142329537530095,1.498687017479767,0.062355315979158416,1,594.2568541785423,1.745059972138686
501,222,2.226557970046997,78.14805057207485,23.672942535558533,32,10,1419.4403696378577,0.46197620034217834,42,26,2,0.03184961282574046,0.7148172493521167,0.17954890168516147,1,594.2568541785423,2.4291600702153424
496,223,4.73587703704834,78.14373865871113,23.642489647426885,34,10,1448.9677751803904,0.6883189082145691,39,27,5,0.028989980881719495,0.9674095328637762,0.012072618738089937,1,604.9753023904817,0.20483181930082248
508,224,1.3727315664291382,78.12622151067075,23.627936939824146,33,20,1448.9677751803904,0.4609880745410919,41,26,2,0.03193131945344525,0.5890083275734758,0.18077663981941045,1,604.9753023904817,2.05692404336852
531,225,10.118719100952148,78.15209299085342,23.655425387518207,34,20,1428.689493343234,0.41638749837875366,39,27,5,0.028989980881719495,1.5079439459716895,0.24004439643612935,1,597.6142860835939,6.271128070168453
509,226,2.2265267372131348,78.15236248543863,23.67078657887665,35,30,1428.689493343234,0.31234726309776306,40,25,2,0.03151115064001727,0.7148132344815967,0.4031507324821418,1,597.6142860835939,5.426818172040465
475,227,1.3727680444717407,78.15236248543863,23.634404809869807,34,40,1418.6222227388062,0.36601534485816956,40,26,3,0.03073792932539105,0.5890145906841093,0.3151676733978646,1,593.9598668541867,3.3892174019204147
505,228,2.225898504257202,78.12649100525601,23.626050477727496,32,20,1448.9677751803904,0.42581650614738464,42,26,2,0.03184961282574046,0.7147324702053179,0.2269088098733394,1,604.9753023904817,3.124903950277345
516,229,3.554266929626465,78.1272994890117,23.631440369432212,32,10,1448.9677751803904,0.704947292804718,43,25,3,0.03001413780555057,0.8621384056103152,0.008409023514803436,1,604.9753023904817,0.13163945525663562
479,230,4.901236057281494,78.15074551792725,23.62658946689797,33,40,1418.6222227388062,0.3866850733757019,40,27,4,0.03001808801227943,0.9808455950050121,0.2833797438062341,1,593.9598668541867,4.955752139790386
448,231,4.218888282775879,78.1130162759942,23.631709864017452,36,40,1448.9677751803904,0.3583012819290161,36,28,2,0.033420379135029564,0.9235225640183514,0.3273493153471707,1,604.9753023904817,6.112346495613106
518,232,5.374848365783691,78.13969623993256,23.619043618511363,34,30,1448.9677751803904,0.3148825168609619,39,27,4,0.03010361039524557,1.0269908740243479,0.39883504800072184,1,604.9753023904817,7.45961012450708
476,233,3.554338216781616,78.15748288255816,23.63494379904028,34,40,1418.6222227388062,0.4895677864551544,41,25,4,0.02900491116713541,0.8621453400340008,0.14686404262383798,1,593.9598668541867,2.1813462350949617
474,234,2.7439584732055664,78.15775237714337,23.634135315284574,34,40,1418.6222227388062,0.5913158655166626,40,26,3,0.03073792932539105,0.7772090318196694,0.05536791885291318,1,593.9598668541867,0.7856475264133076
562,235,2.112435817718506,78.13349786447213,23.666474665512872,37,20,1419.4403696378577,0.4196459650993347,39,24,4,0.028698468851138945,0.6999162714594798,0.23546987306141703,1,594.2568541785423,2.810699171878042
492,236,6.76933479309082,78.15721338797289,23.667822138439057,33,10,1428.689493343234,0.6500617265701294,41,26,4,0.029473836945967745,1.180660184646808,0.02434828963488415,1,597.6142860835939,0.5063502450309005
494,237,3.1726956367492676,78.14427764788155,23.645723582449712,36,10,1448.9677751803904,0.6757641434669495,39,25,5,0.028093178951559414,0.8237643453362544,0.015477789125262898,1,604.9753023904817,0.21669577657227615
533,238,2.958270788192749,78.15856086089906,23.62254704811943,33,30,1418.6222227388062,0.4227675795555115,43,24,4,0.028383628671018773,0.8009835114815098,0.23112216580201364,1,593.9598668541867,3.1209742995618965
570,239,7.3788604736328125,78.1669151930414,23.61688766182948,33,10,1418.6222227388062,0.548183262348175,42,25,5,0.027858926930634808,1.2440009420719962,0.08833900775523781,1,593.9598668541867,1.8184221447288629
512,240,5.133719444274902,78.14670309914868,23.665666181757167,35,30,1419.4403696378577,0.42164528369903564,39,26,3,0.03082736298010855,0.9992923200952034,0.23268134041227198,1,594.2568541785423,4.2595594342851815
567,241,0.0,78.1677236767971,23.639794701574523,35,20,1418.6222227388062,0.3933660089969635,40,25,4,0.02908600495816616,0.16531147321376102,0.2733831822455198,1,593.9598668541867,0.7807571422059176
447,242,3.4370789527893066,78.10520093302239,23.632248853187924,37,40,1448.9677751803904,0.3777354061603546,36,27,2,0.03292556361491613,0.850625312566984,0.2969870198934251,1,604.9753023904817,5.032069535836633
492,243,12.106548309326172,78.16583721470045,23.63763874489264,37,10,1418.6222227388062,0.5520913600921631,39,24,3,0.02984756212402011,1.6838835329475756,0.08499215708763498,1,593.9598668541867,2.5372126476762062
485,244,11.242825508117676,78.11813667311367,23.646262571620184,31,10,1448.9677751803904,0.600951611995697,41,28,2,0.03293193401897301,1.608721948048965,0.04919695653956326,1,604.9753023904817,1.5767909035637941
581,245,2.9582436084747314,78.12918595110835,23.61230625388047,33,20,1448.9677751803904,0.5364670753479004,41,26,4,0.029473836945967745,0.8009805625554343,0.09879699269097914,1,604.9753023904817,1.4110422710488164
474,246,3.554431200027466,78.16422024718901,23.639794701574523,33,40,1418.6222227388062,0.5038588047027588,42,25,2,0.03134117165305953,0.8621543848103418,0.13118974920396456,1,593.9598668541867,2.105509825292729
523,247,2.024406909942627,78.13700129408022,23.6621627521491,35,10,1419.4403696378577,0.534991443157196,39,26,4,0.02964054861738372,0.6880902085598066,0.10015902333831954,1,594.2568541785423,1.2139362947049983
497,248,2.1122517585754395,78.1537099583648,23.61661816724424,34,10,1418.6222227388062,0.7374565005302429,41,25,4,0.02900491116713541,0.6998918548756617,0.0036326776478598976,1,593.9598668541867,0.043801243684362536
497,249,4.7359185218811035,78.14535562622251,23.667822138439057,35,30,1419.4403696378577,0.39986953139305115,39,26,4,0.02964054861738372,0.9674129380280341,0.2637882277609493,1,594.2568541785423,4.494979741402646
538,250,3.704791784286499,78.13646230490974,23.65192195791014,35,10,1419.4403696378577,0.6173644065856934,39,26,4,0.02964054861738372,0.8766006888617621,0.039680108159861414,1,594.2568541785423,0.6126819588812661
449,251,1.3727221488952637,78.11139930848282,23.626319972312736,35,40,1448.9677751803904,0.40171340107917786,39,26,2,0.03211193128373936,0.5890067106104195,0.2610927713909646,1,604.9753023904817,2.9875773759942312
470,252,4.783838272094727,78.17365255767226,23.65785083878533,33,40,1428.689493343234,0.49770456552505493,42,25,2,0.03134117165305953,0.9713346261457443,0.13783190124369557,1,597.6142860835939,2.507580110231525
510,253,2.1124348640441895,78.16368125801853,23.66620517092764,34,30,1428.689493343234,0.2621850371360779,41,25,2,0.03142329537530095,0.6999161449519606,0.4912968507399565,1,597.6142860835939,6.457474358507827
514,254,7.606635093688965,78.13915725076208,23.619852102267075,34,20,1448.9677751803904,0.47497108578681946,39,27,4,0.03010361039524557,1.2671666022459327,0.16376643997231577,1,604.9753023904817,3.779330359699154
508,255,0.0,78.13349786447213,23.620391091437547,35,40,1448.9677751803904,0.37782204151153564,36,29,4,0.03130056078164722,0.16531147321376102,0.29685413496932844,1,604.9753023904817,0.9292570458357674
547,256,5.049942970275879,78.1499370341715,23.660545784637684,34,10,1419.4403696378577,0.42084813117980957,42,24,4,0.028454407241744598,0.9927026523568904,0.23379148669701863,1,594.2568541785423,3.924385093461589
551,257,2.2262299060821533,78.13215039154596,23.64976600122825,35,20,1448.9677751803904,0.4112720787525177,39,26,4,0.02964054861738372,0.7147750762077689,0.2472995317804891,1,604.9753023904817,3.169688452351441
474,258,3.437361240386963,78.15909985006954,23.663240730490045,33,40,1428.689493343234,0.6046280860900879,39,28,3,0.031785772431492,0.8506533238104048,0.04695675248845332,1,597.6142860835939,0.758759946968606
465,259,12.234101295471191,78.11463324350564,23.674020513899478,37,20,1419.4403696378577,0.4262106716632843,37,26,2,0.03231526470942818,1.6948333443262469,0.22636651271979025,1,594.2568541785423,7.367516167281653
457,260,2.2257463932037354,78.10843486804521,23.615270694318063,34,20,1448.9677751803904,0.56317138671875,39,27,3,0.03130896585772835,0.7147129130874558,0.07589119116305365,1,604.9753023904817,1.0273758825565487
530,261,14.225049018859863,78.15990833382523,23.6230860372899,33,10,1418.6222227388062,0.516372799873352,43,24,4,0.028383628671018773,1.8614249070409439,0.11819532811494836,1,593.9598668541867,3.7091197007236216
479,262,7.286287784576416,78.17095761181992,23.638447228648346,33,10,1418.6222227388062,0.6464663147926331,42,25,3,0.03008743592011844,1.2345103229831333,0.02580545040803987,1,593.9598668541867,0.5693095238032683
472,263,9.253677368164062,78.11382475974995,23.67186455721759,35,30,1419.4403696378577,0.2938173711299896,38,27,2,0.032711939433240175,1.4277398932579988,0.4351221113177846,1,594.2568541785423,12.076490406580971
539,264,2.7441577911376953,78.13646230490974,23.6516524633249,35,10,1419.4403696378577,0.574064314365387,39,26,4,0.02964054861738372,0.7772316481177266,0.06750560957503751,1,594.2568541785423,0.9241676814360232
563,265,4.446201324462891,78.13241988613117,23.665666181757167,35,20,1419.4403696378577,0.3752424716949463,40,25,4,0.02908600495816616,0.9431891296306426,0.300820379894289,1,594.2568541785423,4.904156441263069
572,266,22.30729103088379,78.13188089696075,23.635752282795984,32,10,1448.9677751803904,0.4992828667163849,42,26,5,0.028310876386610607,2.4848591946104466,0.13611282379588915,1,604.9753023904817,5.792843385017548
568,267,22.25611114501953,78.11840616769894,23.613923221391886,33,10,1448.9677751803904,0.6066785454750061,41,26,4,0.029473836945967745,2.481066237639171,0.04573463784292375,1,604.9753023904817,2.023289022357412
479,268,0.9274099469184875,78.11166880306803,23.61203675929523,34,10,1448.9677751803904,0.7228087782859802,39,27,4,0.03010361039524557,0.5034748895187708,0.005433152704748375,1,604.9753023904817,0.049817961968986996
495,269,6.464860916137695,78.12541302691506,23.67455950306995,35,10,1419.4403696378577,0.4695855677127838,38,27,2,0.032711939433240175,1.1482211728742029,0.1702246123144302,1,594.2568541785423,3.79951704957457
522,270,15.811699867248535,78.12406555398888,23.63952520698929,33,10,1448.9677751803904,0.5655041933059692,41,26,4,0.029473836945967745,1.9893130035941757,0.07404839832821368,1,604.9753023904817,2.6265949960779187
546,271,7.446480751037598,78.12271808106271,23.648418528302074,30,10,1448.9677751803904,0.6280110478401184,44,26,4,0.029263653551709273,1.2509055123209847,0.034166701140186315,1,604.9753023904817,0.7566477536985621
479,272,1.0122939348220825,78.14858956124533,23.63305733694363,34,40,1448.9677751803904,0.4843040704727173,42,24,4,0.028454407241744598,0.5214283908229255,0.15285670195850146,1,604.9753023904817,1.3720386553144162
471,273,0.0,78.17257457933135,23.630092896506035,34,40,1418.6222227388062,0.5141471028327942,40,26,2,0.03201877095158267,0.16531147321376102,0.12045581012349521,1,593.9598668541867,0.3786975606510184
456,274,2.2264564037323,78.11086031931234,23.6659356763424,34,50,1419.4403696378577,0.3617596924304962,41,25,2,0.03142329537530095,0.7148041932377299,0.3218672975203464,1,594.2568541785423,4.296253237953363
546,275,16.789440155029297,78.1272994890117,23.648418528302074,33,10,1448.9677751803904,0.5691554546356201,41,26,4,0.029473836945967745,2.0663986532155225,0.07121544645944264,1,604.9753023904817,2.6239927653540267
483,276,3.839946985244751,78.14670309914868,23.676176470581368,34,10,1419.4403696378577,0.7556756734848022,41,25,2,0.03142329537530095,0.8892920304744052,0.0020583704877680745,1,594.2568541785423,0.034181716996313616
475,277,1.3728187084197998,78.16529822552997,23.64329813118259,34,50,1418.6222227388062,0.5189873576164246,41,25,2,0.03142329537530095,0.5890232892834771,0.11556815068608631,1,593.9598668541867,1.2705140128665793
519,278,9.037493705749512,78.1499370341715,23.656233871273912,34,10,1419.4403696378577,0.5704106092453003,41,25,5,0.027931926077013947,1.4072893623874847,0.07025607795898593,1,594.2568541785423,1.6411277540105063
477,279,10.992984771728516,78.12487403774458,23.660545784637684,36,10,1419.4403696378577,0.6091982126235962,37,27,2,0.03281593356923771,1.5866292875559085,0.04425956110368061,1,594.2568541785423,1.369435345967185
469,280,1.3728281259536743,78.16368125801853,23.644915098694007,33,10,1418.6222227388062,0.5053936243057251,40,27,2,0.03252094932393465,0.589024906178398,0.1295589188947106,1,593.9598668541867,1.474080801772699
476,281,2.2264292240142822,78.15721338797289,23.663779719660518,34,40,1428.689493343234,0.5412163734436035,41,25,4,0.02900491116713541,0.7148006992875982,0.09448128728968688,1,597.6142860835939,1.1706397883038053
510,282,12.2708101272583,78.1601778284105,23.617157156414713,31,10,1418.6222227388062,0.4828256368637085,43,26,5,0.028243392385671064,1.6979778358260023,0.154560802755954,1,593.9598668541867,4.40256060018615
452,283,2.112349510192871,78.11651970560229,23.643028636597357,34,40,1448.9677751803904,0.48217982053756714,39,27,2,0.03261360242966765,0.6999048223907247,0.15530806003970732,1,604.9753023904817,2.1447140595983663
539,284,9.40791130065918,78.13538432656878,23.642220152841645,34,10,1448.9677751803904,0.626053512096405,40,26,4,0.029554558044904502,1.4422266586724055,0.03514198081440164,1,604.9753023904817,0.9061954367956571
485,285,2.112281560897827,78.14858956124533,23.62470300480132,34,40,1448.9677751803904,0.5826675891876221,38,28,3,0.031879581977570015,0.6998958084243669,0.06127748093152218,1,604.9753023904817,0.8271505435029265
471,286,0.9274099469184875,78.15909985006954,23.654886398347735,34,40,1428.689493343234,0.5345990061759949,40,26,3,0.03073792932539105,0.5034748895187708,0.10052292959118735,1,597.6142860835939,0.9296907945843238
467,287,1.3728630542755127,78.16475923635949,23.651113474154428,31,40,1428.689493343234,0.4348362386226654,44,25,2,0.031194284699356555,0.5890309029584979,0.21463908996275918,1,597.6142860835939,2.3569094672308055
532,288,4.445968151092529,78.13996573451777,23.657311849614857,35,10,1419.4403696378577,0.5854648351669312,39,26,4,0.02964054861738372,0.9431692640965363,0.059327569806168906,1,594.2568541785423,0.9856134829779017
477,289,4.042856693267822,78.16934064430853,23.632518347773157,35,40,1418.6222227388062,0.2805832028388977,41,24,2,0.030909323379618,0.9078579982685798,0.45839243685483166,1,593.9598668541867,7.640151439145987
485,290,5.048588752746582,78.14077421827352,23.62524199397179,35,10,1448.9677751803904,0.7104577422142029,39,26,4,0.02964054861738372,0.9925956072440657,0.007391278177997943,1,604.9753023904817,0.13155755079163176
466,291,17.710935592651367,78.11517223267612,23.65973730088198,36,10,1419.4403696378577,0.5988925695419312,38,26,2,0.032210770561039284,2.138038306099243,0.05047912782512974,1,594.2568541785423,2.065868332764394
470,292,2.024055004119873,78.15990833382523,23.63952520698929,34,40,1418.6222227388062,0.5960383415222168,41,25,4,0.02900491116713541,0.6880423215089569,0.05228922669673959,1,593.9598668541867,0.6198063374844179
581,293,3.437189817428589,78.12891645652314,23.644376109523535,33,10,1448.9677751803904,0.6187998652458191,41,26,4,0.029473836945967745,0.8506363137673216,0.038906736753981444,1,604.9753023904817,0.5901236871709943
444,294,0.0,78.10681790053377,23.67186455721759,36,40,1419.4403696378577,0.3937428593635559,39,25,2,0.03160470415796017,0.16531147321376102,0.2728234991492564,1,594.2568541785423,0.847053224341621
455,295,5.900980472564697,78.10843486804521,23.647071055375896,35,50,1448.9677751803904,0.2740233838558197,38,27,2,0.032711939433240175,1.086573335296739,0.47005307271309055,1,604.9753023904817,10.10764261787603
496,296,11.14731502532959,78.16610670928566,23.636560766551696,34,10,1418.6222227388062,0.6259343028068542,40,26,4,0.029554558044904502,1.6002957915335634,0.03520192942993032,1,593.9598668541867,0.9888907206401314
507,297,10.997472763061523,78.16475923635949,23.618235134755658,35,10,1418.6222227388062,0.5855855941772461,41,24,5,0.02747506031492218,1.5870276186933128,0.05924421999358218,1,593.9598668541867,1.5343563196064534
470,298,5.526187896728516,78.12217909189224,23.6230860372899,33,10,1448.9677751803904,0.7239407300949097,40,27,2,0.03252094932393465,1.044350017831167,0.00527476571395803,1,604.9753023904817,0.10838024116660051
579,299,2.7802884578704834,78.12514353232984,23.636021777381224,32,20,1448.9677751803904,0.4694637060165405,41,27,4,0.029937842192663638,0.781315268995993,0.1703721072881423,1,604.9753023904817,2.41092081718139
510,300,3.172996997833252,78.15236248543863,23.659467806296746,33,30,1428.689493343234,0.3910098373889923,41,26,4,0.029473836945967745,0.8237957068926772,0.2768926759801526,1,597.6142860835939,4.017803014407317
480,301,1.3727093935012817,78.16934064430853,23.624164015630846,34,40,1418.6222227388062,0.4663815200328827,42,24,4,0.028454407241744598,0.589004520535937,0.1741225122563168,1,593.9598668541867,1.7333257809511242
462,302,3.0352776050567627,78.11894515686942,23.6726730409733,37,40,1419.4403696378577,0.45262110233306885,38,25,3,0.03043568169843624,0.8092746278923096,0.19132605336211042,1,594.2568541785423,2.8004464396867883
519,303,4.1481032371521,78.13700129408022,23.663240730490045,35,10,1419.4403696378577,0.5374019742012024,39,26,4,0.02964054861738372,0.9172709726333679,0.09793924044362046,1,594.2568541785423,1.5823946984997488
483,304,3.839851140975952,78.14212169119969,23.62901491816509,35,10,1448.9677751803904,0.6578150987625122,39,26,4,0.02964054861738372,0.8892831251495196,0.021390823719609854,1,604.9753023904817,0.34110763719240783
500,305,2.112448215484619,78.14562512080778,23.669708600535706,35,40,1419.4403696378577,0.3992827236652374,38,27,4,0.03019437923470044,0.6999179160541207,0.26464837447340117,1,594.2568541785423,3.3236604272058616
508,306,5.547544956207275,78.13619281032447,23.630631885676507,34,10,1448.9677751803904,0.618172824382782,40,26,4,0.029554558044904502,1.0467849577688695,0.03924340569325915,1,604.9753023904817,0.734490660717947
470,307,0.9274099469184875,78.17311356850183,23.628206434409385,33,40,1418.6222227388062,0.5220293998718262,40,27,2,0.03252094932393465,0.5034748895187708,0.11254999213007073,1,593.9598668541867,1.0945701494919586
464,308,4.445540904998779,78.12217909189224,23.641950658256413,33,20,1448.9677751803904,0.3762355148792267,40,27,4,0.03001808801227943,0.9431328626670249,0.299291170214275,1,604.9753023904817,5.126104483330483
482,309,0.9274099469184875,78.11732818935798,23.675906975996128,36,30,1419.4403696378577,0.38468649983406067,38,26,2,0.032210770561039284,0.5034748895187708,0.286397199949467,1,594.2568541785423,2.7600814409105845
484,310,2.023879051208496,78.14293017495538,23.627936939824146,35,30,1448.9677751803904,0.4932134449481964,39,26,4,0.02964054861738372,0.6880183761164694,0.14278223971693868,1,604.9753023904817,1.7615627211926854
475,311,0.0,78.1488590558306,23.6373692503074,32,40,1448.9677751803904,0.5248551368713379,42,26,4,0.029398418583570066,0.16531147321376102,0.1097837670408307,1,604.9753023904817,0.32277711797211706
518,312,14.093732833862305,78.12837746735266,23.65973730088198,34,10,1419.4403696378577,0.5018341541290283,38,28,2,0.03320799597677619,1.8506641309892256,0.13335677051177355,1,594.2568541785423,4.870342962851245
455,313,2.1122610569000244,78.11328577057947,23.619043618511363,35,10,1448.9677751803904,0.6135547757148743,36,29,2,0.03391035267050606,0.6998930883864369,0.04177832100408311,1,604.9753023904817,0.5998637788815572
458,314,2.7802884578704834,78.10762638428952,23.615001199732824,34,10,1448.9677751803904,0.7061646580696106,39,27,3,0.03130896585772835,0.781315268995993,0.008176156000996705,1,604.9753023904817,0.12099901897342584
487,315,4.219191551208496,78.11517223267612,23.6726730409733,35,20,1419.4403696378577,0.48165351152420044,40,25,3,0.030250615265628278,0.9235492140904632,0.15591832372302608,1,594.2568541785423,2.5886039639768907
477,316,2.1124215126037598,78.1601778284105,23.66243224673434,31,40,1428.689493343234,0.31299352645874023,41,28,3,0.03161456328084319,0.6999143738431086,0.4020492362697316,1,597.6142860835939,5.316579492199277
475,317,0.9274099469184875,78.16880165513805,23.63090138026174,33,40,1418.6222227388062,0.26488256454467773,42,25,4,0.028929107810425757,0.5034748895187708,0.4864341506038832,1,593.9598668541867,4.208177150355391
582,318,16.185049057006836,78.1167892001875,23.61230625388047,35,10,1448.9677751803904,0.5665192008018494,39,26,4,0.02964054861738372,2.018888637562858,0.07325458000644278,1,604.9753023904817,2.651984794117213
449,319,2.1124472618103027,78.11382475974995,23.669439105950467,38,10,1419.4403696378577,0.6725978255271912,37,25,2,0.031808802988916564,0.6999177895470454,0.016429201963840095,1,594.2568541785423,0.2173627030857107
515,320,2.0243167877197266,78.14293017495538,23.65650336585915,38,40,1419.4403696378577,0.5229213833808899,37,25,4,0.029360749533342036,0.6880779452770897,0.11167290359974945,1,594.2568541785423,1.340685103636583
587,321,0.0,78.14104371285873,23.64976600122825,35,20,1448.9677751803904,0.41349583864212036,39,26,5,0.028544049250562385,0.16531147321376102,0.24413462085283769,1,604.9753023904817,0.6969242796674947
493,322,2.7438132762908936,78.17392205225752,23.621469069778485,35,10,1418.6222227388062,0.7226480841636658,38,27,4,0.03019437923470044,0.7771925559331432,0.0054559130758093845,1,593.9598668541867,0.07604650886454976
445,323,1.372874140739441,78.11166880306803,23.652999936251085,34,40,1419.4403696378577,0.35787051916122437,38,28,2,0.03320799597677619,0.5890328063542319,0.3280344562615027,1,594.2568541785423,3.8130791017207053
453,324,2.1123104095458984,78.11544172726133,23.632518347773157,37,40,1448.9677751803904,0.3682363033294678,36,27,2,0.03292556361491613,0.6998996354277501,0.3116917298140845,1,604.9753023904817,4.3454215087892205
487,325,2.2260544300079346,78.16529822552997,23.63709975572217,37,40,1418.6222227388062,0.5651341080665588,39,24,3,0.02984756212402011,0.7147525169548843,0.07433903968343282,1,593.9598668541867,0.9419733280889788
524,326,13.145750045776367,78.16368125801853,23.626050477727496,33,10,1418.6222227388062,0.6081200242042542,43,24,4,0.028383628671018773,1.7720725460941633,0.04488716156699242,1,593.9598668541867,1.3409996323310653
521,327,8.407797813415527,78.1526319800239,23.619852102267075,33,10,1418.6222227388062,0.5324963331222534,40,27,4,0.03001808801227943,1.3466977102266848,0.10248474598741339,1,593.9598668541867,2.460761245997396
508,328,4.735838413238525,78.1717660955756,23.61877412392613,32,10,1418.6222227388062,0.5024133920669556,42,26,4,0.029398418583570066,0.9674063625226381,0.13273497872024548,1,593.9598668541867,2.242205400948043
576,329,9.21848201751709,78.13403685364261,23.638447228648346,32,10,1448.9677751803904,0.5806635022163391,43,25,5,0.027791057843241613,1.4244221468172795,0.06269714506145438,1,604.9753023904817,1.501513379475949
519,330,23.10483169555664,78.15236248543863,23.654077914592023,32,10,1428.689493343234,0.3819938004016876,41,27,4,0.029937842192663638,2.5438346833306817,0.29048205136153626,1,597.6142860835939,13.220553952080662
448,331,2.2260582447052,78.11382475974995,23.63763874489264,35,40,1448.9677751803904,0.5049838423728943,37,28,2,0.03331137118685462,0.7147530073847248,0.12999332718764062,1,604.9753023904817,1.8724369647258192
485,332,3.554234027862549,78.14158270202921,23.629823401920795,35,10,1448.9677751803904,0.4729216992855072,39,26,4,0.02964054861738372,0.8621352050792193,0.16621009916595078,1,604.9753023904817,2.5695476246801925
476,333,1.372766375541687,78.1555964204615,23.634135315284574,33,40,1418.6222227388062,0.5636792182922363,41,26,4,0.029473836945967745,0.5890143041387403,0.07548785472542632,1,593.9598668541867,0.7783890232694225
472,334,4.112046241760254,78.15829136631385,23.636021777381224,35,40,1418.6222227388062,0.4210805892944336,40,25,2,0.03151115064001727,0.9140622163324871,0.23346752642462368,1,593.9598668541867,3.994142933912243
526,335,2.2263119220733643,78.13834876700639,23.655425387518207,35,10,1419.4403696378577,0.6427188515663147,39,26,4,0.02964054861738372,0.7147856198420092,0.027383012711727075,1,594.2568541785423,0.34476047634301216
477,336,2.225762128829956,78.12298757564793,23.616348672659008,33,10,1448.9677751803904,0.6303532123565674,41,26,4,0.029473836945967745,0.7147149362746176,0.03302235616182458,1,604.9753023904817,0.4208382803070323
456,337,2.1124091148376465,78.12164010272176,23.659198311711506,34,40,1419.4403696378577,0.44905662536621094,39,27,2,0.03261360242966765,0.6999127292360396,0.19590270842586488,1,594.2568541785423,2.6574022884717947
452,338,3.4372780323028564,78.11759768394325,23.654077914592023,34,40,1419.4403696378577,0.40923699736595154,40,26,2,0.03201877095158267,0.8506450672599618,0.25021058954739356,1,594.2568541785423,4.049793986290883
485,339,6.464860916137695,78.16664569845614,23.662701741319573,33,10,1428.689493343234,0.6635914444923401,39,28,2,0.03311027741098904,1.1482211728742029,0.01934827501239973,1,597.6142860835939,0.43959383477109365
444,340,0.9274099469184875,78.11139930848282,23.650843979569196,35,40,1419.4403696378577,0.4706060588359833,39,26,2,0.03211193128373936,0.5034748895187708,0.16899182004452548,1,594.2568541785423,1.623618996675022
465,341,4.0436692237854,78.12379605940367,23.658928817126274,33,30,1419.4403696378577,0.4319591522216797,39,28,2,0.03311027741098904,0.9079312209966558,0.2185209131695796,1,594.2568541785423,3.9037587994593084
514,342,11.515790939331055,78.15128450709773,23.661354268393396,33,10,1428.689493343234,0.577899694442749,41,26,4,0.029473836945967745,1.6326737687472581,0.06468601427875016,1,597.6142860835939,1.8602334736967638
515,343,0.9274099469184875,78.1450861316373,23.65596437668868,36,40,1419.4403696378577,0.3977086544036865,38,26,4,0.029731781074822338,0.5034748895187708,0.2669611693797244,1,594.2568541785423,2.374767174258518
468,344,1.0124657154083252,78.16745418221188,23.655155892932967,33,40,1428.689493343234,0.5261605381965637,42,25,2,0.03134117165305953,0.5214637897747966,0.10851804234680959,1,597.6142860835939,1.05989368841628
456,345,3.554141044616699,78.11651970560229,23.62497249938655,35,30,1448.9677751803904,0.3308471143245697,36,29,2,0.03391035267050606,0.8621261600049137,0.37200291708593153,1,604.9753023904817,6.5794125758917685
444,346,3.5547876358032227,78.1119382976533,23.65785083878533,36,40,1419.4403696378577,0.5671527981758118,38,26,2,0.032210770561039284,0.8621890551514017,0.0727615107153304,1,594.2568541785423,1.2008244638063752
480,347,5.475745677947998,78.14939804500108,23.65003549581349,34,40,1448.9677751803904,0.4932904541492462,41,25,4,0.02900491116713541,1.0385846618511771,0.14269662815908163,1,604.9753023904817,2.600547559134872
584,348,5.9009833335876465,78.13430634822782,23.64761004454637,34,10,1448.9677751803904,0.5411051511764526,41,25,4,0.02900491116713541,1.0865736536306376,0.09458116668420535,1,604.9753023904817,1.8033209256804383
447,349,2.7802884578704834,78.10978234097138,23.66863062219476,35,40,1419.4403696378577,0.47690045833587646,38,27,2,0.032711939433240175,0.781315268995993,0.16148159848426538,1,594.2568541785423,2.4526176228937024
463,350,2.0237159729003906,78.11463324350564,23.617426650999953,35,10,1448.9677751803904,0.7112683057785034,39,26,3,0.03082736298010855,0.6879961817142421,0.007249331181908568,1,604.9753023904817,0.09301607081490416
496,351,2.1124255657196045,78.17203559016087,23.663510225075278,33,10,1428.689493343234,0.556750476360321,40,27,4,0.03001808801227943,0.6999149115018605,0.0810952257138287,1,597.6142860835939,1.0182268161728711
457,352,1.3726778030395508,78.11247728682372,23.61850462934089,34,10,1448.9677751803904,0.6761298179626465,37,29,3,0.03244990823941901,0.5889990964672076,0.01537036789244254,1,604.9753023904817,0.17772560834777318
505,353,2.7802884578704834,78.15047602334198,23.67213405180283,31,30,1428.689493343234,0.3545772433280945,43,26,2,0.03177369361813611,0.781315268995993,0.33328937807170106,1,597.6142860835939,4.944660278805256
449,354,2.7439522743225098,78.1130162759942,23.6335963261141,36,40,1448.9677751803904,0.5194446444511414,36,28,2,0.033420379135029564,0.7772083284262713,0.11511180066997033,1,604.9753023904817,1.8088656473488514
581,355,6.1334004402160645,78.13080291861979,23.64356762576783,35,30,1448.9677751803904,0.3726055324077606,40,25,4,0.02908600495816616,1.1122430928208118,0.3048952160618875,1,604.9753023904817,5.967219957770944
507,356,12.918298721313477,78.14939804500108,23.61284524305094,35,10,1448.9677751803904,0.6038575768470764,40,25,4,0.02908600495816616,1.7529629691770614,0.047421039992849995,1,604.9753023904817,1.4627346026660624
502,357,1.3727141618728638,78.13268938071644,23.62497249938655,35,40,1448.9677751803904,0.4805939793586731,39,26,4,0.02964054861738372,0.5890053392567967,0.15715036254927064,1,604.9753023904817,1.6598104783824965
505,358,28.10584259033203,78.16637620387093,23.64545408786448,35,30,1418.6222227388062,0.46743494272232056,39,26,2,0.03211193128373936,2.797927758284625,0.17283641085656357,1,593.9598668541867,9.223489614161284
565,359,6.052656173706055,78.13161140237548,23.65192195791014,35,10,1419.4403696378577,0.4829478859901428,39,26,4,0.02964054861738372,1.1033679270406105,0.15441954728137527,1,594.2568541785423,3.0011179737782174
499,360,12.045531272888184,78.12029262979559,23.62443351021608,31,10,1448.9677751803904,0.624790608882904,42,27,3,0.03105862647148713,1.6786324190961075,0.03578032963000442,1,604.9753023904817,1.1285474779044173
467,361,5.047365665435791,78.12487403774458,23.6726730409733,34,40,1419.4403696378577,0.455033540725708,38,28,2,0.03320799597677619,0.9924989129148745,0.18825635981322164,1,594.2568541785423,3.687198885753959
445,362,2.023926258087158,78.10627891136329,23.63117087484698,36,40,1448.9677751803904,0.4988194704055786,36,28,2,0.033420379135029564,0.6880248006122546,0.13661643707277502,1,604.9753023904817,1.900448327079454
484,363,11.147472381591797,78.1706881172347,23.63871672323358,33,10,1418.6222227388062,0.48549550771713257,42,25,3,0.03008743592011844,1.6003096936056742,0.1514900621497942,1,593.9598668541867,4.33241907424187
446,364,4.14809513092041,78.11005183555665,23.662971235904806,33,50,1419.4403696378577,0.45702365040779114,40,27,2,0.03252094932393465,0.9172702531082253,0.1857410679117951,1,594.2568541785423,3.292627962486935
486,365,1.012216567993164,78.1488590558306,23.6230860372899,34,40,1448.9677751803904,0.4700315296649933,38,28,4,0.030652258518438693,0.5214124466073339,0.16968535508227706,1,604.9753023904817,1.6406875424588532
519,366,2.1124379634857178,78.1499370341715,23.667013654683345,34,30,1419.4403696378577,0.37892791628837585,41,25,2,0.03142329537530095,0.6999165561012729,0.2951598747228608,1,594.2568541785423,3.857709417946635
539,367,19.53856086730957,78.12137060813654,23.633865820699334,33,10,1448.9677751803904,0.6903658509254456,42,25,2,0.03134117165305953,2.2777213456149474,0.011571201897766746,1,604.9753023904817,0.499725989361483
498,368,16.042131423950195,78.16475923635949,23.613114737636174,32,10,1418.6222227388062,0.7407912611961365,42,26,5,0.028310876386610607,2.007588392534257,0.003293550065884262,1,593.9598668541867,0.11118580899653566
509,369,2.1122663021087646,78.1717660955756,23.62066058602278,32,30,1418.6222227388062,0.3980204164981842,42,26,4,0.029398418583570066,0.6998937842115959,0.26650245787549987,1,593.9598668541867,3.2569750055353808
503,370,7.480255603790283,78.14158270202921,23.642759142012117,35,10,1448.9677751803904,0.4881534278392792,37,28,5,0.029610222174423502,1.2543454881300597,0.14846279180093164,1,604.9753023904817,3.3359083193389987
453,371,2.225956916809082,78.11409425433516,23.630362391091268,36,40,1448.9677751803904,0.529018223285675,36,28,2,0.033420379135029564,0.714739980171573,0.10577418379508513,1,604.9753023904817,1.5285398877559517
471,372,2.958367347717285,78.16098631216619,23.659198311711506,31,40,1428.689493343234,0.5949329137802124,41,28,4,0.030397442705295156,0.8009939877988835,0.053000510124966045,1,597.6142860835939,0.7712005406486706
463,373,5.547544956207275,78.1159807164318,23.619043618511363,35,30,1448.9677751803904,0.450313538312912,36,29,2,0.03391035267050606,1.0467849577688695,0.19428331486129022,1,604.9753023904817,4.172178971531343
507,374,9.198397636413574,78.12460454315936,23.661893257563868,34,10,1419.4403696378577,0.4345264136791229,39,27,3,0.03130896585772835,1.4225268468071597,0.2150556615661109,1,594.2568541785423,5.691860850779459
546,375,7.568090438842773,78.15909985006954,23.61230625388047,33,10,1418.6222227388062,0.5874871015548706,40,27,4,0.03001808801227943,1.2632646775912808,0.057940813511365125,1,593.9598668541867,1.305025714881919
516,376,3.8398404121398926,78.15532692587624,23.623625026460374,32,20,1418.6222227388062,0.43004417419433594,43,25,4,0.02885863158027226,0.8892821282765929,0.22112129635025748,1,593.9598668541867,3.370567053598928
445,377,0.0,78.10762638428952,23.640064196159763,35,40,1448.9677751803904,0.42697370052337646,40,25,2,0.03151115064001727,0.16531147321376102,0.2253183018629363,1,604.9753023904817,0.7100703408825075
535,378,11.146933555603027,78.12595201608553,23.631979358602685,33,10,1448.9677751803904,0.7192331552505493,42,25,2,0.03134117165305953,1.6002620892688386,0.005956047395815711,1,604.9753023904817,0.1807183010757248
477,379,0.9274099469184875,78.15101501251246,23.644915098694007,33,40,1418.6222227388062,0.5156921148300171,41,26,4,0.029473836945967745,0.5034748895187708,0.11888430869396617,1,593.9598668541867,1.047842790926938
520,380,8.407588958740234,78.1281079727674,23.615001199732824,36,10,1448.9677751803904,0.6458718776702881,37,27,4,0.030290369825136165,1.3466773474067135,0.026051668423394996,1,604.9753023904817,0.6428968797855227
491,381,4.1469197273254395,78.16368125801853,23.623894521045607,32,10,1418.6222227388062,0.5890270471572876,44,24,5,0.02727061849792269,0.9171659131560784,0.056897703204776086,1,593.9598668541867,0.8452685885625731
580,382,6.8328375816345215,78.1348453373983,23.64356762576783,34,10,1448.9677751803904,0.5470709204673767,40,26,4,0.029554558044904502,1.187356094410763,0.08930459398098765,1,604.9753023904817,1.8959064352118968
511,383,3.8398189544677734,78.12541302691506,23.613114737636174,34,20,1448.9677751803904,0.4078727662563324,39,27,4,0.03010361039524557,0.889280134525786,0.2521698408104381,1,604.9753023904817,4.08402098566789
503,384,1.3727078437805176,78.13080291861979,23.623894521045607,35,40,1448.9677751803904,0.5201900005340576,40,25,4,0.02908600495816616,0.5890042544512908,0.11436998195453843,1,604.9753023904817,1.1853652830110362
507,385,12.244354248046875,78.17257457933135,23.667283149268584,33,10,1428.689493343234,0.5161350965499878,41,26,3,0.030653976135144863,1.6957119190128211,0.11843569350951746,1,597.6142860835939,3.6791074011471347
489,386,1.372647762298584,78.15290147460911,23.613384232221414,33,10,1418.6222227388062,0.6622262001037598,39,28,4,0.03056206052086445,0.588993938415499,0.019818838337776742,1,593.9598668541867,0.21189892480740846
519,387,16.82614517211914,78.11625021101702,23.615001199732824,32,10,1448.9677751803904,0.6226972341537476,42,26,4,0.029398418583570066,2.069270026163032,0.03685430768752275,1,604.9753023904817,1.3563352186772912
509,388,12.784543991088867,78.16071681758098,23.61850462934089,31,10,1418.6222227388062,0.46021008491516113,43,26,5,0.028243392385671064,1.7416767300992178,0.18174599907930805,1,593.9598668541867,5.310144869880169
504,389,3.5550894737243652,78.13322836988692,23.672942535558533,34,30,1419.4403696378577,0.3169628083705902,39,27,2,0.03261360242966765,0.8622184131704564,0.39530477000494696,1,594.2568541785423,6.605752843511734
506,390,14.95073413848877,78.1235265648184,23.63925571240405,33,10,1448.9677751803904,0.46403196454048157,41,26,4,0.029473836945967745,1.9203854150877941,0.17700703228637157,1,604.9753023904817,6.0611250127442915
535,391,11.854655265808105,78.12541302691506,23.630631885676507,33,10,1448.9677751803904,0.6248249411582947,42,25,2,0.03134117165305953,1.6621499001460802,0.03576288091917742,1,604.9753023904817,1.127082113741339
512,392,11.515790939331055,78.15155400168294,23.661354268393396,33,10,1428.689493343234,0.4830295443534851,41,26,4,0.029473836945967745,1.6326737687472581,0.15432522805447005,1,597.6142860835939,4.438068387174077
551,393,5.475996971130371,78.14697259373395,23.661084773808156,34,20,1419.4403696378577,0.4429875910282135,40,26,4,0.029554558044904502,1.0386134341416366,0.2038064966668184,1,594.2568541785423,3.7176682157710097
455,394,2.112281560897827,78.11436374892037,23.62470300480132,33,10,1448.9677751803904,0.5952513813972473,39,28,2,0.03311027741098904,0.6998958084243669,0.05279500641614405,1,604.9753023904817,0.740161863228792
503,395,2.226569890975952,78.17203559016087,23.674020513899478,32,20,1428.689493343234,0.4339240789413452,43,25,2,0.03126481922486936,0.7148187817365707,0.2158665278641209,1,597.6142860835939,2.8830896951378935
473,396,2.744236946105957,78.16583721470045,23.658659322541034,32,40,1428.689493343234,0.3862861692905426,41,27,2,0.032434012733165936,0.7772406294380196,0.28398102577321443,1,597.6142860835939,4.278253083973186
511,397,3.436993360519409,78.15478793670576,23.62281654270467,33,20,1418.6222227388062,0.4220767617225647,41,26,5,0.02838350478085745,0.8506168190229119,0.23208137628806597,1,593.9598668541867,3.328107754354415
527,398,3.0348849296569824,78.13807927242112,23.65569488210344,35,10,1419.4403696378577,0.6577731370925903,39,26,4,0.02964054861738372,0.8092326693137452,0.021406158973018615,1,594.2568541785423,0.30512134560532495
512,399,1.8543341159820557,78.1714966009904,23.619313113096602,32,20,1418.6222227388062,0.4001772999763489,42,26,4,0.029398418583570066,0.6643390891346169,0.26333754612992727,1,593.9598668541867,3.054806186789996
475,400,2.1123948097229004,78.15694389338768,23.655155892932967,35,40,1428.689493343234,0.5210359692573547,40,25,3,0.030250615265628278,0.6999108316053281,0.11353105056685565,1,597.6142860835939,1.436522902062318
477,401,1.0125130414962769,78.16179479592188,23.661354268393396,33,40,1428.689493343234,0.6083195805549622,39,28,4,0.03056206052086445,0.5214735416639399,0.04477059654496601,1,597.6142860835939,0.4264113555404147
466,402,3.55456280708313,78.16125580675146,23.646262571620184,33,40,1418.6222227388062,0.6792351603507996,40,27,3,0.031220019138939386,0.8621671864074518,0.014478400732222136,1,593.9598668541867,0.23147407050919833
480,403,1.012255311012268,78.14427764788155,23.627936939824146,35,40,1448.9677751803904,0.3444020748138428,39,26,4,0.02964054861738372,0.521420431090129,0.349710262382656,1,604.9753023904817,3.269793336446365
441,404,1.3729041814804077,78.10520093302239,23.6583898279558,34,40,1419.4403696378577,0.4110659062862396,40,26,2,0.03201877095158267,0.5890379638963922,0.24759381188224897,1,594.2568541785423,2.7749932394464025
513,405,11.001413345336914,78.15209299085342,23.659467806296746,33,30,1428.689493343234,0.3574085533618927,41,26,4,0.029473836945967745,1.5873773196556629,0.32876979602194323,1,597.6142860835939,9.192417280182825
451,406,1.3727917671203613,78.11732818935798,23.63871672323358,35,40,1448.9677751803904,0.5615760684013367,37,28,2,0.03331137118685462,0.5890186636992859,0.07716612033170937,1,604.9753023904817,0.9159797593595221
549,407,7.949051856994629,78.14778107748964,23.66000679546721,34,10,1419.4403696378577,0.43187347054481506,40,26,4,0.029554558044904502,1.3015160309583815,0.2186369782650869,1,594.2568541785423,4.997718690883706
499,408,10.26856517791748,78.15775237714337,23.627397950653673,33,10,1418.6222227388062,0.6562771201133728,41,26,4,0.029473836945967745,1.5215904468546648,0.021957623687929674,1,593.9598668541867,0.5848936260068861
457,409,5.376358509063721,78.1167892001875,23.661084773808156,36,40,1419.4403696378577,0.5014469027519226,39,25,2,0.03160470415796017,1.0271650134820967,0.13377328489706472,1,594.2568541785423,2.580688217291008
441,410,2.2265658378601074,78.10870436263042,23.673481524729006,35,40,1419.4403696378577,0.5939329266548157,39,26,2,0.03211193128373936,0.7148182607264064,0.05364887981191256,1,594.2568541785423,0.731807611371405
459,411,0.9274099469184875,78.11032133014186,23.617157156414713,36,10,1448.9677751803904,0.6978006362915039,37,27,3,0.0315032031780126,0.5034748895187708,0.009871064087973279,1,604.9753023904817,0.09471835486774609
479,412,1.3729121685028076,78.15613540963193,23.65973730088198,33,40,1428.689493343234,0.3189176321029663,42,25,4,0.028929107810425757,0.5890393351363037,0.3919964919414394,1,597.6142860835939,3.991926059946754
589,413,4.6273674964904785,78.1375402832507,23.647071055375896,34,20,1448.9677751803904,0.47141897678375244,40,26,5,0.02846123974633845,0.9584419515340706,0.16801280173625815,1,604.9753023904817,2.7726793488990116
527,414,12.046512603759766,78.1450861316373,23.64976600122825,33,10,1448.9677751803904,0.4742174744606018,41,26,5,0.02838350478085745,1.6787169399115387,0.16466304073124274,1,604.9753023904817,4.746541366219964
506,415,9.0816011428833,78.12137060813654,23.629553907335563,32,20,1448.9677751803904,0.4963488280773163,42,26,3,0.03057553800422461,1.4114758420992917,0.13931713815127186,1,604.9753023904817,3.637388981989295
499,416,2.1124277114868164,78.17095761181992,23.66404921424575,33,10,1428.689493343234,0.5594810843467712,41,26,4,0.029473836945967745,0.6999151961444794,0.07885850082745126,1,597.6142860835939,0.9721909784293904
453,417,4.14786958694458,78.12002313521032,23.655425387518207,33,40,1419.4403696378577,0.4073013663291931,39,28,2,0.03311027741098904,0.9172502330456881,0.25299231379487763,1,594.2568541785423,4.565960780921697
576,418,7.446481227874756,78.13619281032447,23.648688022887306,33,10,1448.9677751803904,0.6742719411849976,41,26,5,0.02838350478085745,1.2509055609277024,0.015921398796806457,1,604.9753023904817,0.3419868523900485
587,419,1.3727917671203613,78.13241988613117,23.63871672323358,35,20,1448.9677751803904,0.37773582339286804,40,25,5,0.028010019947507923,0.5890186636992859,0.2969863798709134,1,604.9753023904817,2.9642624463316176
555,420,23.44232177734375,78.13807927242112,23.631709864017452,36,10,1448.9677751803904,0.5075579881668091,39,25,4,0.029172358456260435,2.568725004946231,0.12727668962410912,1,604.9753023904817,5.769998112105304
483,421,8.09827709197998,78.16583721470045,23.64141166908594,34,30,1418.6222227388062,0.41273292899131775,41,25,2,0.03142329537530095,1.316315052914141,0.24521851788957416,1,593.9598668541867,6.024512918004753
530,422,10.267929077148438,78.13538432656878,23.613923221391886,36,10,1448.9677751803904,0.62503981590271,38,26,4,0.029731781074822338,1.5215326625855274,0.03565379578774424,1,604.9753023904817,0.975765871283956
472,423,2.1123979091644287,78.15802187172858,23.656233871273912,34,40,1428.689493343234,0.5,40,26,3,0.03073792932539105,0.6999112427593008,0.1353352832366127,1,597.6142860835939,1.7400013467160333
507,424,2.2259373664855957,78.12864696193787,23.62901491816509,33,10,1448.9677751803904,0.5834936499595642,41,26,4,0.029473836945967745,0.714737466644959,0.06069781620601205,1,604.9753023904817,0.7735598787212173
453,425,0.9274099469184875,78.11544172726133,23.631440369432212,35,40,1448.9677751803904,0.31654754281044006,37,28,2,0.03331137118685462,0.5034748895187708,0.39600868738869227,1,604.9753023904817,4.018025454359984
552,426,10.268746376037598,78.12460454315936,23.631440369432212,33,10,1448.9677751803904,0.705579936504364,42,25,2,0.03134117165305953,1.521606906916041,0.008287430465878534,1,604.9753023904817,0.23909761379240824
475,427,1.3729121685028076,78.1593693446548,23.65973730088198,33,40,1428.689493343234,0.5480254292488098,40,27,3,0.031220019138939386,0.5890393351363037,0.08847566730614585,1,597.6142860835939,0.9723492419110247
439,428,2.2262260913848877,78.10493143843712,23.64949650664302,34,40,1448.9677751803904,0.4460082948207855,39,27,2,0.03261360242966765,0.7147745858005272,0.1998551636024058,1,604.9753023904817,2.8185185277359097
519,429,6.652744293212891,78.13646230490974,23.667552643853817,35,30,1419.4403696378577,0.3755932152271271,40,25,3,0.030250615265628278,1.168304766835955,0.30027992756513977,1,594.2568541785423,6.306535763133385
453,430,2.1123290061950684,78.11786717852846,23.63763874489264,33,40,1448.9677751803904,0.4209413230419159,39,28,2,0.03311027741098904,0.6999021024051032,0.2336615891456611,1,604.9753023904817,3.275858157772111
475,431,3.034254789352417,78.17095761181992,23.628745423579858,34,40,1418.6222227388062,0.4476330876350403,40,26,3,0.03073792932539105,0.8091653301198329,0.19774406497383057,1,593.9598668541867,2.9212749391968655
486,432,3.704791784286499,78.14427764788155,23.620930080608012,31,40,1448.9677751803904,0.4356846511363983,42,27,4,0.029862908757758225,0.8766006888617621,0.21350016550074175,1,604.9753023904817,3.381191560205641
498,433,4.043840408325195,78.1537099583648,23.66431870883099,33,10,1428.689493343234,0.5383983254432678,41,26,4,0.029473836945967745,0.9079466465050939,0.09702952992386882,1,597.6142860835939,1.5517505347009801
468,434,2.2262418270111084,78.16907114972327,23.650574484983963,32,40,1428.689493343234,0.37082186341285706,43,25,2,0.03126481922486936,0.714776608727163,0.30766307800569076,1,597.6142860835939,4.108871931028438
473,435,1.3727442026138306,78.14805057207485,23.630362391091268,32,40,1448.9677751803904,0.5134338140487671,42,26,4,0.029398418583570066,0.5890104971590345,0.12118491076240098,1,604.9753023904817,1.2695014364857922
571,436,10.184239387512207,78.13457584281309,23.6373692503074,32,10,1448.9677751803904,0.6575528383255005,43,25,5,0.027791057843241613,1.5139193955970345,0.021486787693953808,1,604.9753023904817,0.5469113912844121
508,437,5.526803970336914,78.13322836988692,23.67186455721759,33,30,1419.4403696378577,0.3441088795661926,40,27,2,0.03252094932393465,1.0444203075380978,0.3501874862259462,1,594.2568541785423,7.068273480601597
481,438,4.445183753967285,78.14185219661442,23.62928441275033,35,10,1448.9677751803904,0.6248409152030945,39,26,4,0.02964054861738372,0.9431024317621783,0.03575476423448582,1,604.9753023904817,0.6046675554859801
463,439,3.035290479660034,78.12083161896606,23.673212030143773,35,10,1419.4403696378577,0.46724259853363037,39,26,3,0.03082736298010855,0.8092760035286788,0.17307090747986728,1,594.2568541785423,2.5658502698996584
512,440,5.547544956207275,78.14643360456347,23.664857698001462,34,30,1419.4403696378577,0.3490712642669678,39,27,3,0.03130896585772835,1.0467849577688695,0.3421407874390029,1,594.2568541785423,6.6635436418695715
576,441,11.855087280273438,78.12514353232984,23.6373692503074,33,10,1448.9677751803904,0.6165493130683899,41,26,4,0.029473836945967745,1.6621873020883844,0.040123441398507334,1,604.9753023904817,1.1891933109750912
492,442,7.284971714019775,78.12137060813654,23.61284524305094,32,10,1448.9677751803904,0.6063687205314636,40,28,3,0.03169742154818681,1.2343750765361925,0.045918048158519804,1,604.9753023904817,1.0869063958959022
552,443,14.714101791381836,78.1272994890117,23.64761004454637,34,10,1448.9677751803904,0.6098915338516235,40,26,4,0.029554558044904502,1.9012508984248657,0.043858827158657875,1,604.9753023904817,1.490934487898671
442,444,2.112466812133789,78.10439244926664,23.674828997655183,35,40,1419.4403696378577,0.5498362183570862,39,26,2,0.03211193128373936,0.6999203829352628,0.08691475776062597,1,594.2568541785423,1.160867868575154
470,445,1.01248300075531,78.16233378509236,23.65758134420009,32,40,1428.689493343234,0.5657325983047485,41,27,3,0.031136560258307147,0.5214673515795866,0.07386934481587679,1,597.6142860835939,0.7167752057061219
446,446,3.704791784286499,78.11355526516468,23.656233871273912,34,40,1419.4403696378577,0.5839353203773499,38,28,2,0.03320799597677619,0.8766006888617621,0.0603892044336732,1,594.2568541785423,1.0446672579156278
474,447,2.1123125553131104,78.17230508474609,23.63305733694363,33,40,1418.6222227388062,0.4187130033969879,42,25,2,0.03134117165305953,0.6998999200796459,0.23677588503571462,1,593.9598668541867,3.0849330392722756
525,448,2.9583740234375,78.13727078866543,23.66162376297863,35,10,1419.4403696378577,0.6250977516174316,39,26,4,0.02964054861738372,0.8009947120799636,0.03562441929383512,1,594.2568541785423,0.502617817592528
471,449,2.7442243099212646,78.15883035548433,23.65758134420009,31,40,1428.689493343234,0.46668052673339844,41,28,4,0.030397442705295156,0.7772391956833955,0.17375700894016638,1,597.6142860835939,2.453324777628608
456,450,2.95827579498291,78.1157112218466,23.62443351021608,35,10,1448.9677751803904,0.5827060341835022,36,29,2,0.03391035267050606,0.8009840547029738,0.0612504319679693,1,604.9753023904817,1.0064749686606098
462,451,3.1720261573791504,78.11059082472707,23.615540188903296,36,10,1448.9677751803904,0.6195035576820374,38,26,3,0.03092224840606109,0.8236946686992541,0.038531047521813605,1,604.9753023904817,0.5937256082631664
495,452,5.050508499145508,78.1499370341715,23.675367986825655,34,10,1419.4403696378577,0.49205276370048523,40,26,2,0.03201877095158267,0.9927473500067634,0.14407564051132873,1,594.2568541785423,2.7214988330623218
512,453,10.289278984069824,78.11867566228415,23.616348672659008,33,10,1448.9677751803904,0.665859580039978,41,26,4,0.029473836945967745,1.5234714458075471,0.018583010479638104,1,604.9753023904817,0.5048062374171651
479,454,2.1123104095458984,78.1593693446548,23.632518347773157,34,40,1418.6222227388062,0.4621759057044983,40,26,3,0.03073792932539105,0.6998996354277501,0.17930123873832043,1,593.9598668541867,2.2911354559548784
556,455,15.886346817016602,78.14400815329634,23.650304990398723,36,10,1419.4403696378577,0.5472429394721985,38,26,4,0.029731781074822338,1.9952408304832598,0.08915489441672426,1,594.2568541785423,3.142936738085225
471,456,10.214949607849121,78.1243350485741,23.667013654683345,35,10,1419.4403696378577,0.567964494228363,38,27,3,0.03140336910232677,1.5167156028355961,0.07213260231850303,1,594.2568541785423,2.0416730600345927
491,457,3.8398523330688477,78.14077421827352,23.629553907335563,35,10,1448.9677751803904,0.40499404072761536,39,26,4,0.02964054861738372,0.8892832359130761,0.25632454786916936,1,604.9753023904817,4.087466332031706
498,458,6.120756149291992,78.1272994890117,23.61877412392613,35,10,1448.9677751803904,0.6384665966033936,38,27,4,0.03019437923470044,1.110856217903686,0.02924659010997408,1,604.9753023904817,0.593467361704769
567,459,5.375927925109863,78.12918595110835,23.64922701205778,34,10,1448.9677751803904,0.57773357629776,40,26,4,0.029554558044904502,1.027115363385405,0.06480670116108372,1,604.9753023904817,1.1901487786041447
560,460,19.095651626586914,78.1243350485741,23.6373692503074,33,10,1448.9677751803904,0.7254989147186279,41,26,4,0.029473836945967745,2.244128719284444,0.00506224259693491,1,604.9753023904817,0.2025652943899625
485,461,12.784595489501953,78.12406555398888,23.619852102267075,32,10,1448.9677751803904,0.6488027572631836,40,28,4,0.030477111034471926,1.7416810826031626,0.02485228622081268,1,604.9753023904817,0.7980799936561106
487,462,1.3726873397827148,78.14589461539299,23.620391091437547,30,10,1448.9677751803904,0.7349188923835754,42,28,4,0.03032309393377543,0.5890007339297985,0.003907487938528777,1,604.9753023904817,0.04222062312233212
478,463,5.046993732452393,78.11139930848282,23.61230625388047,35,10,1448.9677751803904,0.7240514755249023,40,25,3,0.030250615265628278,0.9924695060616529,0.005259451406503996,1,604.9753023904817,0.09552773403360722
538,464,7.94945764541626,78.17014912806422,23.66863062219476,34,10,1428.689493343234,0.5515725612640381,41,25,3,0.030166274460611205,1.301556411139984,0.08543235549064611,1,597.6142860835939,2.0046013811932504
449,465,0.0,78.11436374892037,23.64141166908594,35,40,1448.9677751803904,0.461025595664978,37,28,2,0.03331137118685462,0.16531147321376102,0.18072994964041447,1,604.9753023904817,0.6020925852437935
497,466,7.606679439544678,78.17122710640518,23.62254704811943,35,10,1418.6222227388062,0.6248441338539124,37,28,4,0.030747677816427583,1.267171087221599,0.03575312892243567,1,593.9598668541867,0.8274061279547472
511,467,0.0,78.13188089696075,23.631709864017452,36,10,1448.9677751803904,0.6631417274475098,40,24,4,0.028611858506668832,0.16531147321376102,0.0195024528600883,1,604.9753023904817,0.05580536423071811
475,468,1.0125432014465332,78.174461041428,23.665396687171935,33,40,1428.689493343234,0.4616096019744873,40,27,3,0.031220019138939386,0.5214797562013626,0.1800039465685011,1,597.6142860835939,1.7513527017636639
485,469,10.998055458068848,78.15128450709773,23.6268589614832,32,40,1418.6222227388062,0.44463181495666504,41,27,4,0.029937842192663638,1.5870793317200682,0.20165144928575776,1,593.9598668541867,5.690855779492545
446,470,4.219172954559326,78.10816537345994,23.67024758970618,34,30,1419.4403696378577,0.2610103487968445,40,26,2,0.03201877095158267,0.9235475799205277,0.49341836922996124,1,594.2568541785423,8.670685725010818
497,471,17.255115509033203,78.15317096919438,23.654077914592023,32,10,1428.689493343234,0.5845281481742859,41,27,4,0.029937842192663638,2.1027155286632007,0.05997641662504227,1,597.6142860835939,2.2563294000758423
444,472,2.112362861633301,78.1054704276076,23.646532066205424,33,40,1448.9677751803904,0.6456711292266846,39,28,2,0.03311027741098904,0.6999065935356675,0.026135160597203604,1,604.9753023904817,0.36640865421979535
553,473,7.111734390258789,78.13295887530165,23.65650336585915,36,10,1419.4403696378577,0.5407379865646362,40,24,4,0.028611858506668832,1.2164920092317573,0.09491129182477501,1,594.2568541785423,1.9631225573248914
520,474,4.148111820220947,78.13430634822782,23.663510225075278,36,10,1419.4403696378577,0.3817814290523529,39,25,4,0.029172358456260435,0.9172717344826122,0.29080516238365706,1,594.2568541785423,4.6242985388952125
467,475,2.744126081466675,78.1679931713823,23.648957517472546,34,40,1418.6222227388062,0.44537198543548584,40,26,2,0.03201877095158267,0.7772280501358351,0.20068464821327311,1,593.9598668541867,2.966363550197637
450,476,2.1123299598693848,78.1157112218466,23.637908239477873,35,40,1448.9677751803904,0.6962528824806213,37,28,2,0.03331137118685462,0.6999022289164124,0.010209622471963211,1,604.9753023904817,0.14400488174676576
584,477,5.9009833335876465,78.13457584281309,23.64761004454637,34,10,1448.9677751803904,0.5544320940971375,41,25,4,0.02900491116713541,1.0865736536306376,0.08302166891906668,1,604.9753023904817,1.5829230923588078
492,478,6.76933479309082,78.15721338797289,23.667822138439057,33,10,1428.689493343234,0.7063711881637573,41,26,4,0.029473836945967745,1.180660184646808,0.00813710603793899,1,597.6142860835939,0.1692203311993513
502,479,0.9274099469184875,78.13080291861979,23.627667445238913,33,40,1448.9677751803904,0.6138797998428345,42,25,4,0.028929107810425757,0.5034748895187708,0.04159671071081338,1,604.9753023904817,0.3665299692232218
454,480,1.0122896432876587,78.11651970560229,23.632518347773157,37,40,1448.9677751803904,0.38062864542007446,36,27,2,0.03292556361491613,0.5214275064171615,0.2925614469878007,1,604.9753023904817,3.038658509319339
478,481,1.0125151872634888,78.15963883924002,23.66162376297863,33,40,1428.689493343234,0.5927485823631287,39,28,3,0.031785772431492,0.5214739838086092,0.05442284647502696,1,597.6142860835939,0.5390978998636958
571,482,12.0058012008667,78.13430634822782,23.63871672323358,32,10,1448.9677751803904,0.599861741065979,43,25,5,0.027791057843241613,1.6752086496155978,0.04987315681831628,1,604.9753023904817,1.404683525042569
505,483,1.8543341159820557,78.15532692587624,23.669439105950467,35,30,1428.689493343234,0.37987640500068665,41,24,2,0.030909323379618,0.6643390891346169,0.2937096673257838,1,597.6142860835939,3.6042799599902784
563,484,13.671305656433105,78.13565382115405,23.643028636597357,33,10,1448.9677751803904,0.6161556243896484,40,27,5,0.02890762224717049,1.815845676583969,0.04033865938113484,1,604.9753023904817,1.281003785924501
476,485,0.0,78.14589461539299,23.629553907335563,34,40,1448.9677751803904,0.4958294928073883,41,25,4,0.02900491116713541,0.16531147321376102,0.13988817430349496,1,604.9753023904817,0.4057823784751033
483,486,2.9582676887512207,78.14454714246682,23.621469069778485,34,40,1448.9677751803904,0.45755958557128906,38,28,4,0.030652258518438693,0.8009831752012815,0.185066342254194,1,604.9753023904817,2.7488494834705715
470,487,3.0344154834747314,78.17419154684274,23.63548278821075,32,40,1418.6222227388062,0.4206281006336212,41,27,2,0.032434012733165936,0.8091825032970442,0.23409830169980186,1,593.9598668541867,3.6492408750070644
508,488,3.554924726486206,78.16907114972327,23.664857698001462,33,20,1428.689493343234,0.45814812183380127,41,26,4,0.029473836945967745,0.8622023893482728,0.18432668806500288,1,597.6142860835939,2.799336387003694
482,489,8.821990013122559,78.16502873094475,23.676176470581368,34,10,1428.689493343234,0.5507307052612305,39,27,2,0.03261360242966765,1.3867288052060631,0.08614933593990647,1,597.6142860835939,2.3284301518433166
537,490,9.084247589111328,78.13215039154596,23.66863062219476,36,10,1419.4403696378577,0.6504703760147095,37,27,3,0.0315032031780126,1.41172680026475,0.024186137090827935,1,594.2568541785423,0.6392137131693266
480,491,0.9274099469184875,78.14912855041581,23.647071055375896,32,40,1448.9677751803904,0.5136381387710571,40,28,5,0.02934966452923947,0.5034748895187708,0.12097582565412564,1,604.9753023904817,1.0814767742307356
575,492,4.042993545532227,78.13403685364261,23.63683026113693,34,10,1448.9677751803904,0.6539269089698792,42,24,5,0.027401787065019834,0.9078703315799284,0.022842647062770113,1,604.9753023904817,0.34378489106864485
464,493,2.2262651920318604,78.1669151930414,23.652191452495373,32,40,1428.689493343234,0.5336706638336182,43,25,2,0.03126481922486936,0.7147796124509501,0.10138658850424474,1,597.6142860835939,1.3540339679748943
454,494,1.3727078437805176,78.11382475974995,23.623894521045607,33,10,1448.9677751803904,0.628456711769104,39,28,2,0.03311027741098904,0.5890042544512908,0.03394706620566945,1,604.9753023904817,0.4005171746664653
581,495,7.480191707611084,78.1270299944265,23.640333690744995,33,10,1448.9677751803904,0.5175043344497681,42,25,4,0.028929107810425757,1.2543389857290301,0.11705458001757622,1,604.9753023904817,2.569662087448803
508,496,2.112438917160034,78.16368125801853,23.667283149268584,34,30,1428.689493343234,0.2343558371067047,41,25,2,0.03142329537530095,0.6999166826086809,0.5421679159508495,1,597.6142860835939,7.126115503053351
455,497,4.444942951202393,78.11328577057947,23.62066058602278,35,10,1448.9677751803904,0.5999126434326172,36,29,2,0.03391035267050606,0.943081913448235,0.049841451520090396,1,604.9753023904817,0.9642952988068352
438,498,1.3729311227798462,78.10735688970425,23.662971235904806,33,30,1419.4403696378577,0.21220573782920837,40,27,2,0.03252094932393465,0.5890425892536822,0.5834865369115201,1,594.2568541785423,6.64224591754263
515,499,0.0,78.14293017495538,23.65569488210344,38,40,1419.4403696378577,0.4531482756137848,37,25,4,0.029360749533342036,0.16531147321376102,0.19065333198220008,1,594.2568541785423,0.5499063488011644
538,500,14.839824676513672,78.13619281032447,23.641681163671173,33,10,1448.9677751803904,0.5267689824104309,40,27,5,0.02890762224717049,1.9114277664328327,0.10793072829144443,1,604.9753023904817,3.607887726493442
542,501,10.27025318145752,78.14778107748964,23.663510225075278,35,10,1419.4403696378577,0.5024905800819397,39,26,4,0.02964054861738372,1.5217437814541215,0.13265223027279988,1,594.2568541785423,3.55562973276857
576,502,3.172886371612549,78.12891645652314,23.654347409177262,35,10,1419.4403696378577,0.5215209722518921,40,25,4,0.02908600495816616,0.8237841946285179,0.11305153303602403,1,594.2568541785423,1.6097120109702754
508,503,15.764442443847656,78.12595201608553,23.64356762576783,34,10,1448.9677751803904,0.5719385147094727,41,25,4,0.02900491116713541,1.985556392982588,0.06909824149293964,1,604.9753023904817,2.4074562647995554
483,504,13.354837417602539,78.16287277426284,23.6726730409733,34,10,1428.689493343234,0.7004430294036865,39,27,2,0.03261360242966765,1.7895497983131423,0.009311302213468344,1,597.6142860835939,0.32476854099732677
508,505,3.8398354053497314,78.15397945295007,23.621199575193252,33,10,1418.6222227388062,0.5276073813438416,41,26,5,0.02838350478085745,0.8892816630686621,0.10712419598715255,1,593.9598668541867,1.6060166180796909
538,506,10.524751663208008,78.13592331573926,23.61284524305094,34,10,1448.9677751803904,0.4046822786331177,40,26,4,0.029554558044904502,1.5447641077538021,0.2567761496826338,1,604.9753023904817,7.092167224977888
473,507,0.0,78.15586591504672,23.638447228648346,33,40,1418.6222227388062,0.5364034175872803,41,26,3,0.030653976135144863,0.16531147321376102,0.09885554350296859,1,593.9598668541867,0.29754176889976564
564,508,9.66662311553955,78.12945544569362,23.61419271597712,33,10,1448.9677751803904,0.5720798969268799,41,26,4,0.029473836945967745,1.4663401957149178,0.06899165853369148,1,604.9753023904817,1.8038717074436983
473,509,8.525935173034668,78.12029262979559,23.617965640170418,34,10,1448.9677751803904,0.608372151851654,40,26,3,0.03073792932539105,1.3581866490388221,0.04473991923289769,1,604.9753023904817,1.129969980252959
520,510,5.900843620300293,78.15990833382523,23.620930080608012,34,30,1418.6222227388062,0.32057881355285645,41,25,5,0.027931926077013947,1.0865581082564781,0.38919214075092656,1,593.9598668541867,7.0157645216037094
443,511,2.2260427474975586,78.10708739511904,23.636291271966456,35,40,1448.9677751803904,0.4305075407028198,36,29,2,0.03391035267050606,0.7147510150103732,0.2204908673290683,1,604.9753023904817,3.2330717171457493
458,512,4.112339496612549,78.1205621243808,23.653269430836318,34,40,1419.4403696378577,0.3998337388038635,41,25,2,0.03142329537530095,0.9140883804519422,0.26384066072704765,1,594.2568541785423,4.503558843704661
500,513,13.6883544921875,78.1232570702332,23.638986217818818,33,10,1448.9677751803904,0.5674600005149841,41,26,4,0.029473836945967745,1.8172570601146294,0.07252312352051692,1,604.9753023904817,2.349996347574216
499,514,9.667001724243164,78.15694389338768,23.66809163302429,33,10,1428.689493343234,0.5499469637870789,41,26,4,0.029473836945967745,1.4663753171016913,0.08681978966893067,1,597.6142860835939,2.2424435466139445
480,515,2.024355411529541,78.15586591504672,23.658928817126274,35,40,1428.689493343234,0.3653241693973541,40,25,4,0.02908600495816616,0.6880832010096595,0.31625228809366895,1,597.6142860835939,3.7825064389772534
488,516,2.743825912475586,78.17284407391656,23.62254704811943,36,10,1418.6222227388062,0.6407729983329773,37,27,4,0.030290369825136165,0.7771939898158435,0.028226043145375457,1,593.9598668541867,0.39467635761802355
441,517,3.4371418952941895,78.10708739511904,23.63925571240405,35,40,1448.9677751803904,0.4308468699455261,40,25,2,0.03151115064001727,0.85063155843563,0.2200296876100756,1,604.9753023904817,3.5679986414720664
496,518,8.410274505615234,78.13295887530165,23.675637481410895,34,10,1419.4403696378577,0.6208845973014832,41,25,3,0.030166274460611205,1.3469391676835238,0.03780028930381059,1,594.2568541785423,0.9127229763196978
501,519,6.251412868499756,78.12514353232984,23.64518459327924,34,10,1448.9677751803904,0.5521472096443176,41,25,4,0.02900491116713541,1.1251352153092988,0.08494484382372586,1,604.9753023904817,1.6770689758095578
479,520,0.0,78.15721338797289,23.662971235904806,34,40,1428.689493343234,0.5735355019569397,41,25,4,0.02900491116713541,0.16531147321376102,0.067899803134934,1,597.6142860835939,0.19456468795332812
509,521,2.2259140014648438,78.12595201608553,23.62712845606844,32,30,1448.9677751803904,0.3247085213661194,43,25,2,0.03126481922486936,0.7147344626568226,0.3822486186286012,1,604.9753023904817,5.167544378596527
563,522,6.542351722717285,78.12891645652314,23.664588203416223,33,10,1419.4403696378577,0.5976430773735046,40,27,3,0.031220019138939386,1.1565307980973,0.051266844250494305,1,594.2568541785423,1.1000214455713135
547,523,14.225868225097656,78.14266068037017,23.648418528302074,36,10,1448.9677751803904,0.6286539435386658,40,24,4,0.028611858506668832,1.8614919461476314,0.03385014915371522,1,604.9753023904817,1.0907003743497656
505,524,3.5550127029418945,78.1677236767971,23.669169611365234,32,30,1428.689493343234,0.3218122124671936,41,27,3,0.031136560258307147,0.8622109462633208,0.3871141358297128,1,597.6142860835939,6.210751693293818
565,525,8.410003662109375,78.17257457933135,23.669439105950467,34,10,1428.689493343234,0.6122881174087524,41,25,3,0.030166274460611205,1.3469127638874592,0.04249071474911832,1,597.6142860835939,1.0317539825292048
485,526,10.99952220916748,78.16125580675146,23.636291271966456,38,30,1418.6222227388062,0.5454950332641602,37,25,3,0.03053636067658856,1.587209498904853,0.09068240272836615,1,593.9598668541867,2.6105478044835224
502,527,0.9274099469184875,78.15748288255816,23.669169611365234,33,20,1428.689493343234,0.3577047884464264,41,26,3,0.030653976135144863,0.5034748895187708,0.3282981924314427,1,597.6142860835939,3.0279876019723004
527,528,22.724679946899414,78.16287277426284,23.62524199397179,32,10,1418.6222227388062,0.6301640272140503,44,24,5,0.02727061849792269,2.5157530055713644,0.033113879137381536,1,593.9598668541867,1.349367198006821
474,529,2.112300157546997,78.17041862264944,23.629823401920795,34,40,1418.6222227388062,0.3595062494277954,40,26,3,0.03073792932539105,0.6998982754218624,0.32543550865124493,1,593.9598668541867,4.158450822220852
487,530,4.112656593322754,78.14373865871113,23.67186455721759,33,10,1419.4403696378577,0.727238655090332,41,26,2,0.03193131945344525,0.9141166704932485,0.004832374657361206,1,594.2568541785423,0.083821087567297
443,531,2.0241150856018066,78.10681790053377,23.64329813118259,36,40,1448.9677751803904,0.4935295283794403,39,25,2,0.03160470415796017,0.6880504976993426,0.14243100940205933,1,604.9753023904817,1.8737611930246996
523,532,2.9582479000091553,78.16179479592188,23.613923221391886,31,10,1418.6222227388062,0.47922438383102417,42,27,5,0.028758183573112994,0.800981028176414,0.15874985028897934,1,593.9598668541867,2.17197142303148
508,533,4.112585544586182,78.1639507526038,23.667822138439057,34,30,1428.689493343234,0.2880788743495941,41,25,2,0.03142329537530095,0.914110331934544,0.4451695873216353,1,597.6142860835939,7.641819988882861
533,534,14.938847541809082,78.1337673590574,23.66404921424575,37,10,1419.4403696378577,0.6222106218338013,40,23,3,0.02925787690980231,1.919426281797863,0.037106798207765544,1,594.2568541785423,1.2383457775460334
508,535,3.553927421569824,78.12541302691506,23.61419271597712,34,20,1448.9677751803904,0.5072293877601624,39,27,4,0.03010361039524557,0.8621053789942174,0.12762186141938406,1,604.9753023904817,2.0037413451033945
459,536,5.376528263092041,78.12217909189224,23.6659356763424,33,40,1419.4403696378577,0.47583553194999695,37,30,3,0.03291690867166631,1.0271845871861776,0.16274083860618452,1,594.2568541785423,3.269928721501288
442,537,1.3727965354919434,78.11005183555665,23.63952520698929,35,40,1448.9677751803904,0.6692070960998535,38,27,2,0.032711939433240175,0.5890194823907142,0.017490823439718233,1,604.9753023904817,0.20388433280271734
525,538,14.776015281677246,78.1601778284105,23.6230860372899,32,30,1418.6222227388062,0.40070173144340515,42,26,4,0.029398418583570066,1.9062656529107542,0.26257030448488616,1,593.9598668541867,8.739973202657177
502,539,4.446287155151367,78.15721338797289,23.66863062219476,33,10,1428.689493343234,0.523580014705658,41,26,3,0.030653976135144863,0.9431964419423211,0.11102757280484005,1,597.6142860835939,1.9184071539446688
587,540,2.7802884578704834,78.13026392944931,23.638986217818818,34,10,1448.9677751803904,0.6272651553153992,43,23,4,0.027902702658114897,0.781315268995993,0.03453628897549287,1,604.9753023904817,0.45549739505058323
474,541,2.9583094120025635,78.15721338797289,23.63709975572217,33,40,1418.6222227388062,0.4009246528148651,41,26,3,0.030653976135144863,0.8009877020329044,0.2622444428668496,1,593.9598668541867,3.8245122679115195
459,542,3.5547218322753906,78.12217909189224,23.654347409177262,33,10,1419.4403696378577,0.6725074648857117,40,27,4,0.03001808801227943,0.862182654628436,0.016456916579220212,1,594.2568541785423,0.25310747735802885
539,543,9.522805213928223,78.14454714246682,23.640872679915468,34,10,1448.9677751803904,0.3704206347465515,39,27,5,0.028989980881719495,1.4529638897616148,0.30828697543283756,1,604.9753023904817,7.85589322840774
492,544,2.958388566970825,78.15613540963193,23.667283149268584,33,10,1428.689493343234,0.698924720287323,41,26,4,0.029473836945967745,0.8009962899746597,0.009630145902444634,1,597.6142860835939,0.13586920021382745
473,545,2.9583659172058105,78.15802187172858,23.658659322541034,31,40,1428.689493343234,0.46222013235092163,41,28,4,0.030397442705295156,0.8009938325956684,0.17924641279740144,1,597.6142860835939,2.608180625958212
500,546,1.3729628324508667,78.14023522910304,23.66863062219476,35,30,1419.4403696378577,0.3084755539894104,40,25,2,0.03151115064001727,0.5890480331886181,0.4097693035765786,1,594.2568541785423,4.519897574255493
469,547,2.1123647689819336,78.16475923635949,23.64734054996113,35,40,1418.6222227388062,0.5278735756874084,38,27,2,0.032711939433240175,0.6999068465558274,0.10686878666902579,1,593.9598668541867,1.4532974622303465
463,548,3.5546998977661133,78.12217909189224,23.653269430836318,33,10,1419.4403696378577,0.7034201622009277,40,27,4,0.03001808801227943,0.8621805211051453,0.00870770732913898,1,594.2568541785423,0.13392426042534783
527,549,9.742701530456543,78.12244858647745,23.629553907335563,34,10,1448.9677751803904,0.5730212330818176,41,25,2,0.03142329537530095,1.473387923583032,0.06828441857716303,1,604.9753023904817,1.9126173664346389
513,550,6.5423078536987305,78.12244858647745,23.627397950653673,34,30,1448.9677751803904,0.21658706665039062,41,25,2,0.03142329537530095,1.1565261044051205,0.5752606319321837,1,604.9753023904817,12.6476391700533
556,551,11.892274856567383,78.13430634822782,23.667013654683345,37,10,1419.4403696378577,0.5385168194770813,39,24,4,0.028698468851138945,1.6654051854770098,0.09692164379784765,1,594.2568541785423,2.7527933456982514
529,552,11.577790260314941,78.12622151067075,23.631709864017452,33,10,1448.9677751803904,0.686226487159729,42,25,2,0.03134117165305953,1.6380877873616788,0.012600430307571589,1,604.9753023904817,0.3913590872245403
480,553,2.2261364459991455,78.1499370341715,23.643028636597357,33,40,1448.9677751803904,0.6591244339942932,42,25,5,0.027858926930634808,0.714763061085781,0.020915941705346244,1,604.9753023904817,0.2519657742389017
480,554,6.850185871124268,78.11490273809085,23.665127192586695,36,30,1419.4403696378577,0.46505990624427795,38,26,3,0.03092224840606109,1.1891812782967512,0.17574232849263846,1,594.2568541785423,3.840340247797178
456,555,3.4369959831237793,78.1159807164318,23.6230860372899,33,10,1448.9677751803904,0.626441478729248,38,29,3,0.032351375955419405,0.850617079272647,0.03494732074005441,1,604.9753023904817,0.5818062554116141
530,556,4.1468281745910645,78.15775237714337,23.620930080608012,34,30,1418.6222227388062,0.26368996500968933,41,25,4,0.02900491116713541,0.9171577853341019,0.48858241873649305,1,593.9598668541867,7.719879705551149
451,557,6.832978248596191,78.11651970560229,23.648688022887306,33,40,1448.9677751803904,0.3355836272239685,39,28,2,0.03311027741098904,1.1873709007283262,0.3641604837533124,1,604.9753023904817,8.661232231589834
441,558,1.372815489768982,78.10654840594856,23.642759142012117,36,40,1448.9677751803904,0.3959028124809265,39,25,2,0.03160470415796017,0.589022736672297,0.26962435650069927,1,604.9753023904817,3.0365508308277835
556,559,4.218843460083008,78.15451844212055,23.625511488557024,32,10,1418.6222227388062,0.5208631157875061,43,25,4,0.02885863158027226,0.9235186250751328,0.1137022047056534,1,593.9598668541867,1.799895865668591
489,560,3.4369633197784424,78.14400815329634,23.619582607681835,31,10,1448.9677751803904,0.7091509103775024,42,27,4,0.029862908757758225,0.8506138379720739,0.007624273103779759,1,604.9753023904817,0.11716574025426058
507,561,10.183626174926758,78.12137060813654,23.62928441275033,32,10,1448.9677751803904,0.5850284695625305,42,26,3,0.03057553800422461,1.5138635321960723,0.05962932831890874,1,604.9753023904817,1.6697767034711148
521,562,3.704791784286499,78.16152530133667,23.613653726806646,31,20,1418.6222227388062,0.42151975631713867,42,27,5,0.028758183573112994,0.8766006888617621,0.23285600713248814,1,593.9598668541867,3.48664560696249
501,563,4.219172954559326,78.16583721470045,23.67024758970618,33,20,1428.689493343234,0.38073816895484924,39,28,2,0.03311027741098904,0.9235475799205277,0.29239441290076656,1,597.6142860835939,5.343331698078926
507,564,2.112269401550293,78.13565382115405,23.621469069778485,37,30,1448.9677751803904,0.36941275000572205,38,25,4,0.029263946568112806,0.6998941953805226,0.3098562660986895,1,604.9753023904817,3.8393987158270906
569,565,15.506744384765625,78.14697259373395,23.615540188903296,32,10,1448.9677751803904,0.5626860857009888,43,25,4,0.02885863158027226,1.9650181448221213,0.07627776455173095,1,604.9753023904817,2.6168444066619485
487,566,4.4455485343933105,78.16664569845614,23.642220152841645,34,30,1418.6222227388062,0.3886741101741791,41,25,2,0.03142329537530095,0.9431335127106623,0.28038897120958506,1,593.9598668541867,4.935633839792166
479,567,3.172591209411621,78.14939804500108,23.641142174500708,33,40,1448.9677751803904,0.4582771360874176,42,25,4,0.028929107810425757,0.8237534775479143,0.1841647282420999,1,604.9753023904817,2.65507261172892
529,568,8.044690132141113,78.1601778284105,23.613384232221414,31,10,1418.6222227388062,0.6097917556762695,42,27,5,0.028758183573112994,1.311012276611256,0.043916361275312336,1,593.9598668541867,0.9834485866249364
510,569,7.570841312408447,78.16637620387093,23.667822138439057,31,30,1428.689493343234,0.2572815418243408,42,27,3,0.03105862647148713,1.2635433949753088,0.5001684108585691,1,597.6142860835939,11.730314008855569
465,570,0.0,78.1205621243808,23.622008058948957,32,10,1448.9677751803904,0.6906756162643433,42,26,2,0.03184961282574046,0.16531147321376102,0.011496595781687755,1,604.9753023904817,0.0366196391728974
504,571,3.172253370285034,78.12622151067075,23.625780983142263,32,20,1448.9677751803904,0.46820297837257385,43,25,2,0.03126481922486936,0.8237183170573591,0.17190154167363408,1,604.9753023904817,2.6782558508727385
473,572,0.9274099469184875,78.1555964204615,23.63763874489264,33,40,1418.6222227388062,0.393868625164032,41,26,3,0.030653976135144863,0.5034748895187708,0.2726368173100574,1,593.9598668541867,2.4992300538969885
512,573,8.909811019897461,78.14319966954065,23.641142174500708,34,10,1448.9677751803904,0.662970781326294,39,27,5,0.028989980881719495,1.3951289880694684,0.01956127188263915,1,604.9753023904817,0.4786268150020592
516,574,13.893200874328613,78.15478793670576,23.61877412392613,34,10,1418.6222227388062,0.5882750749588013,41,25,4,0.02900491116713541,1.834174460372916,0.057405672641265074,1,593.9598668541867,1.8139449084072028
448,575,4.147144794464111,78.11274678140899,23.631440369432212,36,40,1448.9677751803904,0.5055956244468689,37,27,2,0.03281593356923771,0.9171858936005192,0.12934504968449378,1,604.9753023904817,2.3552097350072625
444,576,1.0123991966247559,78.10573992219287,23.646801560790657,33,40,1448.9677751803904,0.576821506023407,39,28,2,0.03311027741098904,0.5214500826273072,0.06547164755760948,1,604.9753023904817,0.6838588556671417
500,577,2.225890636444092,78.13295887530165,23.625511488557024,36,40,1448.9677751803904,0.4870798885822296,39,25,4,0.029172358456260435,0.714731458649843,0.14968193047547274,1,604.9753023904817,1.8880846443965886
479,578,3.437129497528076,78.14724208831916,23.637908239477873,35,40,1448.9677751803904,0.4949933588504791,40,25,4,0.02908600495816616,0.8506303281941509,0.14080997987897792,1,604.9753023904817,2.107637991735053
504,579,13.518152236938477,78.141313207444,23.631979358602685,34,10,1448.9677751803904,0.598335862159729,41,25,4,0.02900491116713541,1.8031431101795292,0.0508291911356823,1,604.9753023904817,1.608246372290368
543,580,17.72905158996582,78.16556772011518,23.6335963261141,34,30,1418.6222227388062,0.500584602355957,42,24,4,0.028454407241744598,2.139437773792955,0.13470308495609587,1,593.9598668541867,4.870615488931114
484,581,6.769159317016602,78.1564049042172,23.62928441275033,32,40,1418.6222227388062,0.5293005704879761,40,28,4,0.030477111034471926,1.1806416493637972,0.10550509699871802,1,593.9598668541867,2.2548748324912173
453,582,1.0124787092208862,78.11813667311367,23.657042355029617,34,40,1419.4403696378577,0.5352985858917236,40,26,2,0.03201877095158267,0.5214664672728336,0.09987470279508867,1,594.2568541785423,0.9909705392566444
488,583,3.436990976333618,78.14104371285873,23.62254704811943,36,10,1448.9677751803904,0.6757775545120239,38,26,4,0.029731781074822338,0.850616582432141,0.015473840535437008,1,604.9753023904817,0.23675029749714022
458,584,2.0242996215820312,78.12164010272176,23.655155892932967,33,40,1419.4403696378577,0.5037137269973755,39,28,2,0.03311027741098904,0.6880756093766989,0.13134443446533303,1,594.2568541785423,1.778217407537543
480,585,2.2259023189544678,78.1669151930414,23.626319972312736,32,30,1418.6222227388062,0.5872631072998047,44,24,4,0.028318199927358782,0.7147329606556883,0.05809346889577407,1,593.9598668541867,0.698383331296794
477,586,4.6273674964904785,78.14778107748964,23.6335963261141,34,40,1448.9677751803904,0.5162705779075623,42,24,4,0.028454407241744598,0.9584419515340706,0.11829866398282027,1,604.9753023904817,1.9517888957870766
443,587,1.3727965354919434,78.11059082472707,23.63952520698929,35,40,1448.9677751803904,0.49322909116744995,38,27,2,0.032711939433240175,0.5890194823907142,0.14276484367768436,1,604.9753023904817,1.6641592090405217
483,588,4.735845565795898,78.17230508474609,23.6230860372899,36,40,1418.6222227388062,0.48326897621154785,37,27,4,0.030290369825136165,0.967406949623998,0.15404883355277757,1,593.9598668541867,2.6812005152648424
470,589,0.0,78.1717660955756,23.63763874489264,35,40,1418.6222227388062,0.4184885621070862,40,25,3,0.030250615265628278,0.16531147321376102,0.23709052200130953,1,593.9598668541867,0.704220239167576
446,590,4.112277984619141,78.11328577057947,23.64976600122825,35,40,1448.9677751803904,0.38872215151786804,38,27,2,0.032711939433240175,0.9140828924598561,0.2803168872241103,1,604.9753023904817,5.0708268542707025
493,591,8.181363105773926,78.14319966954065,23.61230625388047,33,10,1448.9677751803904,0.3695395588874817,41,26,4,0.029473836945967745,1.3245116950425604,0.3096586608817221,1,604.9753023904817,7.31329935255099
479,592,2.7439963817596436,78.16422024718901,23.6373692503074,33,40,1418.6222227388062,0.4071532189846039,41,26,2,0.03193131945344525,0.7772133333202195,0.25320573517329653,1,593.9598668541867,3.732396269254165
443,593,2.9583146572113037,78.10600941677808,23.63925571240405,36,40,1448.9677751803904,0.4657740294933319,39,25,2,0.03160470415796017,0.8009882711176171,0.17486620645186093,1,604.9753023904817,2.6780668889135715
547,594,3.4369306564331055,78.15748288255816,23.615809683488536,34,30,1418.6222227388062,0.27048319578170776,41,25,4,0.02900491116713541,0.850610596653196,0.47637939869111945,1,593.9598668541867,6.980915827726078
451,595,2.7802884578704834,78.11544172726133,23.641950658256413,34,40,1448.9677751803904,0.4755176901817322,39,27,2,0.03261360242966765,0.781315268995993,0.16311757822636153,1,604.9753023904817,2.5145686376639826
489,596,5.476072311401367,78.11651970560229,23.66431870883099,33,30,1419.4403696378577,0.32684507966041565,39,28,3,0.031785772431492,1.0386220602703133,0.3786722297302564,1,594.2568541785423,7.428959128347408
543,597,13.215723037719727,78.12676049984123,23.66431870883099,32,10,1419.4403696378577,0.628876268863678,40,28,2,0.03301824496905152,1.7779308701448497,0.03374111023013076,1,594.2568541785423,1.1770703611857887
471,598,4.735886573791504,78.15990833382523,23.648418528302074,32,40,1418.6222227388062,0.5771517157554626,42,26,3,0.03057553800422461,0.9674103156617126,0.06523045506341446,1,593.9598668541867,1.1460203542239216
471,599,3.034454107284546,78.15667439880241,23.63709975572217,33,40,1418.6222227388062,0.483234703540802,41,26,3,0.030653976135144863,0.8091866308939223,0.15408838243589199,1,593.9598668541867,2.270191593714867
522,600,15.080705642700195,78.12083161896606,23.633865820699334,33,10,1448.9677751803904,0.569573700428009,42,25,2,0.03134117165305953,1.9308590365318379,0.07089493964680063,1,604.9753023904817,2.59548593329764
513,601,4.219148635864258,78.16529822552997,23.667013654683345,31,30,1428.689493343234,0.18470939993858337,42,27,3,0.03105862647148713,0.9235454429226474,0.6356462779812941,1,597.6142860835939,10.896248383010109
527,602,8.182097434997559,78.13134190779027,23.634135315284574,34,10,1448.9677751803904,0.5521096587181091,40,26,5,0.02846123974633845,1.3245840027478941,0.08497665370102199,1,604.9753023904817,1.9380750454007576
477,603,2.2264292240142822,78.15856086089906,23.663779719660518,32,10,1428.689493343234,0.48077866435050964,40,28,3,0.03169742154818681,0.7148006992875982,0.15693527260777496,1,597.6142860835939,2.1249584437194473
450,604,0.0,78.1119382976533,23.630092896506035,36,40,1448.9677751803904,0.391111820936203,37,27,2,0.03281593356923771,0.16531147321376102,0.276740409496481,1,604.9753023904817,0.9082344785306641
513,605,10.524767875671387,78.141313207444,23.615270694318063,35,30,1448.9677751803904,0.2942675054073334,39,26,4,0.02964054861738372,1.544765568128407,0.4343368144002925,1,604.9753023904817,12.031315221861593
484,606,2.112360715866089,78.14697259373395,23.64599307703495,36,10,1448.9677751803904,0.5921935439109802,38,26,4,0.029731781074822338,0.6999063088878245,0.05478782712361688,1,604.9753023904817,0.6897354638993796
494,607,18.657543182373047,78.16610670928566,23.641142174500708,36,10,1418.6222227388062,0.6022434830665588,38,26,3,0.03092224840606109,2.2107461992540967,0.048402601655146774,1,593.9598668541867,1.9653312449371656
479,608,2.7802884578704834,78.14966753958629,23.627667445238913,33,40,1448.9677751803904,0.468930184841156,40,27,4,0.03001808801227943,0.781315268995993,0.1710185589677527,1,604.9753023904817,2.426555485155036
545,609,12.968904495239258,78.12083161896606,23.648149033716834,33,10,1448.9677751803904,0.5950822234153748,40,27,3,0.031220019138939386,1.7572236070262233,0.05290410307511118,1,604.9753023904817,1.7558491236663345
477,610,3.172480583190918,78.14751158290443,23.636021777381224,34,40,1448.9677751803904,0.5269190073013306,42,24,4,0.028454407241744598,0.8237419644075116,0.1077861714259118,1,604.9753023904817,1.5284154717532326
471,611,3.437227725982666,78.16368125801853,23.648688022887306,32,40,1418.6222227388062,0.42624804377555847,42,26,2,0.03184961282574046,0.8506400754197057,0.2263151244642701,1,593.9598668541867,3.641838446206475
443,612,1.0125453472137451,78.10439244926664,23.665666181757167,34,40,1419.4403696378577,0.5182719826698303,40,26,2,0.03201877095158267,0.5214801983381365,0.11628393959658273,1,594.2568541785423,1.153815625003764
493,613,10.65789794921875,78.16287277426284,23.635752282795984,33,10,1418.6222227388062,0.6598989963531494,41,26,3,0.030653976135144863,1.556731888526096,0.020638314733662146,1,593.9598668541867,0.5849678112753774
445,614,2.226480007171631,78.10493143843712,23.667552643853817,34,40,1419.4403696378577,0.6262248754501343,40,26,2,0.03201877095158267,0.7148072274369027,0.03505591672324989,1,594.2568541785423,0.47679217642701005
478,615,4.6273674964904785,78.17419154684274,23.626050477727496,36,30,1418.6222227388062,0.43647512793540955,39,25,3,0.030340426377585668,0.9584419515340706,0.21244139143408333,1,593.9598668541867,3.669304326297777
499,616,0.9274099469184875,78.13646230490974,23.62901491816509,37,10,1448.9677751803904,0.6903018355369568,38,25,4,0.029263946568112806,0.5034748895187708,0.011586661393474936,1,604.9753023904817,0.10327772700420702
478,617,12.516411781311035,78.12083161896606,23.64545408786448,32,10,1448.9677751803904,0.5937445163726807,41,27,2,0.032434012733165936,1.718939708676744,0.053771565625841025,1,604.9753023904817,1.8136423738014753
502,618,3.555040121078491,78.15856086089906,23.67051708429141,33,20,1428.689493343234,0.4571428596973419,39,28,2,0.03311027741098904,0.8622136130268615,0.1855908900434472,1,597.6142860835939,3.1663237625601375
453,619,0.9274099469184875,78.11544172726133,23.627936939824146,35,40,1448.9677751803904,0.43027105927467346,38,27,2,0.032711939433240175,0.5034748895187708,0.22081251318320472,1,604.9753023904817,2.200115267213611
521,620,3.704791784286499,78.14858956124533,23.657311849614857,38,30,1419.4403696378577,0.3904537856578827,38,24,4,0.028790303641572073,0.8766006888617621,0.27772346445077073,1,594.2568541785423,4.165190092266845
483,621,0.9274099469184875,78.14400815329634,23.63305733694363,33,10,1448.9677751803904,0.6258158087730408,42,25,4,0.028929107810425757,0.5034748895187708,0.03526158175025194,1,604.9753023904817,0.3107078961972385
470,622,6.542361736297607,78.12406555398888,23.673212030143773,34,40,1419.4403696378577,0.5195611715316772,39,27,3,0.03130896585772835,1.1565318694818938,0.11499566222358906,1,594.2568541785423,2.4744688205710204
441,623,0.9274099469184875,78.10654840594856,23.653269430836318,35,10,1419.4403696378577,0.7093895077705383,39,26,2,0.03211193128373936,0.5034748895187708,0.00758135013354095,1,594.2568541785423,0.07283917111501965
532,624,14.842978477478027,78.15532692587624,23.617426650999953,34,10,1418.6222227388062,0.5470967888832092,41,25,4,0.02900491116713541,1.9116827433867436,0.08928207320974685,1,593.9598668541867,2.9404156608701433
471,625,2.1123197078704834,78.1564049042172,23.63494379904028,34,40,1418.6222227388062,0.6185067892074585,41,25,4,0.02900491116713541,0.6999008689180497,0.039063870977828846,1,593.9598668541867,0.47102119557898187
495,626,6.464860916137695,78.1564049042172,23.67455950306995,35,40,1428.689493343234,0.30827340483665466,41,24,2,0.030909323379618,1.1482211728742029,0.41011578733187953,1,597.6142860835939,8.69846274276552
506,627,2.7802884578704834,78.13727078866543,23.675637481410895,34,30,1419.4403696378577,0.3243844509124756,40,26,2,0.03201877095158267,0.781315268995993,0.3827920353180571,1,594.2568541785423,5.690731059317218
504,628,1.372934341430664,78.15290147460911,23.663510225075278,33,10,1428.689493343234,0.4739185869693756,42,25,3,0.03008743592011844,0.589043141836979,0.16501928191534926,1,597.6142860835939,1.7477847513831273
523,629,11.88857650756836,78.13780977783591,23.617696145585185,34,10,1448.9677751803904,0.5477045178413391,40,26,4,0.029554558044904502,1.6650853094779843,0.08875388496267053,1,604.9753023904817,2.6423234318291047
541,630,16.906314849853516,78.12972494027883,23.65569488210344,35,10,1419.4403696378577,0.6067028045654297,39,26,3,0.03082736298010855,2.0755362154216264,0.045720295729184894,1,594.2568541785423,1.7384008361392447
469,631,2.7439584732055664,78.17392205225752,23.634135315284574,33,40,1418.6222227388062,0.4713282287120819,40,27,2,0.03252094932393465,0.7772090318196694,0.1681219591224601,1,593.9598668541867,2.52396074980643
484,632,13.648222923278809,78.12487403774458,23.673751019314246,35,10,1419.4403696378577,0.5637942552566528,38,27,2,0.032711939433240175,1.8139339379433108,0.07539665684558633,1,594.2568541785423,2.6586064171259522
446,633,1.0123347043991089,78.11382475974995,23.638447228648346,35,40,1448.9677751803904,0.4818034768104553,37,28,2,0.03331137118685462,0.5214367925655794,0.15574431909909042,1,604.9753023904817,1.6366056313920019
535,634,2.2257776260375977,78.15883035548433,23.617426650999953,33,10,1418.6222227388062,0.4777114689350128,43,24,4,0.028383628671018773,0.7147169287990742,0.16052573430407047,1,593.9598668541867,1.9342105683193547
448,635,2.0242910385131836,78.1159807164318,23.654616903762495,35,40,1419.4403696378577,0.369905948638916,39,26,2,0.03211193128373936,0.6880744414220613,0.3090879806516294,1,594.2568541785423,4.058431020507234
508,636,6.833627223968506,78.13295887530165,23.671595062632356,34,20,1419.4403696378577,0.3642532527446747,39,27,2,0.03261360242966765,1.1874392090717216,0.31793549077349925,1,594.2568541785423,7.316836792618741
443,637,2.958287477493286,78.10520093302239,23.62901491816509,37,40,1448.9677751803904,0.46257197856903076,37,26,2,0.03231526470942818,0.8009853222175929,0.17881051977920523,1,604.9753023904817,2.8000319477095323
502,638,1.3729628324508667,78.1639507526038,23.66863062219476,31,30,1428.689493343234,0.29821649193763733,41,28,3,0.03161456328084319,0.5890480331886181,0.42746548410964175,1,597.6142860835939,4.757293228464921
501,639,7.081160068511963,78.12271808106271,23.625511488557024,32,10,1448.9677751803904,0.6615163683891296,42,26,2,0.03184961282574046,1.2133190780170868,0.020066465965720214,1,604.9753023904817,0.4691240757986882
467,640,3.839830160140991,78.1205621243808,23.61850462934089,34,20,1448.9677751803904,0.5281920433044434,40,26,3,0.03073792932539105,0.8892811757075868,0.10656364478341296,1,604.9753023904817,1.7622211872831848
523,641,8.182209968566895,78.13673179949495,23.63763874489264,32,10,1448.9677751803904,0.5620971322059631,42,26,5,0.028310876386610607,1.3245950834599878,0.07674838870277213,1,604.9753023904817,1.7411787730978325
472,642,2.958245038986206,78.11112981389755,23.61284524305094,35,10,1448.9677751803904,0.7352622747421265,40,25,3,0.030250615265628278,0.8009807177624724,0.0038694350436107683,1,604.9753023904817,0.05672068660193984
537,643,5.526618003845215,78.13915725076208,23.657311849614857,35,10,1419.4403696378577,0.5217201113700867,38,27,4,0.03019437923470044,1.0443990903738025,0.11285495266823822,1,594.2568541785423,2.1148881940035262
480,644,10.060465812683105,78.12110111355128,23.61688766182948,34,10,1448.9677751803904,0.7113259434700012,40,26,3,0.03073792932539105,1.502620015185912,0.007239312005766537,1,604.9753023904817,0.20228268846467415
504,645,2.112452268600464,78.1679931713823,23.67078657887665,34,10,1428.689493343234,0.4260956645011902,40,26,2,0.03201877095158267,0.6999184537088093,0.2265246836889445,1,597.6142860835939,3.033811581651435
498,646,0.9274099469184875,78.14373865871113,23.66863062219476,35,10,1419.4403696378577,0.5590701103210449,40,25,3,0.030250615265628278,0.5034748895187708,0.07919290986179983,1,594.2568541785423,0.716757965404509
500,647,5.476248741149902,78.16610670928566,23.67213405180283,32,10,1428.689493343234,0.5488886833190918,41,27,2,0.032434012733165936,1.0386422605198542,0.0877296355900621,1,597.6142860835939,1.7661759569148114
485,648,2.226015329360962,78.14400815329634,23.634404809869807,33,10,1448.9677751803904,0.5976113677024841,42,25,4,0.028929107810425757,0.7147474900200613,0.05128692991469027,1,604.9753023904817,0.6415522416068857
468,649,2.024282455444336,78.16179479592188,23.654077914592023,32,40,1428.689493343234,0.472944974899292,42,26,4,0.029398418583570066,0.6880732734644625,0.1661822494311547,1,597.6142860835939,2.00892749326002
444,650,4.445470809936523,78.11139930848282,23.63952520698929,36,40,1448.9677751803904,0.6725254654884338,37,27,2,0.03281593356923771,0.9431268903602847,0.016451393087851214,1,604.9753023904817,0.3080315606667352
501,651,4.21917724609375,78.15883035548433,23.67078657887665,33,20,1428.689493343234,0.4248487949371338,39,28,2,0.03311027741098904,0.9235479570370447,0.2282425389687798,1,597.6142860835939,4.17099656323058
499,652,10.214412689208984,78.11894515686942,23.646532066205424,31,20,1448.9677751803904,0.5377223491668701,41,28,2,0.03293193401897301,1.516666740557215,0.09764622658843759,1,604.9753023904817,2.950533230152292
560,653,24.224088668823242,78.13780977783591,23.631979358602685,36,10,1448.9677751803904,0.42296072840690613,39,25,4,0.029172358456260435,2.626259041809933,0.23085427622002697,1,604.9753023904817,10.700022005797836
448,654,0.0,78.11463324350564,23.6478795391316,34,40,1448.9677751803904,0.3409493863582611,36,30,2,0.03439594992205258,0.16531147321376102,0.3553442319247893,1,604.9753023904817,1.2223546239429175
486,655,3.5549685955047607,78.15694389338768,23.667013654683345,33,10,1428.689493343234,0.6835539937019348,41,26,4,0.029473836945967745,0.8622066562267798,0.013297309932238552,1,597.6142860835939,0.20194486292896446
506,656,4.73584508895874,78.13727078866543,23.62281654270467,37,10,1448.9677751803904,0.6585660576820374,38,25,4,0.029263946568112806,0.9674069104839236,0.02111760045910014,1,604.9753023904817,0.36167983399603953
479,657,13.061004638671875,78.12271808106271,23.640872679915468,33,10,1448.9677751803904,0.6672775149345398,41,26,4,0.029473836945967745,1.7649645891618775,0.018114990933414156,1,604.9753023904817,0.5700965848598405
478,658,2.112417459487915,78.16287277426284,23.661354268393396,33,40,1428.689493343234,0.5921257138252258,40,27,3,0.031220019138939386,0.6999138361837401,0.054832529759298844,1,597.6142860835939,0.7160395281412152
448,659,2.2262260913848877,78.11382475974995,23.64949650664302,35,40,1448.9677751803904,0.3471433222293854,38,27,2,0.032711939433240175,0.7147745858005272,0.34525931286809397,1,604.9753023904817,4.883806439320289
482,660,3.5542449951171875,78.15748288255816,23.630362391091268,34,40,1418.6222227388062,0.5046706199645996,40,26,2,0.03201877095158267,0.8621362719248727,0.13032586827936193,1,593.9598668541867,2.1368217857639222
523,661,1.3728994131088257,78.14158270202921,23.65758134420009,35,10,1419.4403696378577,0.6339820027351379,39,26,4,0.02964054861738372,0.5890371452434205,0.031297652526418335,1,594.2568541785423,0.32472437129011156
466,662,7.130794525146484,78.11921465145463,23.644645604108774,32,30,1448.9677751803904,0.2966553866863251,40,28,3,0.03169742154818681,1.2184674493765808,0.43017796186919915,1,604.9753023904817,10.051333206432751
557,663,12.78746509552002,78.13565382115405,23.636291271966456,33,10,1448.9677751803904,0.5962382555007935,42,25,5,0.027858926930634808,1.7419236051425382,0.05216120373675468,1,604.9753023904817,1.5313650784690465
520,664,12.355713844299316,78.16206429050715,23.616348672659008,31,10,1418.6222227388062,0.5664386749267578,43,26,5,0.028243392385671064,1.7052392424164697,0.07331738091463441,1,593.9598668541867,2.097327357649022
523,665,5.526638984680176,78.1450861316373,23.658928817126274,36,10,1419.4403696378577,0.4672814607620239,38,26,4,0.029731781074822338,1.044401484118873,0.17302351657549714,1,594.2568541785423,3.1927707836647734
450,666,4.735927581787109,78.11274678140899,23.673212030143773,35,50,1419.4403696378577,0.3897145986557007,38,27,2,0.032711939433240175,0.9674136816822587,0.27882937635840793,1,594.2568541785423,5.24362041388455
446,667,3.1722593307495117,78.10412295468143,23.626050477727496,35,40,1448.9677751803904,0.5108261108398438,38,27,2,0.032711939433240175,0.8237189374099533,0.12386962670538121,1,604.9753023904817,2.01923942979919
468,668,3.034717559814453,78.15694389338768,23.648688022887306,31,40,1418.6222227388062,0.6392439603805542,43,26,4,0.02932834223269267,0.809214784346783,0.028900027604377522,1,593.9598668541867,0.4073865466589589
585,669,3.1727325916290283,78.13834876700639,23.64761004454637,34,20,1448.9677751803904,0.45342758297920227,40,26,5,0.02846123974633845,0.8237681911920932,0.19029734532944495,1,604.9753023904817,2.699163590500183
479,670,4.147211074829102,78.16880165513805,23.6335963261141,32,40,1418.6222227388062,0.3300124406814575,43,25,4,0.02885863158027226,0.9171917775498045,0.3733906623434515,1,593.9598668541867,5.870247885941274
478,671,5.37526798248291,78.12083161896606,23.63090138026174,31,10,1448.9677751803904,0.6946700215339661,43,26,2,0.03177369361813611,1.0270392632579208,0.010564137039737524,1,604.9753023904817,0.20855779276565772
475,672,3.437328577041626,78.16368125801853,23.65973730088198,33,40,1428.689493343234,0.591338574886322,40,27,3,0.031220019138939386,0.8506500827145059,0.055352863782171496,1,597.6142860835939,0.8785069046171686
473,673,2.0241236686706543,78.1537099583648,23.643837120353062,32,40,1418.6222227388062,0.6288523077964783,42,26,3,0.03057553800422461,0.688051665714693,0.03375285124347939,1,593.9598668541867,0.42175741306825115
475,674,2.1123032569885254,78.15344046377959,23.630631885676507,32,40,1418.6222227388062,0.5297517776489258,41,27,3,0.031136560258307147,0.6998986865868492,0.10507583386793755,1,593.9598668541867,1.3600840830054943
466,675,2.2263236045837402,78.16422024718901,23.65650336585915,31,40,1428.689493343234,0.5662341117858887,43,26,4,0.02932834223269267,0.7147871216780002,0.0734770536892022,1,597.6142860835939,0.9205278640006316
507,676,6.6507086753845215,78.141313207444,23.61850462934089,33,10,1448.9677751803904,0.6252579092979431,40,27,4,0.03001808801227943,1.1680883264332318,0.03554328956087286,1,604.9753023904817,0.7539698426813074
507,677,2.22580885887146,78.13592331573926,23.619852102267075,36,20,1448.9677751803904,0.465339720249176,38,26,4,0.029731781074822338,0.714720944477019,0.17539879591061147,1,604.9753023904817,2.2548709331647587
521,678,4.783777236938477,78.14589461539299,23.653538925421557,35,10,1419.4403696378577,0.6985825896263123,40,25,4,0.02908600495816616,0.9713296458593889,0.00970303285164613,1,594.2568541785423,0.16290425166825898
493,679,7.285000324249268,78.15182349626815,23.613384232221414,33,10,1418.6222227388062,0.6722210645675659,39,28,4,0.03056206052086445,1.2343780167729417,0.016544966453619143,1,593.9598668541867,0.3707266461428344
519,680,2.1122426986694336,78.13349786447213,23.61419271597712,36,10,1448.9677751803904,0.7174605131149292,38,26,4,0.029731781074822338,0.6998906529902457,0.0062282705361865675,1,604.9753023904817,0.07840725213806436
473,681,5.75712776184082,78.17284407391656,23.640603185330235,35,40,1418.6222227388062,0.44846343994140625,39,26,2,0.03211193128373936,1.070492106272433,0.19666905939774282,1,593.9598668541867,4.015531498294091
542,682,16.469745635986328,78.12298757564793,23.636560766551696,32,10,1448.9677751803904,0.7213392853736877,41,27,3,0.031136560258307147,2.0413229521213268,0.005643861467807757,1,604.9753023904817,0.21701829261015435
473,683,2.9583022594451904,78.15721338797289,23.634404809869807,34,40,1418.6222227388062,0.5400500297546387,40,26,3,0.03073792932539105,0.8009869260073275,0.09553152230958634,1,593.9598668541867,1.3970238958540842
471,684,0.9274099469184875,78.15775237714337,23.642220152841645,32,40,1418.6222227388062,0.5120066404342651,42,26,3,0.03057553800422461,0.5034748895187708,0.12265050084899011,1,593.9598668541867,1.121445958329349
462,685,1.3729740381240845,78.12137060813654,23.67051708429141,37,10,1419.4403696378577,0.4900105893611908,36,27,4,0.03039156257714304,0.589049956967162,0.14636525213243146,1,594.2568541785423,1.5571030064267344
504,686,4.111809730529785,78.12891645652314,23.622277553534197,35,40,1448.9677751803904,0.38059815764427185,38,27,4,0.03019437923470044,0.914041114059429,0.2926079502841223,1,604.9753023904817,4.8855740879206655
462,687,8.04773998260498,78.11328577057947,23.663510225075278,36,10,1419.4403696378577,0.5324748158454895,37,27,3,0.0315032031780126,1.3113144247955137,0.10250492636343816,1,594.2568541785423,2.5164047154699474
578,688,4.112235069274902,78.13134190779027,23.64734054996113,35,10,1448.9677751803904,0.6475170254707336,40,25,4,0.02908600495816616,0.9140790635994005,0.025373932371297193,1,604.9753023904817,0.4081250566987754
482,689,3.8398358821868896,78.1450861316373,23.621469069778485,34,40,1448.9677751803904,0.3857280910015106,38,28,4,0.030652258518438693,0.8892817073741948,0.284823062342954,1,604.9753023904817,4.69693592329221
498,690,7.130560874938965,78.16529822552997,23.62066058602278,33,10,1418.6222227388062,0.7183349132537842,41,26,4,0.029473836945967745,1.2184432452183995,0.00609289741292067,1,593.9598668541867,0.12996396376127914
501,691,5.547544956207275,78.1669151930414,23.620391091437547,33,10,1418.6222227388062,0.5008091926574707,41,26,4,0.029473836945967745,1.0467849577688695,0.13446060332533316,1,593.9598668541867,2.4640317901635447
540,692,10.1846284866333,78.16987963347896,23.642759142012117,35,10,1418.6222227388062,0.4914013743400574,42,23,4,0.02797368554671094,1.5139548417572137,0.1448040287666707,1,593.9598668541867,3.642506673764611
489,693,2.9583895206451416,78.15748288255816,23.667552643853817,33,10,1428.689493343234,0.6462212204933167,41,26,4,0.029473836945967745,0.8009963934430029,0.02590678632400498,1,597.6142860835939,0.3655120938246123
446,694,2.2259998321533203,78.10897385721569,23.633326831528862,35,40,1448.9677751803904,0.44085195660591125,38,27,2,0.032711939433240175,0.714745497622756,0.2066207592704102,1,604.9753023904817,2.922599597632887
548,695,25.322463989257812,78.16260327967763,23.632248853187924,36,10,1418.6222227388062,0.6221216917037964,38,26,4,0.029731781074822338,2.7068799816969573,0.03715305774328515,1,593.9598668541867,1.7759943932768794
467,696,2.7802884578704834,78.17392205225752,23.65758134420009,34,40,1428.689493343234,0.4400876760482788,40,26,3,0.03073792932539105,0.781315268995993,0.20763203727607699,1,597.6142860835939,2.979999940863996
444,697,0.9274099469184875,78.11005183555665,23.675098492240423,35,40,1419.4403696378577,0.580608606338501,40,25,2,0.03151115064001727,0.5034748895187708,0.0627362985882708,1,594.2568541785423,0.591473332679919
474,698,4.14757776260376,78.17041862264944,23.645723582449712,32,30,1418.6222227388062,0.26045820116996765,42,26,3,0.03057553800422461,0.9172243287532178,0.49441638701969914,1,593.9598668541867,8.235683174580322
478,699,2.744271755218506,78.16233378509236,23.66162376297863,34,40,1428.689493343234,0.6054190397262573,39,27,2,0.03261360242966765,0.7772445790058699,0.0464830156933652,1,597.6142860835939,0.7041606325873285
449,700,5.0493879318237305,78.10708739511904,23.64599307703495,34,30,1448.9677751803904,0.2472945600748062,38,28,2,0.03320799597677619,0.9926587809773738,0.5183617614015525,1,604.9753023904817,10.33744611274963
486,701,3.17307710647583,78.15505743129103,23.662971235904806,33,10,1428.689493343234,0.6348119378089905,41,26,4,0.029473836945967745,0.8238040432107223,0.030911398427647098,1,597.6142860835939,0.44853900931313556
491,702,5.526688098907471,78.12244858647745,23.662701741319573,33,10,1419.4403696378577,0.5143812894821167,39,28,2,0.03311027741098904,1.04440708764483,0.12021692523598987,1,594.2568541785423,2.47042939005162
449,703,1.8543341159820557,78.10439244926664,23.620121596852307,34,40,1448.9677751803904,0.4763992130756378,38,28,3,0.031879581977570015,0.6643390891346169,0.1620737239131385,1,604.9753023904817,2.076599193161199
504,704,4.446263790130615,78.1281079727674,23.667822138439057,33,20,1419.4403696378577,0.3893997371196747,39,28,3,0.031785772431492,0.943194451376841,0.279300966993497,1,594.2568541785423,4.976003141859249
504,705,2.02382755279541,78.13430634822782,23.62470300480132,36,40,1448.9677751803904,0.5185132026672363,38,26,4,0.029731781074822338,0.6880113674734107,0.11604232388548251,1,604.9753023904817,1.4360534440481358
500,706,4.783972263336182,78.12756898359697,23.667013654683345,33,10,1419.4403696378577,0.4940885603427887,39,28,3,0.031785772431492,0.9713455592994091,0.14181086136436766,1,594.2568541785423,2.6018977368574716
524,707,19.11934471130371,78.12864696193787,23.652191452495373,35,10,1419.4403696378577,0.5986412763595581,39,26,3,0.03082736298010855,2.2459295896356837,0.050636964243010084,1,594.2568541785423,2.0834082224879538
523,708,9.250755310058594,78.16206429050715,23.616079178073768,31,10,1418.6222227388062,0.5606720447540283,43,26,5,0.028243392385671064,1.4274646112431413,0.07789388893546408,1,593.9598668541867,1.8652742645831082
508,709,6.25225305557251,78.1386182615916,23.67240354638806,35,30,1419.4403696378577,0.32293200492858887,40,25,2,0.03151115064001727,1.1252266676666896,0.38523063576596867,1,594.2568541785423,8.117070074019654
440,710,2.024050712585449,78.11112981389755,23.63925571240405,36,40,1448.9677751803904,0.4658454656600952,37,27,2,0.03281593356923771,0.6880417374898044,0.17477867716404766,1,604.9753023904817,2.387402482198825
506,711,0.9274099469184875,78.12945544569362,23.66836112760953,34,10,1419.4403696378577,0.4709171950817108,39,27,4,0.03010361039524557,0.5034748895187708,0.16861679408251778,1,594.2568541785423,1.5186980220170174
473,712,3.034518241882324,78.16422024718901,23.640064196159763,33,40,1418.6222227388062,0.4855901300907135,42,25,2,0.03134117165305953,0.8091934846739519,0.15138178065169222,1,593.9598668541867,2.2803332297239236
585,713,3.172658920288086,78.13430634822782,23.644106614938302,34,10,1448.9677751803904,0.43603280186653137,40,26,4,0.029554558044904502,0.8237605242659887,0.21303356541876003,1,604.9753023904817,3.1376978978177315
447,714,0.0,78.11517223267612,23.656772860444384,35,40,1419.4403696378577,0.4811702072620392,39,26,2,0.03211193128373936,0.16531147321376102,0.15647973795872838,1,594.2568541785423,0.4936302114554537
453,715,2.9583241939544678,78.11813667311367,23.642759142012117,33,40,1448.9677751803904,0.489918053150177,39,28,2,0.03311027741098904,0.8009893058155548,0.146469419833471,1,604.9753023904817,2.350033990310037
470,716,3.0346083641052246,78.16233378509236,23.643837120353062,33,30,1418.6222227388062,0.500808596611023,40,27,4,0.03001808801227943,0.8092031154904509,0.1344612465645541,1,593.9598668541867,1.9399690762961463
538,717,5.901022434234619,78.13511483198357,23.654886398347735,36,10,1419.4403696378577,0.5042608380317688,38,26,4,0.029731781074822338,1.0865780041880162,0.13076157179744505,1,594.2568541785423,2.510360931788322
506,718,2.225956916809082,78.13403685364261,23.630362391091268,35,10,1448.9677751803904,0.4713882505893707,40,25,4,0.02908600495816616,0.714739980171573,0.16804975735881963,1,604.9753023904817,2.113526437336948
564,719,3.1729416847229004,78.13241988613117,23.657042355029617,35,10,1419.4403696378577,0.5637699961662292,40,25,4,0.02908600495816616,0.8237899507904548,0.07541588355899084,1,594.2568541785423,1.073835078443582
463,720,6.121297836303711,78.11894515686942,23.63090138026174,36,10,1448.9677751803904,0.5322010517120361,38,26,2,0.032210770561039284,1.1109156545530323,0.1027618657997354,1,604.9753023904817,2.2245994591620155
446,721,2.958357095718384,78.10681790053377,23.655155892932967,34,40,1419.4403696378577,0.4666270911693573,39,27,2,0.03261360242966765,0.8009928755081863,0.1738223018337878,1,594.2568541785423,2.698404934035586
579,722,2.743971109390259,78.12487403774458,23.63521329362552,32,20,1448.9677751803904,0.5045840740203857,41,27,4,0.029937842192663638,0.7772104656571236,0.13041782775106048,1,604.9753023904817,1.835835410325876
446,723,1.3728724718093872,78.11220779223851,23.652730441665845,34,40,1419.4403696378577,0.48951688408851624,38,28,2,0.03320799597677619,0.5890325198221296,0.14692143429019897,1,594.2568541785423,1.7078168694646272
509,724,13.42137622833252,78.16934064430853,23.615270694318063,33,10,1418.6222227388062,0.5216897130012512,41,26,5,0.02838350478085745,1.7950941235938396,0.11288494890467778,1,593.9598668541867,3.416224382850732
441,725,0.9274099469184875,78.10843486804521,23.659467806296746,35,40,1419.4403696378577,0.5002714395523071,39,26,2,0.03211193128373936,0.5034748895187708,0.13504156001874867,1,594.2568541785423,1.2974358293158896
505,726,2.7443697452545166,78.15317096919438,23.67024758970618,34,30,1428.689493343234,0.24758842587471008,40,26,2,0.03201877095158267,0.777255697149468,0.5178241033571725,1,597.6142860835939,7.701437655854047
474,727,1.012485146522522,78.16529822552997,23.65785083878533,32,40,1428.689493343234,0.6479314565658569,41,27,2,0.032434012733165936,0.5214677937321204,0.02520502243378385,1,597.6142860835939,0.25476292895368036
494,728,6.134021282196045,78.14427764788155,23.67455950306995,33,10,1419.4403696378577,0.576316773891449,40,27,2,0.03252094932393465,1.112311161175817,0.0658413076113587,1,594.2568541785423,1.4153444841065628
549,729,5.526093482971191,78.15694389338768,23.615540188903296,34,30,1418.6222227388062,0.33293554186820984,41,25,4,0.02900491116713541,1.0443392456133966,0.368538164380019,1,593.9598668541867,6.6305981499497015
478,730,4.04305362701416,78.16475923635949,23.638986217818818,37,40,1418.6222227388062,0.5169624090194702,39,24,3,0.02984756212402011,0.9078757461263512,0.11760020445851387,1,593.9598668541867,1.8927813883962068
476,731,2.9583182334899902,78.1499370341715,23.640603185330235,33,40,1448.9677751803904,0.4810062646865845,42,25,4,0.028929107810425757,0.8009886591295766,0.1566703969454714,1,604.9753023904817,2.196271349349586
504,732,1.8543341159820557,78.1375402832507,23.62712845606844,35,30,1448.9677751803904,0.4833023250102997,39,26,4,0.02964054861738372,0.6643390891346169,0.15401035547958672,1,604.9753023904817,1.8346938831728323
506,733,2.22593355178833,78.12945544569362,23.628745423579858,33,10,1448.9677751803904,0.6851679086685181,41,26,4,0.029473836945967745,0.7147369761992034,0.01287339427530139,1,604.9753023904817,0.16406413119078944
503,734,7.606639385223389,78.16718468762662,23.620121596852307,33,10,1418.6222227388062,0.5422788262367249,41,26,4,0.029473836945967745,1.267167036276258,0.09353006700779427,1,593.9598668541867,2.0748126638380593
513,735,4.218802452087402,78.14023522910304,23.620121596852307,34,10,1448.9677751803904,0.547578752040863,41,25,4,0.02900491116713541,0.923515021339448,0.08886304951341029,1,604.9753023904817,1.4400393567100762
529,736,11.890935897827148,78.12756898359697,23.64922701205778,33,10,1448.9677751803904,0.5484200119972229,41,26,4,0.029473836945967745,1.6652893805642166,0.08813423554719677,1,604.9753023904817,2.6170298509360745
474,737,2.2260544300079346,78.14966753958629,23.63709975572217,32,40,1448.9677751803904,0.3769606947898865,42,26,4,0.029398418583570066,0.7147525169548843,0.29817630224740654,1,604.9753023904817,3.790447035552888
503,738,1.0126162767410278,78.14104371285873,23.674828997655183,34,40,1419.4403696378577,0.2803502082824707,39,27,2,0.03261360242966765,0.5214948130986734,0.45880520568762856,1,594.2568541785423,4.6371516859363515
451,739,2.1122868061065674,78.11517223267612,23.626050477727496,35,40,1448.9677751803904,0.4145123362541199,38,27,2,0.032711939433240175,0.6998965042454881,0.2426935281166542,1,604.9753023904817,3.361522003107118
542,740,12.516127586364746,78.16448974177428,23.615270694318063,33,10,1418.6222227388062,0.6233062148094177,42,25,4,0.028929107810425757,1.7189155287068143,0.03653983437604278,1,593.9598668541867,1.0792281152218055
499,741,3.437424421310425,78.16502873094475,23.67024758970618,33,20,1428.689493343234,0.3389967978000641,39,28,2,0.03311027741098904,0.8506595930315559,0.35854397943679306,1,597.6142860835939,6.035066065010647
562,742,26.365291595458984,78.13646230490974,23.632518347773157,34,10,1448.9677751803904,0.6163364052772522,41,25,5,0.027931926077013947,2.7832953346134297,0.04023974369236168,1,604.9753023904817,1.892574685237034
537,743,20.686737060546875,78.14697259373395,23.613653726806646,33,10,1448.9677751803904,0.5891682505607605,41,26,4,0.029473836945967745,2.3641577221771395,0.056802614375252046,1,604.9753023904817,2.3945234438282688
564,744,22.35675048828125,78.15856086089906,23.62497249938655,32,10,1418.6222227388062,0.47281429171562195,42,26,4,0.029398418583570066,2.4885236247835762,0.1663386430485077,1,593.9598668541867,7.227964199481317
439,745,5.526845932006836,78.11139930848282,23.675367986825655,35,50,1419.4403696378577,0.4233686029911041,40,25,2,0.03151115064001727,1.0444250949629197,0.23028900268490504,1,594.2568541785423,4.503902275657003
475,746,2.1123762130737305,78.15613540963193,23.650304990398723,31,40,1428.689493343234,0.4414186179637909,43,26,4,0.02932834223269267,0.6999083646739178,0.20587237168166297,1,597.6142860835939,2.525502122192923
488,747,2.7802884578704834,78.1639507526038,23.636021777381224,33,30,1418.6222227388062,0.5348731279373169,41,26,3,0.030653976135144863,0.781315268995993,0.10026866255105336,1,593.9598668541867,1.4263806870292488
445,748,2.7802884578704834,78.11220779223851,23.654077914592023,34,40,1419.4403696378577,0.5176731944084167,38,28,2,0.03320799597677619,0.781315268995993,0.11688483572201003,1,594.2568541785423,1.802193212977615
452,749,3.0347626209259033,78.1159807164318,23.650574484983963,35,40,1419.4403696378577,0.39546674489974976,38,27,2,0.032711939433240175,0.8092195995879788,0.27026902223330446,1,594.2568541785423,4.251509526027141
519,750,19.631711959838867,78.16475923635949,23.630362391091268,33,10,1418.6222227388062,0.610885500907898,40,27,4,0.03001808801227943,2.284767595329121,0.04328819590993302,1,593.9598668541867,1.7634032823058365
524,751,14.869688034057617,78.1499370341715,23.620121596852307,33,10,1448.9677751803904,0.607262909412384,40,27,4,0.03001808801227943,1.9138415344549904,0.045389917271569505,1,604.9753023904817,1.5775605544602895
504,752,1.8543341159820557,78.14346916412586,23.663779719660518,33,30,1419.4403696378577,0.24460433423519135,39,28,3,0.031785772431492,0.6643390891346169,0.52329019135044,1,594.2568541785423,6.5665819773869
473,753,2.7802884578704834,78.16179479592188,23.675906975996128,33,10,1428.689493343234,0.7305358648300171,41,26,3,0.030653976135144863,0.781315268995993,0.004417691474876862,1,597.6142860835939,0.06323091691030247
489,754,8.525918006896973,78.1677236767971,23.613384232221414,32,10,1418.6222227388062,0.6384720206260681,42,26,5,0.028310876386610607,1.3581849838190614,0.029244162838428414,1,593.9598668541867,0.6678955237198279
576,755,6.849697113037109,78.141313207444,23.637908239477873,34,10,1448.9677751803904,0.5588924884796143,40,26,5,0.02846123974633845,1.1891298806501711,0.07933768545225708,1,604.9753023904817,1.6244272929306642
529,756,5.475067615509033,78.15883035548433,23.620121596852307,34,30,1418.6222227388062,0.34887436032295227,41,25,5,0.027931926077013947,1.0385070232728466,0.3424588355337299,1,593.9598668541867,5.900323163063946
502,757,4.219128131866455,78.1679931713823,23.66404921424575,32,10,1428.689493343234,0.5126903057098389,41,27,3,0.031136560258307147,0.9235436411344614,0.12194730561264101,1,597.6142860835939,2.095661985675989
533,758,8.177227973937988,78.13673179949495,23.658928817126274,34,10,1419.4403696378577,0.535021185874939,39,27,4,0.03010361039524557,1.3241044739763048,0.10013147173500928,1,594.2568541785423,2.3718413530925253
457,759,2.743743896484375,78.10654840594856,23.615270694318063,34,10,1448.9677751803904,0.5637628436088562,39,27,3,0.03130896585772835,0.777184683035319,0.07542155289641678,1,604.9753023904817,1.1102635220953803
502,760,10.153379440307617,78.11921465145463,23.646801560790657,31,10,1448.9677751803904,0.4451116919517517,41,28,2,0.03293193401897301,1.5111066263190422,0.2010244044480026,1,604.9753023904817,6.051998003264118
441,761,2.958282470703125,78.10466194385191,23.6268589614832,35,40,1448.9677751803904,0.4939693510532379,38,27,2,0.032711939433240175,0.800984778997407,0.1419429910839799,1,604.9753023904817,2.2499981172538495
459,762,6.464860916137695,78.1159807164318,23.619582607681835,35,30,1448.9677751803904,0.26500070095062256,36,29,2,0.03391035267050606,1.1482211728742029,0.4862214840439785,1,604.9753023904817,11.453273911051724
454,763,2.7802884578704834,78.12083161896606,23.65812033337056,34,40,1419.4403696378577,0.4239179491996765,39,27,2,0.03261360242966765,0.781315268995993,0.22952859115989457,1,594.2568541785423,3.475650309800538
495,764,14.80872631072998,78.1243350485741,23.646532066205424,33,10,1448.9677751803904,0.6346254348754883,40,27,4,0.03001808801227943,1.9089127239113326,0.030997932394006406,1,604.9753023904817,1.0745817769879915
448,765,3.704791784286499,78.1092433518009,23.64761004454637,35,40,1448.9677751803904,0.34097105264663696,38,27,2,0.032711939433240175,0.8766006888617621,0.3553087817107931,1,604.9753023904817,6.163844698188002
446,766,0.9274099469184875,78.10762638428952,23.633865820699334,35,40,1448.9677751803904,0.4368288218975067,37,28,2,0.03331137118685462,0.5034748895187708,0.2119683933901003,1,604.9753023904817,2.150696253098242
453,767,3.0348591804504395,78.11840616769894,23.654616903762495,34,40,1419.4403696378577,0.39162471890449524,40,26,2,0.03201877095158267,0.8092299178185981,0.27597512437671234,1,594.2568541785423,4.249332601833922
443,768,5.475651264190674,78.10654840594856,23.645723582449712,36,40,1448.9677751803904,0.4942355751991272,39,25,2,0.03160470415796017,1.0385738516375351,0.14164799611425777,1,604.9753023904817,2.8127892509079833
568,769,10.185898780822754,78.13026392944931,23.66000679546721,36,10,1419.4403696378577,0.6076976656913757,40,24,4,0.028611858506668832,1.5140705597955977,0.04513447807932679,1,594.2568541785423,1.1619162029361367
516,770,4.783992290496826,78.1499370341715,23.66836112760953,32,30,1419.4403696378577,0.35664108395576477,42,26,2,0.03184961282574046,0.9713471934207667,0.32999272487460624,1,594.2568541785423,6.066765549590501
504,771,31.34221839904785,78.1679931713823,23.646262571620184,36,10,1418.6222227388062,0.5184088945388794,39,25,2,0.03160470415796017,2.797927758284625,0.1161467711576397,1,593.9598668541867,6.100317914504231
447,772,1.0125732421875,78.10600941677808,23.669169611365234,34,40,1419.4403696378577,0.353402316570282,40,26,2,0.03201877095158267,0.5214859460650819,0.3351713238626558,1,594.2568541785423,3.325740204020944
474,773,5.900798797607422,78.10978234097138,23.61230625388047,33,10,1448.9677751803904,0.6603996157646179,40,27,3,0.031220019138939386,1.0865531209735806,0.020460177473576865,1,604.9753023904817,0.4198857833336863
521,774,12.35735034942627,78.14050472368825,23.643837120353062,35,10,1448.9677751803904,0.4597453773021698,39,26,5,0.028544049250562385,1.7053790483882594,0.18232615352331802,1,604.9753023904817,5.3693673837629365
462,775,8.83947467803955,78.11813667311367,23.665396687171935,33,10,1419.4403696378577,0.6311630010604858,40,27,2,0.03252094932393465,1.388403613985637,0.03263240393024467,1,594.2568541785423,0.8755928728555796
492,776,5.526054859161377,78.14104371285873,23.6125757484657,33,40,1448.9677751803904,0.5429516434669495,40,27,4,0.03001808801227943,1.0443348387766758,0.09293038752348234,1,604.9753023904817,1.7624556053024523
573,777,9.251713752746582,78.12271808106271,23.634404809869807,32,10,1448.9677751803904,0.7215009927749634,41,27,3,0.031136560258307147,1.4275549078588403,0.0056203904336542205,1,604.9753023904817,0.15113588235377412
476,778,9.443071365356445,78.12864696193787,23.671056073461884,33,10,1419.4403696378577,0.5021858215332031,39,28,3,0.031785772431492,1.4455173693008516,0.13297909374863584,1,594.2568541785423,3.6308946891889353
531,779,12.128817558288574,78.1243350485741,23.629553907335563,33,10,1448.9677751803904,0.6116087436676025,41,26,2,0.03193131945344525,1.6857978981665782,0.04287585159352043,1,604.9753023904817,1.3962808349114408
495,780,6.250608444213867,78.16368125801853,23.619043618511363,34,10,1418.6222227388062,0.7284702658653259,40,26,5,0.02846123974633845,1.1250476512773324,0.004674300137851263,1,593.9598668541867,0.08889931760028098
498,781,2.1124441623687744,78.14293017495538,23.66863062219476,35,10,1419.4403696378577,0.7013388276100159,40,25,3,0.030250615265628278,0.6999173783988152,0.009126693923407767,1,594.2568541785423,0.11483351926253976
492,782,3.8398168087005615,78.12406555398888,23.61203675929523,32,10,1448.9677751803904,0.7294219136238098,42,26,3,0.03057553800422461,0.8892799351503422,0.004554763899289121,1,604.9753023904817,0.07492316517363479
561,783,8.393070220947266,78.13457584281309,23.669708600535706,37,10,1419.4403696378577,0.535890519618988,39,24,3,0.02984756212402011,1.3452613562490205,0.09932797301619035,1,594.2568541785423,2.3700707156760945
494,784,4.4455485343933105,78.14266068037017,23.642220152841645,34,10,1448.9677751803904,0.6952255368232727,39,27,5,0.028989980881719495,0.9431335127106623,0.010438758844247194,1,604.9753023904817,0.17266631319901032
588,785,12.00521183013916,78.16368125801853,23.631979358602685,36,10,1418.6222227388062,0.43503502011299133,38,26,4,0.029731781074822338,1.6751578326474552,0.214372005530031,1,593.9598668541867,6.341643596376132
460,786,2.7802884578704834,78.11005183555665,23.61688766182948,36,10,1448.9677751803904,0.7525347471237183,37,27,3,0.0315032031780126,0.781315268995993,0.002283735671738478,1,604.9753023904817,0.03400670129649737
506,787,2.9582676887512207,78.1243350485741,23.621469069778485,33,20,1448.9677751803904,0.5734684467315674,41,26,2,0.03193131945344525,0.8009831752012815,0.06794988231348782,1,604.9753023904817,1.0513967073191086
457,788,2.744062900543213,78.1197536406251,23.64329813118259,32,40,1448.9677751803904,0.3963441848754883,41,27,2,0.032434012733165936,0.7772208811506327,0.26897246916818335,1,604.9753023904817,4.101952415226072
465,789,10.998507499694824,78.11813667311367,23.6335963261141,34,20,1448.9677751803904,0.3997267484664917,40,26,2,0.03201877095158267,1.5871194488852924,0.26399741691432227,1,604.9753023904817,8.11617857284806
502,790,1.37272047996521,78.13295887530165,23.626050477727496,36,40,1448.9677751803904,0.4489412307739258,39,25,4,0.029172358456260435,0.5890064240593114,0.19605168435047066,1,604.9753023904817,2.0379794288026503
488,791,3.5545847415924072,78.14778107748964,23.64761004454637,36,10,1448.9677751803904,0.540343165397644,38,26,4,0.029731781074822338,0.8621693199796054,0.09526697765589787,1,604.9753023904817,1.4773844499885793
460,792,2.112241506576538,78.10627891136329,23.613923221391886,33,10,1448.9677751803904,0.6577675938606262,41,26,3,0.030653976135144863,0.6998904948471982,0.0214081853354387,1,604.9753023904817,0.2778653616801115
573,793,6.651575565338135,78.13430634822782,23.63952520698929,34,10,1448.9677751803904,0.5800290703773499,40,26,5,0.02846123974633845,1.168180502977789,0.06315050831857172,1,604.9753023904817,1.2702180012857738
440,794,2.0240464210510254,78.10708739511904,23.638986217818818,35,40,1448.9677751803904,0.45145857334136963,40,25,2,0.03151115064001727,0.6880411534699113,0.1928133341897502,1,604.9753023904817,2.5290265409504293
523,795,3.4373209476470947,78.14562512080778,23.658928817126274,36,10,1419.4403696378577,0.611919641494751,38,26,4,0.029731781074822338,0.8506493256675717,0.042699339753306934,1,594.2568541785423,0.6417514338259181
560,796,10.119571685791016,78.17284407391656,23.669708600535706,34,10,1428.689493343234,0.5793492197990417,41,25,3,0.030166274460611205,1.5080217873072839,0.06363843185789375,1,597.6142860835939,1.7300941372373944
555,797,15.65551471710205,78.14832006666012,23.615809683488536,32,10,1448.9677751803904,0.6649141311645508,43,25,4,0.02885863158027226,1.9768860253279108,0.01889950877336392,1,604.9753023904817,0.652297218899698
579,798,4.043087482452393,78.13322836988692,23.640064196159763,34,10,1448.9677751803904,0.5779057145118713,40,26,5,0.02846123974633845,0.9078787971593042,0.0646816430649131,1,604.9753023904817,1.011114587365576
520,799,11.969707489013672,78.12649100525601,23.613114737636174,35,10,1448.9677751803904,0.6091349720954895,39,26,4,0.02964054861738372,1.6720950742974836,0.044296224192097604,1,604.9753023904817,1.328163555525229
508,800,9.080814361572266,78.14104371285873,23.617696145585185,33,10,1448.9677751803904,0.5883638858795166,40,27,4,0.03001808801227943,1.4114012278931836,0.05734554100921877,1,604.9753023904817,1.4698425556840615
518,801,1.8543341159820557,78.13538432656878,23.616348672659008,35,20,1448.9677751803904,0.5456631183624268,39,26,4,0.02964054861738372,0.6643390891346169,0.09053489589416566,1,604.9753023904817,1.078523708314738
522,802,15.476211547851562,78.1272994890117,23.661084773808156,34,10,1419.4403696378577,0.4642448127269745,38,28,2,0.03320799597677619,1.9625786578665951,0.17674481379442059,1,594.2568541785423,6.845270559812154
526,803,6.325846195220947,78.13565382115405,23.641142174500708,34,10,1448.9677751803904,0.6266894936561584,40,26,5,0.02846123974633845,1.1332191243679564,0.034823235339775195,1,604.9753023904817,0.6794765483243584
500,804,17.71003532409668,78.1194841460399,23.64949650664302,33,10,1448.9677751803904,0.7396504878997803,40,27,2,0.03252094932393465,2.1379687514585113,0.003406802947241459,1,604.9753023904817,0.14330100213577865
491,805,7.966007709503174,78.1631422688481,23.662701741319573,34,10,1428.689493343234,0.5970098376274109,39,27,2,0.03261360242966765,1.3032026722718457,0.051668844210053896,1,597.6142860835939,1.3123825651848509
441,806,2.7441768646240234,78.1054704276076,23.653269430836318,34,40,1419.4403696378577,0.40193215012550354,40,26,2,0.03201877095158267,0.777233812305419,0.26077373090115874,1,594.2568541785423,3.8565093011458953
546,807,14.477145195007324,78.1232570702332,23.64949650664302,30,10,1448.9677751803904,0.605496883392334,44,26,4,0.029263653551709273,1.882002610118595,0.04643654877768515,1,604.9753023904817,1.5471996136179247
505,808,0.9274099469184875,78.13134190779027,23.62901491816509,34,10,1448.9677751803904,0.6516239047050476,40,26,3,0.03073792932539105,0.5034748895187708,0.023732211243549475,1,604.9753023904817,0.222191926083152
583,809,3.704791784286499,78.13646230490974,23.644376109523535,33,10,1448.9677751803904,0.5313817858695984,40,27,4,0.03001808801227943,0.8766006888617621,0.1035328269177977,1,604.9753023904817,1.6481644860343512
472,810,0.9274099469184875,78.15694389338768,23.64518459327924,31,40,1418.6222227388062,0.6284127235412598,41,28,3,0.03161456328084319,0.5034748895187708,0.033968705188073635,1,593.9598668541867,0.32114494934740956
471,811,3.0343384742736816,78.17419154684274,23.632248853187924,35,40,1418.6222227388062,0.4572441577911377,39,26,2,0.03211193128373936,0.8091742734889009,0.18546332004271815,1,593.9598668541867,2.8623558433575385
441,812,2.2262299060821533,78.10681790053377,23.64976600122825,34,40,1448.9677751803904,0.3717295229434967,38,28,2,0.03320799597677619,0.7147750762077689,0.30625342817328893,1,604.9753023904817,4.397751368415376
537,813,8.837017059326172,78.15101501251246,23.62066058602278,33,10,1418.6222227388062,0.5996962189674377,40,27,4,0.03001808801227943,1.3881682771155157,0.049976338340927115,1,593.9598668541867,1.2369344250129752
497,814,8.812948226928711,78.17365255767226,23.673751019314246,30,10,1428.689493343234,0.5870559215545654,44,26,2,0.031703611295929815,1.3858622500910596,0.05823487907914772,1,597.6142860835939,1.5290896495481379
473,815,1.3728011846542358,78.15128450709773,23.640333690744995,32,40,1418.6222227388062,0.5118110179901123,41,27,4,0.029937842192663638,0.5890202806132167,0.12285209261137071,1,593.9598668541867,1.2867388178569699
523,816,8.838848114013672,78.15020652875677,23.65380842000679,33,30,1419.4403696378577,0.399438738822937,40,27,4,0.03001808801227943,1.3883436176399129,0.2644195772313167,1,594.2568541785423,6.548590003968538
450,817,4.445952415466309,78.11732818935798,23.656772860444384,35,40,1419.4403696378577,0.4069295823574066,39,26,2,0.03211193128373936,0.9431679234555163,0.2535280453393157,1,594.2568541785423,4.563054498311094
488,818,9.198530197143555,78.14589461539299,23.67186455721759,32,10,1419.4403696378577,0.6661381721496582,40,28,3,0.03169742154818681,1.4225393609590553,0.018490426684156784,1,594.2568541785423,0.4954608691898758
577,819,1.3728313446044922,78.12999443486405,23.64545408786448,33,20,1448.9677751803904,0.3868842124938965,41,26,4,0.029473836945967745,0.5890254587865309,0.2830797589217857,1,604.9753023904817,2.9731526330702716
512,820,7.645673751831055,78.13026392944931,23.66836112760953,34,10,1419.4403696378577,0.3530157506465912,39,27,4,0.03010361039524557,1.271111100289484,0.3357913270721432,1,594.2568541785423,7.635645732281828
551,821,13.518173217773438,78.12514353232984,23.632248853187924,33,10,1448.9677751803904,0.7261536717414856,42,25,2,0.03134117165305953,1.803144853290582,0.004974819775739546,1,604.9753023904817,0.17008297433415587
473,822,1.3728646039962769,78.15856086089906,23.651382968739668,31,40,1428.689493343234,0.6096096038818359,41,28,4,0.030397442705295156,0.5890311690251219,0.04402151233185565,1,597.6142860835939,0.4710437591207612
525,823,7.949575424194336,78.13673179949495,23.671056073461884,34,10,1419.4403696378577,0.47454386949539185,40,26,2,0.03201877095158267,1.3015681312157774,0.16427443063501154,1,594.2568541785423,4.068325885922852
446,824,1.3727442026138306,78.10627891136329,23.630362391091268,36,40,1448.9677751803904,0.42614755034446716,36,28,2,0.033420379135029564,0.5890104971590345,0.2264533185291596,1,604.9753023904817,2.696812433472907
475,825,2.0241708755493164,78.15209299085342,23.647071055375896,33,40,1418.6222227388062,0.4206053912639618,41,26,4,0.029473836945967745,0.6880580897461789,0.2341299777368414,1,593.9598668541867,2.820174017163109
542,826,2.7441513538360596,78.13646230490974,23.651113474154428,35,10,1419.4403696378577,0.6784203052520752,39,26,4,0.02964054861738372,0.7772309177023558,0.014708964398133538,1,594.2568541785423,0.20136899488761814
501,827,2.112452268600464,78.16368125801853,23.67078657887665,34,20,1428.689493343234,0.42908260226249695,39,27,2,0.03261360242966765,0.6999184537088093,0.22243202222202815,1,597.6142860835939,3.034341785975826
447,828,0.9274099469184875,78.1092433518009,23.669439105950467,35,40,1419.4403696378577,0.5291879177093506,38,27,2,0.032711939433240175,0.5034748895187708,0.10561241556440779,1,594.2568541785423,1.0336494650860406
445,829,1.372774362564087,78.10951284638617,23.63548278821075,35,40,1448.9677751803904,0.3621065020561218,38,27,2,0.032711939433240175,0.5890156754611151,0.32131940459732283,1,604.9753023904817,3.74548226582444
479,830,1.0123625993728638,78.15128450709773,23.641950658256413,33,40,1418.6222227388062,0.611417829990387,41,26,4,0.029473836945967745,0.5214425410094667,0.042984463384440355,1,593.9598668541867,0.3923844125147603
478,831,1.3728678226470947,78.15451844212055,23.65192195791014,31,40,1428.689493343234,0.5208128690719604,42,27,4,0.029862908757758225,0.5890317216244584,0.11375198263852737,1,597.6142860835939,1.1957784899699715
467,832,2.0241923332214355,78.17122710640518,23.648418528302074,33,40,1418.6222227388062,0.4329334795475006,41,26,2,0.03193131945344525,0.6880610097308735,0.21720295588316058,1,593.9598668541867,2.8344359360992777
513,833,9.731636047363281,78.13888775617687,23.623894521045607,34,30,1448.9677751803904,0.4391244649887085,40,26,4,0.029554558044904502,1.472364042220931,0.2089096288092304,1,604.9753023904817,5.499659156030724
530,834,23.352384567260742,78.14454714246682,23.64141166908594,33,10,1448.9677751803904,0.5659500956535339,41,26,5,0.02838350478085745,2.562095456567651,0.07369907004999039,1,604.9753023904817,3.2423581140441655
489,835,3.1727142333984375,78.14562512080778,23.646801560790657,34,10,1448.9677751803904,0.6104708313941956,40,26,5,0.02846123974633845,0.8237662806734923,0.043525700975874264,1,604.9753023904817,0.617363918819236
470,836,2.7802884578704834,78.16583721470045,23.652191452495373,31,40,1428.689493343234,0.5861791968345642,44,25,2,0.031194284699356555,0.781315268995993,0.05883550340387981,1,597.6142860835939,0.8569624402342279
463,837,2.9582502841949463,78.11059082472707,23.61473170514759,36,10,1448.9677751803904,0.6497074961662292,38,26,3,0.03092224840606109,0.8009812868545623,0.024489419074568326,1,604.9753023904817,0.3669522567611643
562,838,7.446497917175293,78.12837746735266,23.664857698001462,32,10,1419.4403696378577,0.622107982635498,40,28,2,0.03301824496905152,1.2509072621620962,0.03716019209494749,1,594.2568541785423,0.9120764643046214
523,839,9.500606536865234,78.16206429050715,23.61284524305094,31,10,1418.6222227388062,0.6755974292755127,42,27,5,0.028758183573112994,1.4508929184772033,0.015526931337010635,1,593.9598668541867,0.3848039720872772
450,840,2.226140260696411,78.11382475974995,23.64329813118259,35,40,1448.9677751803904,0.5043649077415466,37,28,2,0.03331137118685462,0.7147635515048241,0.1306508494560974,1,604.9753023904817,1.8819357437675062
481,841,4.735850811004639,78.14535562622251,23.626319972312736,34,40,1448.9677751803904,0.44609299302101135,40,26,4,0.029554558044904502,0.9674073801646632,0.199744867653023,1,604.9753023904817,3.454992747069748
449,842,2.1122918128967285,78.11059082472707,23.627397950653673,35,40,1448.9677751803904,0.3510400652885437,38,27,2,0.032711939433240175,0.6998971684374128,0.33896637902342397,1,604.9753023904817,4.69499138093373
530,843,9.407949447631836,78.13888775617687,23.65380842000679,36,10,1419.4403696378577,0.6543909311294556,39,25,4,0.029172358456260435,1.4422302312829842,0.02266609272610149,1,594.2568541785423,0.5667049379016595
509,844,5.5264081954956055,78.14185219661442,23.640603185330235,35,10,1448.9677751803904,0.6744785904884338,38,27,5,0.029077391889432647,1.0443751527312568,0.01585945978201369,1,604.9753023904817,0.2913654256174202
526,845,11.148774147033691,78.15047602334198,23.654616903762495,33,10,1428.689493343234,0.4749034643173218,40,27,4,0.03001808801227943,1.6004246991459823,0.1638467969625468,1,597.6142860835939,4.704107072704591
523,846,2.226405620574951,78.1375402832507,23.6621627521491,35,10,1419.4403696378577,0.5532724261283875,39,26,4,0.02964054861738372,0.7147976650470679,0.08399470994200686,1,594.2568541785423,1.0575368204093483
453,847,6.327235698699951,78.11220779223851,23.6726730409733,35,50,1419.4403696378577,0.29025930166244507,38,27,2,0.032711939433240175,1.1333696890512868,0.44134404732189186,1,594.2568541785423,9.723650938249431
495,848,2.7443792819976807,78.14589461539299,23.671056073461884,32,40,1419.4403696378577,0.32923275232315063,40,28,3,0.03169742154818681,0.7772567791945981,0.374688527581488,1,594.2568541785423,5.485712584617913
506,849,4.148169994354248,78.1631422688481,23.665666181757167,33,30,1428.689493343234,0.42102840542793274,41,26,2,0.03193131945344525,0.9172768981029092,0.23354023489044318,1,597.6142860835939,4.0878975584319965
523,850,15.655726432800293,78.1679931713823,23.667822138439057,33,10,1428.689493343234,0.47851112484931946,42,25,3,0.03008743592011844,1.976902892936749,0.15958590747792104,1,597.6142860835939,5.672650457555589
503,851,2.226593255996704,78.14104371285873,23.675637481410895,35,40,1419.4403696378577,0.2659854292869568,39,26,3,0.03082736298010855,0.714821785195879,0.48444975824115155,1,594.2568541785423,6.343911254591357
454,852,2.744145154953003,78.11651970560229,23.650574484983963,35,40,1419.4403696378577,0.4786268472671509,38,27,2,0.032711939433240175,0.7772302143384404,0.15945011882252697,1,594.2568541785423,2.409101041838867
482,853,6.464860916137695,78.16529822552997,23.66243224673434,33,10,1428.689493343234,0.6637228727340698,39,28,2,0.03311027741098904,1.1482211728742029,0.019303370278524256,1,597.6142860835939,0.43857359683509967
538,854,2.2262730598449707,78.1348453373983,23.652730441665845,34,20,1419.4403696378577,0.5340348482131958,39,27,4,0.03010361039524557,0.7147806239047203,0.10104730873163228,1,594.2568541785423,1.2920826850139326
535,855,9.407976150512695,78.14346916412586,23.6621627521491,35,10,1419.4403696378577,0.4376213848590851,39,26,4,0.02964054861738372,1.4422327321073476,0.21091016523199624,1,594.2568541785423,5.357883881015326
570,856,27.494102478027344,78.16206429050715,23.628745423579858,35,10,1418.6222227388062,0.6186476349830627,39,26,4,0.02964054861738372,2.797927758284625,0.038988306887586456,1,593.9598668541867,1.9204995589419018
529,857,16.951900482177734,78.14535562622251,23.642489647426885,33,10,1448.9677751803904,0.38309386372566223,41,26,5,0.02838350478085745,2.0790960126746865,0.2888105660970544,1,604.9753023904817,10.310774517027534
454,858,0.9274099469184875,78.11517223267612,23.6230860372899,34,10,1448.9677751803904,0.5879432559013367,37,29,3,0.03244990823941901,0.5034748895187708,0.057630667005710824,1,604.9753023904817,0.569616524565232
448,859,3.704791784286499,78.10897385721569,23.623894521045607,33,40,1448.9677751803904,0.5193133354187012,39,28,2,0.03311027741098904,0.8766006888617621,0.1152427447428871,1,604.9753023904817,2.023558973309498
441,860,4.4460768699646,78.10681790053377,23.661084773808156,35,40,1419.4403696378577,0.5791741609573364,39,26,2,0.03211193128373936,0.9431785266306874,0.06376442269778082,1,594.2568541785423,1.147659251809193
493,861,4.446473598480225,78.12891645652314,23.675367986825655,33,10,1419.4403696378577,0.48191797733306885,41,26,2,0.03193131945344525,0.943212325621142,0.15561152724030655,1,594.2568541785423,2.7851096413098437
503,862,5.758284568786621,78.14293017495538,23.675098492240423,35,20,1419.4403696378577,0.4011109471321106,40,25,3,0.030250615265628278,1.0706220335103767,0.26197224633417215,1,594.2568541785423,5.041965536326462
452,863,2.225980281829834,78.11490273809085,23.631979358602685,36,40,1448.9677751803904,0.37457239627838135,36,28,2,0.033420379135029564,0.7147429841251001,0.301853896290671,1,604.9753023904817,4.36210087738664
582,864,4.901671886444092,78.1348453373983,23.643837120353062,34,10,1448.9677751803904,0.4846098721027374,40,26,4,0.029554558044904502,0.9808806524826533,0.1525053641477633,1,604.9753023904817,2.674628097110995
533,865,12.10803508758545,78.15074551792725,23.654347409177262,33,10,1428.689493343234,0.4696858823299408,40,27,4,0.03001808801227943,1.6840113783604782,0.1701032418047393,1,597.6142860835939,5.138798745421221
515,866,7.287849426269531,78.16880165513805,23.66863062219476,32,30,1428.689493343234,0.2712596356868744,41,27,3,0.031136560258307147,1.234670793850022,0.47498993065727996,1,597.6142860835939,10.912573506515674
451,867,4.219062328338623,78.11867566228415,23.655155892932967,33,40,1419.4403696378577,0.502554714679718,39,28,2,0.03311027741098904,0.9235378586164734,0.13258349530099814,1,594.2568541785423,2.4092462206688388
496,868,15.808810234069824,78.12110111355128,23.61419271597712,32,10,1448.9677751803904,0.6422117948532104,40,28,3,0.03169742154818681,1.9890833849339329,0.02760111260781569,1,604.9753023904817,1.052788565996306
556,869,13.718524932861328,78.13430634822782,23.66997809512094,37,10,1419.4403696378577,0.545883059501648,39,24,3,0.02984756212402011,1.8197534242301834,0.0903420795266866,1,594.2568541785423,2.915987733631129
506,870,7.11113166809082,78.14158270202921,23.644915098694007,35,10,1448.9677751803904,0.4270220696926117,39,26,5,0.028544049250562385,1.216429509396624,0.2252519247029964,1,604.9753023904817,4.731607211942869
467,871,3.1726527214050293,78.12271808106271,23.643837120353062,33,10,1448.9677751803904,0.691615879535675,39,28,4,0.03056206052086445,0.823759879147633,0.011272172053635936,1,604.9753023904817,0.171683485522157
504,872,4.2191667556762695,78.16718468762662,23.669439105950467,32,30,1428.689493343234,0.3930938243865967,41,27,3,0.031136560258307147,0.9235470351962696,0.2737877005403115,1,597.6142860835939,4.705053399100926
478,873,2.1122446060180664,78.12217909189224,23.61473170514759,33,10,1448.9677751803904,0.6801724433898926,41,26,4,0.029473836945967745,0.6998909060190104,0.014216246467868867,1,604.9753023904817,0.17741470634576334
576,874,5.049046993255615,78.1337673590574,23.63709975572217,32,10,1448.9677751803904,0.6753480434417725,43,25,5,0.027791057843241613,0.9926318310877571,0.01560063921064799,1,604.9753023904817,0.26035943141666906
447,875,2.226503372192383,78.11059082472707,23.669169611365234,35,50,1419.4403696378577,0.21703170239925385,38,27,2,0.032711939433240175,0.7148102309686674,0.5744272399148449,1,594.2568541785423,7.981899941518375
491,876,7.966007709503174,78.1631422688481,23.662701741319573,34,10,1428.689493343234,0.6086212992668152,39,27,2,0.03261360242966765,1.3032026722718457,0.044594706375422684,1,597.6142860835939,1.1327002963084356
489,877,5.476103782653809,78.17230508474609,23.6659356763424,33,10,1428.689493343234,0.5075923800468445,41,26,3,0.030653976135144863,1.0386256635763884,0.127240590777466,1,597.6142860835939,2.4209873048342785
469,878,12.969003677368164,78.12029262979559,23.6516524633249,34,10,1419.4403696378577,0.6726028323173523,40,26,3,0.03073792932539105,1.7572319523739786,0.016427667244057243,1,594.2568541785423,0.5272951735722126
519,879,17.255441665649414,78.12891645652314,23.65785083878533,36,10,1419.4403696378577,0.5016775131225586,39,25,4,0.029172358456260435,2.1027408813218997,0.13352516976426,1,594.2568541785423,4.867373104819212
515,880,3.4372730255126953,78.14939804500108,23.653538925421557,33,30,1419.4403696378577,0.4068675637245178,40,27,4,0.03001808801227943,0.8506445704436826,0.25361745754864434,1,594.2568541785423,3.848438095445494
451,881,3.839895486831665,78.11651970560229,23.650843979569196,35,40,1419.4403696378577,0.48619532585144043,38,27,2,0.032711939433240175,0.8892872455400995,0.1506901120021184,1,594.2568541785423,2.604997508564785
475,882,3.554381847381592,78.15290147460911,23.63709975572217,32,40,1418.6222227388062,0.5243955254554749,40,28,4,0.030477111034471926,0.8621495841388579,0.11023124386839514,1,593.9598668541867,1.7203556164622986
529,883,7.9656243324279785,78.16853216055279,23.618235134755658,33,10,1418.6222227388062,0.6462751626968384,42,25,5,0.027858926930634808,1.3031645513304075,0.025884461517860058,1,593.9598668541867,0.5581615010776255
499,884,1.3729692697525024,78.16529822552997,23.669708600535706,33,40,1428.689493343234,0.299039363861084,39,28,2,0.03311027741098904,0.5890491383391441,0.4260377733443188,1,597.6142860835939,4.965733652289798
448,885,2.2262182235717773,78.11355526516468,23.648957517472546,35,40,1448.9677751803904,0.4478573203086853,38,27,2,0.032711939433240175,0.7147735743340049,0.19745350612291795,1,604.9753023904817,2.793040778705473
553,886,16.204771041870117,78.13807927242112,23.615809683488536,34,10,1448.9677751803904,0.612227737903595,40,26,4,0.029554558044904502,2.0204459877733014,0.04252485778687921,1,604.9753023904817,1.5362158072623149
468,887,3.034036636352539,78.12137060813654,23.619043618511363,33,10,1448.9677751803904,0.5192143321037292,42,25,3,0.03008743592011844,0.8091420155184426,0.11534152400962813,1,604.9753023904817,1.698764833656232
451,888,2.2260544300079346,78.11490273809085,23.63709975572217,35,40,1448.9677751803904,0.5254963636398315,37,28,2,0.03331137118685462,0.7147525169548843,0.10916106600204718,1,604.9753023904817,1.5723658995844365
457,889,6.2521586418151855,78.11517223267612,23.669439105950467,38,50,1419.4403696378577,0.28836753964424133,37,25,2,0.031808802988916564,1.1252163911870414,0.44466257910586754,1,594.2568541785423,9.457757153969787
482,890,5.048929691314697,78.14589461539299,23.634135315284574,33,40,1448.9677751803904,0.3751051723957062,41,26,5,0.02838350478085745,0.9926225585708248,0.3010320404276275,1,604.9753023904817,5.13098245190343
490,891,16.745630264282227,78.16422024718901,23.671595062632356,34,10,1428.689493343234,0.6742622256278992,39,27,2,0.03261360242966765,2.062969446485245,0.01592431484969886,1,597.6142860835939,0.64028495203164
488,892,4.90223503112793,78.15478793670576,23.66620517092764,32,10,1428.689493343234,0.6081686615943909,41,27,4,0.029937842192663638,0.9809259483243414,0.04485873446379738,1,597.6142860835939,0.7872718192506164
496,893,3.839937925338745,78.1450861316373,23.671595062632356,32,10,1419.4403696378577,0.5893113017082214,40,28,3,0.03169742154818681,0.8892911886831646,0.05670637678167945,1,594.2568541785423,0.9498915485721653
449,894,1.3727726936340332,78.11436374892037,23.63521329362552,36,40,1448.9677751803904,0.3331260085105896,38,26,2,0.032210770561039284,0.5890153889165364,0.3682227119526601,1,604.9753023904817,4.22645231521511
475,895,2.7802884578704834,78.14778107748964,23.633865820699334,34,40,1448.9677751803904,0.5474993586540222,42,24,4,0.028454407241744598,0.781315268995993,0.08893200070577835,1,604.9753023904817,1.1961112154793776
505,896,17.242538452148438,78.14481663705203,23.642759142012117,33,10,1448.9677751803904,0.645148515701294,41,26,5,0.02838350478085745,2.1017378074488082,0.026353327588263784,1,604.9753023904817,0.9510813454565152
469,897,3.839820623397827,78.11247728682372,23.613923221391886,35,10,1448.9677751803904,0.6897358894348145,40,25,3,0.030250615265628278,0.8892802895955301,0.01172395605637794,1,604.9753023904817,0.19080278345353657
539,898,16.04232406616211,78.1631422688481,23.616079178073768,33,10,1418.6222227388062,0.6173197031021118,42,25,4,0.028929107810425757,2.0076036419741468,0.03970434384694584,1,593.9598668541867,1.3696453876579968
472,899,10.154366493225098,78.11786717852846,23.673751019314246,37,20,1419.4403696378577,0.41011062264442444,38,25,3,0.03043568169843624,1.5111966381248967,0.24895921095740842,1,594.2568541785423,6.804659694978434
479,900,3.5550949573516846,78.12837746735266,23.673212030143773,35,10,1419.4403696378577,0.5986666679382324,38,27,2,0.032711939433240175,0.8622189465173021,0.05062100247611009,1,594.2568541785423,0.8484549668989778
451,901,1.8543341159820557,78.11867566228415,23.663779719660518,33,40,1419.4403696378577,0.5607038736343384,40,27,2,0.03252094932393465,0.6643390891346169,0.0778682005441229,1,594.2568541785423,0.9997406696762218
573,902,11.515387535095215,78.13538432656878,23.648688022887306,33,10,1448.9677751803904,0.6351679563522339,41,26,5,0.02838350478085745,1.6326385106032604,0.030746638447827022,1,604.9753023904817,0.8619683976624944
495,903,5.6380743980407715,78.15667439880241,23.67455950306995,35,30,1428.689493343234,0.3302404284477234,41,24,2,0.030909323379618,1.0570666443409713,0.3730114358325214,1,597.6142860835939,7.283413799706375
466,904,10.017449378967285,78.12217909189224,23.661354268393396,34,10,1419.4403696378577,0.5657607316970825,38,28,2,0.03320799597677619,1.498681774946856,0.07384730716844266,1,594.2568541785423,2.18404185435136
487,905,4.901439666748047,78.16152530133667,23.634674304455046,38,10,1418.6222227388062,0.6791308522224426,37,25,3,0.03053636067658856,0.9808619732889932,0.014507776838736943,1,593.9598668541867,0.25809711034878524
469,906,2.226269006729126,78.1677236767971,23.652460947080613,32,40,1428.689493343234,0.5704032778739929,43,25,2,0.03126481922486936,0.7147801028530448,0.07026166011357214,1,597.6142860835939,0.9383562571323882
457,907,5.547544956207275,78.11732818935798,23.634674304455046,36,30,1448.9677751803904,0.25755396485328674,37,27,2,0.03281593356923771,1.0467849577688695,0.4996744569509477,1,604.9753023904817,10.384056238671711
539,908,2.7802884578704834,78.14535562622251,23.660815279222923,36,30,1419.4403696378577,0.3858344256877899,39,25,4,0.029172358456260435,0.781315268995993,0.2846625488396792,1,594.2568541785423,3.8556924609112593
503,909,1.3727015256881714,78.13403685364261,23.62281654270467,37,40,1448.9677751803904,0.4679902195930481,37,26,4,0.029828233195941613,0.5890031696427938,0.172160278575777,1,604.9753023904817,1.8298511514797242
520,910,11.330521583557129,78.1499370341715,23.655155892932967,34,10,1419.4403696378577,0.6131955981254578,41,25,5,0.027931926077013947,1.6164377640199095,0.041979579780178244,1,594.2568541785423,1.126346875422781
500,911,8.812933921813965,78.13161140237548,23.67186455721759,34,10,1419.4403696378577,0.49500301480293274,39,27,2,0.03261360242966765,1.3858608788515985,0.14079931744800744,1,594.2568541785423,3.7817529742318743
462,912,1.372978687286377,78.12514353232984,23.671325568047124,34,40,1419.4403696378577,0.4589502215385437,38,28,2,0.03320799597677619,0.5890507551278396,0.18332081983186216,1,594.2568541785423,2.1309898208244373
482,913,1.3727458715438843,78.14373865871113,23.630631885676507,34,40,1448.9677751803904,0.5404530763626099,41,25,5,0.027931926077013947,0.5890107837071761,0.09516788901705331,1,604.9753023904817,0.9472229487532929
580,914,4.112051010131836,78.1272994890117,23.636291271966456,32,10,1448.9677751803904,0.5766229033470154,41,27,4,0.029937842192663638,0.9140626417741545,0.06561695869961905,1,604.9753023904817,1.0863010438325713
473,915,3.4371471405029297,78.15802187172858,23.639794701574523,34,40,1418.6222227388062,0.4335416853427887,41,25,4,0.02900491116713541,0.8506320789216159,0.21638199536355304,1,593.9598668541867,3.1709655148684552
513,916,19.11771583557129,78.1601778284105,23.628745423579858,35,10,1418.6222227388062,0.6169368028640747,39,26,4,0.02964054861738372,2.2458057959147015,0.03991230490124201,1,593.9598668541867,1.5780557641729673
468,917,13.214167594909668,78.1167892001875,23.6478795391316,35,10,1448.9677751803904,0.6178085803985596,37,28,2,0.03331137118685462,1.7778007478538342,0.039439798580955567,1,604.9753023904817,1.4130187605968394
528,918,3.172173500061035,78.15209299085342,23.622277553534197,33,10,1418.6222227388062,0.49665993452072144,41,26,4,0.029473836945967745,0.8237100042656744,0.1389756156392933,1,593.9598668541867,2.004041566232287
469,919,6.326504230499268,78.12460454315936,23.656233871273912,33,10,1419.4403696378577,0.6012548208236694,41,26,3,0.030653976135144863,1.133290429725827,0.04900981863592905,1,594.2568541785423,1.0117782313864776
482,920,4.446458339691162,78.16610670928566,23.674828997655183,34,10,1428.689493343234,0.5425657033920288,40,26,2,0.03201877095158267,0.9432110256928908,0.09327411851843298,1,597.6142860835939,1.6834322797463708
503,921,6.652744293212891,78.15883035548433,23.667552643853817,31,10,1428.689493343234,0.5330511331558228,42,27,3,0.03105862647148713,1.168304766835955,0.10196514725333791,1,597.6142860835939,2.2111139061285576
582,922,8.177046775817871,78.14185219661442,23.651113474154428,36,10,1419.4403696378577,0.6457984447479248,40,24,4,0.028611858506668832,1.324086628163589,0.02608218949275206,1,594.2568541785423,0.5871927892436155
462,923,1.012609839439392,78.12190959730702,23.674020513899478,34,40,1419.4403696378577,0.42029401659965515,39,27,3,0.03130896585772835,0.5214934867423668,0.2345644786885582,1,594.2568541785423,2.2759046152857842
445,924,4.7834649085998535,78.1054704276076,23.632248853187924,38,40,1448.9677751803904,0.3883076608181,36,26,2,0.03242539516672407,0.9713041602146847,0.28093904976703776,1,604.9753023904817,5.352914182334638
524,925,11.331294059753418,78.14778107748964,23.665127192586695,35,10,1419.4403696378577,0.6124432682991028,39,26,3,0.03082736298010855,1.6165056410459444,0.042403057960517285,1,594.2568541785423,1.2556973499461086
558,926,8.183122634887695,78.13268938071644,23.664857698001462,35,10,1419.4403696378577,0.5026945471763611,40,25,4,0.02908600495816616,1.324684947861572,0.1324336946950387,1,594.2568541785423,3.0322804807446953
454,927,1.3726778030395508,78.10951284638617,23.61850462934089,36,10,1448.9677751803904,0.7431963682174683,37,27,3,0.0315032031780126,0.5889990964672076,0.0030639453862488556,1,604.9753023904817,0.03439442139979045
487,928,4.042762756347656,78.15829136631385,23.629553907335563,35,30,1418.6222227388062,0.4618350863456726,39,26,4,0.02964054861738372,0.9078495324031017,0.17972399825956906,1,593.9598668541867,2.872521479373181
476,929,1.3727552890777588,78.15694389338768,23.632248853187924,34,40,1418.6222227388062,0.35487881302833557,40,26,2,0.03201877095158267,0.5890124006534923,0.33280694276468453,1,593.9598668541867,3.728022926240478
476,930,3.8399147987365723,78.16044732299571,23.66027629005245,33,40,1428.689493343234,0.571553111076355,39,28,4,0.03056206052086445,0.8892890398949223,0.06938926133561671,1,597.6142860835939,1.1270386414249398
483,931,1.3727474212646484,78.15802187172858,23.63090138026174,33,40,1418.6222227388062,0.43645885586738586,40,27,4,0.03001808801227943,0.5890110497874065,0.2124631632883562,1,593.9598668541867,2.231244758610186
496,932,3.0352776050567627,78.16610670928566,23.6726730409733,34,20,1428.689493343234,0.38669323921203613,40,26,2,0.03201877095158267,0.8092746278923096,0.28336744030391386,1,597.6142860835939,4.3880493189246454
450,933,2.744009256362915,78.11463324350564,23.63871672323358,35,40,1448.9677751803904,0.5137870907783508,37,28,2,0.03331137118685462,0.7772147941991374,0.1208235202100605,1,604.9753023904817,1.8924425257528954
498,934,1.3727221488952637,78.13538432656878,23.626319972312736,34,40,1448.9677751803904,0.5032471418380737,40,26,4,0.029554558044904502,0.5890067106104195,0.1318425409067282,1,604.9753023904817,1.388474543404615
445,935,1.0125539302825928,78.10735688970425,23.666744160098112,33,40,1419.4403696378577,0.3673163652420044,40,27,2,0.03252094932393465,0.521481966879615,0.31312977500619804,1,594.2568541785423,3.1557389856837688
455,936,6.0531792640686035,78.1205621243808,23.663240730490045,33,40,1419.4403696378577,0.5079300403594971,40,27,3,0.031220019138939386,1.1034255679761158,0.12688644750623781,1,594.2568541785423,2.597560347022305
452,937,2.0238490104675293,78.11463324350564,23.626050477727496,35,40,1448.9677751803904,0.4584050476551056,38,27,2,0.032711939433240175,0.6880142877543126,0.18400421710412584,1,604.9753023904817,2.5053544223449182
472,938,2.2262730598449707,78.1639507526038,23.652730441665845,31,40,1428.689493343234,0.5357495546340942,42,27,3,0.03105862647148713,0.7147806239047203,0.09945802716575369,1,597.6142860835939,1.319519547068632
474,939,2.958315372467041,78.16341176343332,23.63952520698929,33,40,1418.6222227388062,0.5386708974838257,42,25,2,0.03134117165305953,0.8009883487200313,0.09678145593448852,1,593.9598668541867,1.4430809020883266
444,940,1.3727632761001587,78.10520093302239,23.6335963261141,37,40,1448.9677751803904,0.5333681106567383,36,27,2,0.03292556361491613,0.5890137719825016,0.10166891331570643,1,604.9753023904817,1.192846317501732
490,941,10.26901912689209,78.16987963347896,23.63709975572217,33,10,1418.6222227388062,0.616534411907196,42,25,3,0.03008743592011844,1.5216316834517505,0.04013157450351324,1,593.9598668541867,1.0912845862778007
465,942,8.812724113464355,78.12029262979559,23.644915098694007,32,30,1448.9677751803904,0.4076078236103058,41,27,2,0.032434012733165936,1.3858407672477802,0.25255106348943585,1,604.9753023904817,6.867534702717819
484,943,12.940407752990723,78.12891645652314,23.671056073461884,33,10,1419.4403696378577,0.5789761543273926,39,28,3,0.031785772431492,1.7548250242420569,0.06390710316027576,1,594.2568541785423,2.118311969396106
471,944,0.0,78.15748288255816,23.637908239477873,33,40,1418.6222227388062,0.3616899847984314,41,26,3,0.030653976135144863,0.16531147321376102,0.32197746301908775,1,593.9598668541867,0.9691084637016978
470,945,0.0,78.15856086089906,23.638986217818818,35,40,1418.6222227388062,0.4599112868309021,40,25,3,0.030250615265628278,0.16531147321376102,0.18211892965085005,1,593.9598668541867,0.5409403763300002
539,946,1.3729010820388794,78.1375402832507,23.65785083878533,34,10,1419.4403696378577,0.4338037371635437,39,27,4,0.03010361039524557,0.5890374317721544,0.2160286913677642,1,594.2568541785423,2.276392326706386
447,947,0.0,78.10951284638617,23.669169611365234,35,40,1419.4403696378577,0.6350388526916504,38,27,2,0.032711939433240175,0.16531147321376102,0.030806321049968284,1,594.2568541785423,0.09899729461003537
579,948,9.216839790344238,78.11759768394325,23.613653726806646,33,10,1448.9677751803904,0.5737851858139038,41,26,4,0.029473836945967745,1.4242672300352575,0.06771351674985115,1,604.9753023904817,1.7196543939208095
480,949,1.0122510194778442,78.15101501251246,23.627397950653673,33,40,1418.6222227388062,0.289194256067276,40,27,4,0.03001808801227943,0.5214195466641346,0.44321146734707567,1,593.9598668541867,4.120390944530421
521,950,18.618595123291016,78.16583721470045,23.618235134755658,35,10,1418.6222227388062,0.6253461837768555,41,24,5,0.02747506031492218,2.2077706697961705,0.035498622527285514,1,593.9598668541867,1.278972528957675
442,951,2.7802884578704834,78.10493143843712,23.665666181757167,34,40,1419.4403696378577,0.6054682731628418,40,26,2,0.03201877095158267,0.781315268995993,0.0464536236999005,1,594.2568541785423,0.6905971253743796
505,952,2.7437942028045654,78.12756898359697,23.619852102267075,35,30,1448.9677751803904,0.3927778899669647,38,27,4,0.03019437923470044,0.7771903915744394,0.27425753418046006,1,604.9753023904817,3.893585720231679
502,953,13.102157592773438,78.12568252150032,23.646532066205424,33,10,1448.9677751803904,0.6152321696281433,40,27,4,0.03001808801227943,1.7684180295789915,0.040846270879974035,1,604.9753023904817,1.3117709805791733
552,954,2.958242893218994,78.15775237714337,23.61203675929523,32,30,1418.6222227388062,0.3661305606365204,41,27,4,0.029937842192663638,0.8009804849518986,0.31498700568303556,1,593.9598668541867,4.4863398486743415
545,955,15.305116653442383,78.1281079727674,23.665396687171935,32,10,1419.4403696378577,0.6478766798973083,40,28,2,0.03301824496905152,1.9488843969782086,0.025227305892185886,1,594.2568541785423,0.9646841361194163
531,956,8.821714401245117,78.13134190779027,23.667283149268584,37,10,1419.4403696378577,0.611068606376648,37,26,4,0.029828233195941613,1.3867023955664957,0.04318357342392736,1,594.2568541785423,1.0614598519804044
551,957,26.712560653686523,78.16179479592188,23.62497249938655,31,10,1418.6222227388062,0.585250973701477,45,24,4,0.028258168087088045,2.797927758284625,0.059475348788614525,1,593.9598668541867,2.7930235647679202
583,958,3.1728124618530273,78.14023522910304,23.651113474154428,36,10,1419.4403696378577,0.5751617550849915,40,24,4,0.028611858506668832,0.8237765031120337,0.06669174514640497,1,594.2568541785423,0.93411802069797
473,959,2.958292007446289,78.17203559016087,23.630631885676507,34,40,1418.6222227388062,0.44533661007881165,40,26,2,0.03201877095158267,0.8009858137020512,0.20073080798072793,1,593.9598668541867,3.0577404305795146
481,960,4.783964157104492,78.1167892001875,23.666474665512872,34,10,1419.4403696378577,0.48142579197883606,40,26,3,0.03073792932539105,0.9713448978681907,0.15618272549375212,1,594.2568541785423,2.7711195860527105
528,961,16.431339263916016,78.17095761181992,23.642489647426885,35,10,1418.6222227388062,0.4962324798107147,42,23,4,0.02797368554671094,2.0383023032908874,0.13944496839365775,1,593.9598668541867,4.722568144396345
478,962,3.172621965408325,78.14832006666012,23.642489647426885,32,40,1448.9677751803904,0.4074946939945221,41,27,5,0.028830344978897478,0.8237566783570062,0.2527139158044527,1,604.9753023904817,3.6309108864553026
586,963,1.3727980852127075,78.1281079727674,23.639794701574523,33,20,1448.9677751803904,0.42234060168266296,42,25,4,0.028929107810425757,0.5890197484650617,0.23171483265910187,1,604.9753023904817,2.3886712156320713
517,964,3.8399322032928467,78.15074551792725,23.668900116779994,32,30,1428.689493343234,0.27452898025512695,42,26,2,0.03184961282574046,0.8892906570249323,0.46915145732160113,1,597.6142860835939,7.941123083262343
452,965,2.744072437286377,78.11705869477277,23.644106614938302,35,40,1448.9677751803904,0.4078500270843506,38,27,2,0.032711939433240175,0.777221963267914,0.25220255070934794,1,604.9753023904817,3.8791670129443556
468,966,2.024282455444336,78.16179479592188,23.654077914592023,32,40,1428.689493343234,0.48950210213661194,42,26,4,0.029398418583570066,0.6880732734644625,0.14693810277924393,1,597.6142860835939,1.7762907620466346
470,967,2.9583277702331543,78.15990833382523,23.644106614938302,31,40,1418.6222227388062,0.5433115363121033,42,27,3,0.03105862647148713,0.8009896938267691,0.09261047579475147,1,593.9598668541867,1.3684419857484846
555,968,4.218757629394531,78.15694389338768,23.613923221391886,33,10,1418.6222227388062,0.4482758641242981,42,25,4,0.028929107810425757,0.9235110823488434,0.1969116725450639,1,593.9598668541867,3.12468119458834
553,969,10.952398300170898,78.14724208831916,23.66243224673434,35,10,1419.4403696378577,0.590057909488678,39,26,4,0.02964054861738372,1.5830245579144167,0.05620565713526405,1,594.2568541785423,1.5672133388921494
465,970,2.2257425785064697,78.11139930848282,23.615001199732824,35,10,1448.9677751803904,0.7211955785751343,41,24,3,0.029672862802105557,0.7147124226165534,0.005664779065949594,1,604.9753023904817,0.07267941133131624
441,971,1.3728502988815308,78.10708739511904,23.648957517472546,34,40,1448.9677751803904,0.5885112881660461,38,28,2,0.03320799597677619,0.5890287130186808,0.057245820475441196,1,604.9753023904817,0.6774239750655919
468,972,1.3728550672531128,78.16853216055279,23.64976600122825,34,40,1418.6222227388062,0.4626498818397522,40,26,2,0.03201877095158267,0.5890295316891979,0.17871407383985452,1,593.9598668541867,2.0019700803923333
581,973,3.0347626209259033,78.1423911857849,23.650574484983963,36,10,1419.4403696378577,0.5081080794334412,38,26,4,0.029731781074822338,0.8092195995879788,0.12669991925958632,1,594.2568541785423,1.81149799214727
576,974,11.329617500305176,78.1281079727674,23.643837120353062,33,10,1448.9677751803904,0.683995246887207,41,26,4,0.029473836945967745,1.6163583208121668,0.013180474801816073,1,604.9753023904817,0.3798770181544173
448,975,1.012242317199707,78.1119382976533,23.626319972312736,35,40,1448.9677751803904,0.510425865650177,39,26,2,0.03211193128373936,0.5214177532378566,0.12428435649859255,1,604.9753023904817,1.25894382813873
447,976,0.9274099469184875,78.11005183555665,23.628745423579858,36,40,1448.9677751803904,0.3636721670627594,37,27,2,0.03281593356923771,0.5034748895187708,0.3188501684577662,1,604.9753023904817,3.1870353104158737
587,977,3.03452467918396,78.1281079727674,23.640333690744995,33,20,1448.9677751803904,0.3793943226337433,42,25,4,0.028929107810425757,0.8091941725950649,0.294446416423761,1,604.9753023904817,4.169958231811396
541,978,23.102075576782227,78.16448974177428,23.63117087484698,36,10,1418.6222227388062,0.6256058216094971,38,26,4,0.029731781074822338,2.5436312674222425,0.03536744888162688,1,593.9598668541867,1.5886781295147776
498,979,7.287648677825928,78.12460454315936,23.664588203416223,35,10,1419.4403696378577,0.5955577492713928,38,27,3,0.03140336910232677,1.2346501660975129,0.05259775886420481,1,594.2568541785423,1.2118855362063432
538,980,2.2263901233673096,78.14346916412586,23.661084773808156,35,30,1419.4403696378577,0.3245072066783905,37,28,4,0.030747677816427583,0.7147956728584881,0.38258616315809485,1,594.2568541785423,4.996865907066496
517,981,0.0,78.16987963347896,23.61877412392613,33,30,1418.6222227388062,0.37172946333885193,41,26,5,0.02838350478085745,0.16531147321376102,0.3062535206639276,1,593.9598668541867,0.8535072378839375
447,982,6.769298076629639,78.11625021101702,23.65973730088198,36,30,1419.4403696378577,0.47279322147369385,39,25,2,0.03160470415796017,1.1806563063552424,0.16636386513336604,1,594.2568541785423,3.6889980185456017
509,983,1.3726778030395508,78.12972494027883,23.61850462934089,34,30,1448.9677751803904,0.33116579055786133,39,27,4,0.03010361039524557,0.5889990964672076,0.37147353043784576,1,604.9753023904817,3.984728461453398
454,984,2.958390951156616,78.11463324350564,23.66809163302429,38,50,1419.4403696378577,0.2782035768032074,37,25,2,0.031808802988916564,0.8009965486454804,0.462613021129258,1,594.2568541785423,7.004385226103712
504,985,5.047345161437988,78.12864696193787,23.669439105950467,34,10,1419.4403696378577,0.5580537915229797,39,27,4,0.03010361039524557,0.9924972918009984,0.08002328494499163,1,594.2568541785423,1.4208181286933692
512,986,2.024432897567749,78.13942674534735,23.663779719660518,34,10,1419.4403696378577,0.6469780206680298,40,26,4,0.029554558044904502,0.6880937447367715,0.025594708993931188,1,594.2568541785423,0.30931179041177054
470,987,1.372779130935669,78.15802187172858,23.636291271966456,35,40,1418.6222227388062,0.4080066978931427,40,25,2,0.03151115064001727,0.5890164941587617,0.25197721762360037,1,593.9598668541867,2.7778583462826787
498,988,11.476581573486328,78.14751158290443,23.673212030143773,32,10,1419.4403696378577,0.5782046318054199,42,26,2,0.03184961282574046,1.629244906531702,0.06446481182980328,1,594.2568541785423,1.9878675673808262
472,989,3.704791784286499,78.12379605940367,23.652730441665845,33,10,1419.4403696378577,0.5952560305595398,40,27,4,0.03001808801227943,0.8766006888617621,0.05279200988040032,1,594.2568541785423,0.8255192985875622
540,990,8.044875144958496,78.1555964204615,23.616348672659008,34,10,1418.6222227388062,0.4385857880115509,41,25,4,0.02900491116713541,1.3110306069937503,0.2096256240500284,1,593.9598668541867,4.734627760414734
451,991,1.372825026512146,78.1159807164318,23.644376109523535,35,40,1448.9677751803904,0.5339387655258179,38,27,2,0.032711939433240175,0.5890243740364994,0.10113676187986209,1,604.9753023904817,1.178925196626962
460,992,4.901474952697754,78.11867566228415,23.636021777381224,34,10,1448.9677751803904,0.6424527764320374,39,27,2,0.03261360242966765,0.9808648116394366,0.027497320781713578,1,604.9753023904817,0.5321523112550498
453,993,1.0122337341308594,78.11355526516468,23.62524199397179,33,40,1448.9677751803904,0.4571288526058197,39,28,2,0.03311027741098904,0.5214159843700075,0.18560853306414993,1,604.9753023904817,1.9385756071200786
583,994,3.704791784286499,78.131072413205,23.642220152841645,34,30,1448.9677751803904,0.3355792760848999,41,25,5,0.027931926077013947,0.8766006888617621,0.3641676624658308,1,604.9753023904817,5.394382221921449
542,995,4.042344093322754,78.15586591504672,23.615809683488536,34,20,1418.6222227388062,0.45536288619041443,41,25,4,0.02900491116713541,0.9078117998706927,0.18783903662161786,1,593.9598668541867,2.9377194360554895
489,996,6.849427700042725,78.17203559016087,23.62281654270467,36,40,1418.6222227388062,0.537009060382843,37,27,4,0.030290369825136165,1.1891015486763323,0.09829924228785279,1,593.9598668541867,2.102958933938779
482,997,2.023836135864258,78.16637620387093,23.62524199397179,31,40,1418.6222227388062,0.42232218384742737,44,25,4,0.028793525498230874,0.6880125355879934,0.23174041197058756,1,593.9598668541867,2.7267798151602904
475,998,3.03499436378479,78.15963883924002,23.660545784637684,33,40,1428.689493343234,0.5116122961044312,40,27,3,0.031220019138939386,0.8092443630130288,0.12305705188966687,1,597.6142860835939,1.857976963735262
476,999,0.9274099469184875,78.14805057207485,23.63683026113693,34,40,1448.9677751803904,0.4153846204280853,42,24,4,0.028454407241744598,0.5034748895187708,0.24145970783009202,1,604.9753023904817,2.0927130100383726
497,1000,0.9274099469184875,78.15074551792725,23.675906975996128,34,20,1428.689493343234,0.33576321601867676,40,26,2,0.03201877095158267,0.5034748895187708,0.36386423121056916,1,597.6142860835939,3.5054421866372736
