elevation,point_id,slope,longitude,latitude,clay,land_cover,annual_rainfall,NDVI,sand,silt,soc,K,LS,C,P,R,soil_loss
492,1,1.3261408805847168,34.001603575418756,11.990082770998924,52,40,567.7886070983067,0.1867227852344513,24,24,2,0.03317640299912301,0.5809260257328417,0.6317976735037207,1,285.1072643766853,3.4716540136473215
493,2,2.989274740219116,33.99163227576503,11.996820135629818,51,40,571.5228589810663,0.1678224503993988,27,22,2,0.03161023852148754,0.8043369050015466,0.6680894012382285,1,286.4627978101271,4.865960507946692
495,3,4.664666652679443,33.998369640395936,11.99762861938553,51,40,571.5228589810663,0.18902042508125305,27,22,2,0.03161023852148754,0.9615383178357356,0.6274110596766617,1,286.4627978101271,5.462793297750062
494,4,3.898650884628296,33.99109328659458,12.005443962357369,52,40,574.7521337093785,0.19175438582897186,25,23,2,0.032479115784809096,0.8947219212977529,0.6221989806792986,1,287.6350245365044,5.2007183948253655
493,5,3.704791784286499,34.00995790756107,12.003018511090247,54,40,573.4385468093678,0.20899149775505066,21,25,2,0.03425633029860485,0.8766006888617621,0.5895369804728525,1,287.1581924918005,5.083641410727387
493,6,2.1101889610290527,33.99271025410599,12.01002537030638,51,40,574.7521337093785,0.22353161871433258,25,24,2,0.032997461673208585,0.6996181249704077,0.5622746222148505,1,287.6350245365044,3.7336347975405633
493,7,2.082364082336426,33.998369640395936,11.999784576067412,53,40,571.5228589810663,0.2182086557149887,25,22,2,0.03195109714335125,0.695910068809101,0.5722225148045459,1,286.4627978101271,3.6447862725606193
494,8,2.1100785732269287,33.994596716202636,11.992508222266046,49,40,571.5228589810663,0.16445468366146088,27,24,2,0.032656992353623446,0.6996034721788361,0.674592581074026,1,286.4627978101271,4.415073426998719
487,9,2.6509602069854736,34.00834094004966,12.009486381135908,54,40,573.4385468093678,0.2739313542842865,22,24,2,0.03355190016492938,0.7665478139239013,0.47021723742307736,1,287.1581924918005,3.4727708461386855
491,10,1.326184868812561,33.994596716202636,12.007599919039258,54,40,574.7521337093785,0.24845056235790253,23,23,2,0.03284330382698634,0.5809337361598225,0.5162475332366567,1,287.6350245365044,2.8331736428358454
490,11,0.9274099469184875,34.002681553759714,11.994394684362696,51,40,567.7886070983067,0.15649868547916412,25,24,2,0.032997461673208585,0.5034748895187708,0.6899961815522456,1,285.1072643766853,3.2682353172631147
490,12,1.326141595840454,34.002412059174475,11.990352265584157,52,40,567.7886070983067,0.21228592097759247,24,24,2,0.03317640299912301,0.5809261511068636,0.5833357698729211,1,285.1072643766853,3.2053622366372374
495,13,2.6509127616882324,33.99271025410599,12.000054070652652,52,40,571.5228589810663,0.11915931105613708,27,21,2,0.03107195524352403,0.7665423183696037,0.7629535374044341,1,286.4627978101271,5.205602936854912
488,14,2.937035322189331,34.004029026685885,12.007599919039258,54,40,573.4385468093678,0.17466817796230316,23,23,2,0.03284330382698634,0.7986745816160865,0.6549032492830712,1,287.1581924918005,4.933044770923283
493,15,0.9481221437454224,34.005645994197295,11.99924558689694,54,40,567.7886070983067,0.17229583859443665,24,22,2,0.03213028729808667,0.5079436280691613,0.6594677081231519,1,285.1072643766853,3.068541089208478
490,16,2.7802884578704834,33.997022167469765,12.003826994845952,54,30,574.7521337093785,0.22330203652381897,23,23,2,0.03284330382698634,0.781315268995993,0.5627028807923297,1,287.6350245365044,4.153307209237638
492,17,4.72267484664917,34.009418918390594,11.996820135629818,52,40,567.7886070983067,0.19649939239025116,23,25,2,0.033869898467623644,0.9663249748156376,0.6131729407762703,1,285.1072643766853,5.721743213043547
494,18,2.1101205348968506,33.99594418912881,11.99924558689694,52,40,571.5228589810663,0.1588687002658844,26,22,2,0.031777761538691766,0.699609042192473,0.6854017872870902,1,286.4627978101271,4.365079698339377
492,19,2.937021493911743,34.007532456293944,11.995203168118408,54,40,567.7886070983067,0.25463196635246277,22,24,2,0.03355190016492938,0.7986730748340228,0.5049791056220265,1,285.1072643766853,3.8580500401955002
490,20,1.3261744976043701,33.999986607907346,12.00328800567548,54,40,574.7521337093785,0.23355305194854736,22,24,2,0.03355190016492938,0.5809319182680789,0.543653332728221,1,287.6350245365044,3.0479383756455807
492,21,1.8956687450408936,34.001064586248305,11.991160749339869,50,40,567.7886070983067,0.2259606420993805,25,25,2,0.0335069514991671,0.6702276286436826,0.5577480513219035,1,285.1072643766853,3.571112964279299
491,22,1.3261897563934326,34.005376499612055,12.009486381135908,55,40,573.4385468093678,0.23075582087039948,23,22,2,0.03231537737679208,0.5809345928644728,0.5488365113629053,1,287.1581924918005,2.9586982593766233
490,23,2.1101644039154053,34.004568015856364,12.005982951527841,54,40,573.4385468093678,0.21387068927288055,23,23,2,0.03284330382698634,0.6996148653177467,0.580357659350083,1,287.1581924918005,3.8293300351781894
496,24,2.082348585128784,33.99405772703216,11.990082770998924,51,40,571.5228589810663,0.2529244124889374,25,24,2,0.032997461673208585,0.6959079953600374,0.5080856312512612,1,286.4627978101271,3.342238992935599
495,25,2.65090012550354,33.99082379200934,11.99762861938553,51,40,571.5228589810663,0.18861712515354156,27,22,2,0.03161023852148754,0.7665408547196194,0.628180616625774,1,286.4627978101271,4.360294672939796
493,26,2.9892497062683105,34.009149423805354,11.994394684362696,51,40,567.7886070983067,0.20209738612174988,25,24,2,0.032997461673208585,0.8043342057024138,0.6025578747795258,1,285.1072643766853,4.559572450532603
493,27,2.0823769569396973,33.994596716202636,12.00786941362449,54,40,574.7521337093785,0.25288867950439453,23,23,2,0.03284330382698634,0.6959117913597686,0.508150691263752,1,287.6350245365044,3.3406834191105195
493,28,0.9274099469184875,33.99109328659458,11.99574215728888,52,40,571.5228589810663,0.25947174429893494,27,21,2,0.03107195524352403,0.5034748895187708,0.49620073314583557,1,286.4627978101271,2.223678662649898
492,29,5.626984596252441,34.002142564589235,11.991699738510341,52,40,567.7886070983067,0.23495396971702576,24,24,2,0.03317640299912301,1.0558105635618145,0.54106179313469,1,285.1072643766853,5.4034414658744785
492,30,0.9480899572372437,34.001334080833516,11.990082770998924,51,40,567.7886070983067,0.21578297019004822,25,24,2,0.032997461673208585,0.5079367293448944,0.5767684339939187,1,285.1072643766853,2.756131394844946
492,31,2.110076904296875,34.007532456293944,11.992238727680814,51,40,567.7886070983067,0.21557535231113434,26,23,2,0.03230579977848892,0.6996032506428336,0.5771578872262939,1,285.1072643766853,3.719077545563344
492,32,2.1101715564727783,33.998908629566415,12.007330424454018,53,40,574.7521337093785,0.22375929355621338,24,23,2,0.03265826952273852,0.6996158147334838,0.5618499935659023,1,287.6350245365044,3.692452650987371
491,33,3.3634257316589355,33.999717113322106,12.003557500260719,54,40,574.7521337093785,0.19414035975933075,22,24,2,0.03355190016492938,0.8432694871535958,0.6176571360006362,1,287.6350245365044,5.026581610924398
497,34,3.392008066177368,33.99244075952075,11.99574215728888,50,40,571.5228589810663,0.22978457808494568,28,22,2,0.03144848961887159,0.8461352947177555,0.5506388504016605,1,286.4627978101271,4.197345146087292
492,35,2.9370315074920654,34.006454477953014,12.004096489431191,54,40,573.4385468093678,0.23356200754642487,22,24,2,0.03355190016492938,0.7986741659524911,0.5436367566842424,1,287.1581924918005,4.183278529724145
492,36,3.8235349655151367,34.002951048344954,11.99951508148218,53,40,567.7886070983067,0.28650519251823425,23,24,2,0.03336120131650131,0.8877651904544205,0.4479365028128982,1,285.1072643766853,3.7823745366892068
489,37,0.9481456279754639,34.0086104346349,12.005713456942601,54,40,573.4385468093678,0.20331105589866638,22,24,2,0.03355190016492938,0.5079486614941926,0.6002613998418138,1,287.1581924918005,2.93763997118618
493,38,1.326181411743164,33.994596716202636,12.005982951527841,54,40,574.7521337093785,0.18079176545143127,23,23,2,0.03284330382698634,0.5809331301968543,0.6431471644079689,1,287.6350245365044,3.5295969020661215
494,39,1.32615065574646,33.9943272216174,11.993855695192224,51,40,571.5228589810663,0.23994040489196777,27,22,2,0.03161023852148754,0.580927739174302,0.5318612620367693,1,286.4627978101271,2.797798779347645
491,40,0.9481036067008972,34.008071445464424,11.993855695192224,51,40,567.7886070983067,0.13854746520519257,25,24,2,0.032997461673208585,0.5079396549321475,0.7249445386634052,1,285.1072643766853,3.4642220221992672
492,41,2.0823543071746826,33.99217126493551,11.993586200606991,51,40,571.5228589810663,0.22802482545375824,27,22,2,0.03161023852148754,0.6959087609423045,0.5539078803947732,1,286.4627978101271,3.490485594454048
491,42,1.8956706523895264,33.999447618736866,11.991430243925102,50,40,571.5228589810663,0.24891795217990875,25,25,2,0.0335069514991671,0.6702278985834087,0.515393326974998,1,286.4627978101271,3.3156176216534825
493,43,2.989227533340454,33.99729166205498,11.992238727680814,51,40,571.5228589810663,0.26744940876960754,26,23,2,0.03230579977848892,0.8043318148833658,0.4818189479778259,1,286.4627978101271,3.5864753372814726
494,44,3.704791784286499,33.9905542974241,11.994125189777463,52,40,571.5228589810663,0.2591831088066101,27,21,2,0.03107195524352403,0.8766006888617621,0.49672314513839666,1,286.4627978101271,3.87572555223924
491,45,2.650934934616089,34.004568015856364,12.004365984016424,56,40,573.4385468093678,0.20577944815158844,22,22,2,0.03250641609418257,0.766544886651026,0.5955962933493234,1,287.1581924918005,4.261670599788851
493,46,0.9274099469184875,33.994596716202636,11.99547266270364,51,40,571.5228589810663,0.15538711845874786,27,22,2,0.03161023852148754,0.5034748895187708,0.6921526675997536,1,286.4627978101271,3.1555547117270373
493,47,0.0,34.005645994197295,11.994933673533168,53,30,567.7886070983067,0.15652714669704437,24,23,2,0.03265826952273852,0.16531147321376102,0.6899409794119495,1,285.1072643766853,1.0619801250246799
493,48,1.326177954673767,34.009418918390594,12.004635478601664,54,40,573.4385468093678,0.11880339682102203,22,24,2,0.03355190016492938,0.5809325242329398,0.7636535444615061,1,287.1581924918005,4.274254675300686
490,49,2.1101574897766113,34.005376499612055,12.004904973186896,56,40,573.4385468093678,0.20907361805438995,22,22,2,0.03250641609418257,0.6996139475473722,0.5893822352131549,1,287.1581924918005,3.8489813052247785
492,50,2.989333152770996,33.99567469454357,12.002749016505007,51,40,574.7521337093785,0.12641702592372894,25,24,2,0.032997461673208585,0.8043432033138276,0.7486962572214293,1,287.6350245365044,5.715699124110699
491,51,0.9274099469184875,34.005107005026815,12.006791435283546,54,40,573.4385468093678,0.19619308412075043,23,23,2,0.03284330382698634,0.5034748895187708,0.613754829227036,1,287.1581924918005,2.914343820811571
492,52,2.1101346015930176,33.999986607907346,12.00140154357883,54,40,574.7521337093785,0.18791837990283966,23,23,2,0.03284330382698634,0.6996109093981338,0.6295143484382542,1,287.6350245365044,4.160550637394307
490,53,0.9481114149093628,34.001873070003995,11.996011651874113,51,40,567.7886070983067,0.23316644132137299,26,23,2,0.03230579977848892,0.5079413285100075,0.544369028310487,1,285.1072643766853,2.5468052642160117
493,54,0.948121190071106,34.006454477953014,11.998976092311707,53,40,567.7886070983067,0.1654660701751709,23,24,2,0.03336120131650131,0.5079434236645349,0.6726384893915418,1,285.1072643766853,3.2497280612187933
491,55,2.842400550842285,34.003759532100645,12.009486381135908,55,40,573.4385468093678,0.17080356180667877,23,22,2,0.03231537737679208,0.7882621029190363,0.6623416962531259,1,287.1581924918005,4.844881804817176
495,56,0.0,33.99729166205498,11.998167608556003,51,40,571.5228589810663,0.19417765736579895,27,22,2,0.03161023852148754,0.16531147321376102,0.617586188881176,1,286.4627978101271,0.9244779852025463
492,57,4.6273674964904785,33.9943272216174,11.99735912480029,52,40,571.5228589810663,0.1783403605222702,26,22,2,0.031777761538691766,0.9584419515340706,0.6478488303201311,1,286.4627978101271,5.6523757535404355
495,58,3.8985071182250977,33.99163227576503,11.994933673533168,52,40,571.5228589810663,0.2523154616355896,27,21,2,0.03107195524352403,0.8947086828448862,0.509194652210154,1,286.4627978101271,4.055106809635479
491,59,0.0,34.00699346712349,12.000862554408357,54,40,573.4385468093678,0.12835389375686646,24,22,2,0.03213028729808667,0.16531147321376102,0.7448971017335068,1,287.1581924918005,1.136148503142137
490,60,0.9274099469184875,33.998908629566415,11.998706597726475,51,40,571.5228589810663,0.17272727191448212,27,22,2,0.03161023852148754,0.5034748895187708,0.6586372078892251,1,286.4627978101271,3.0027562443426525
491,61,2.9893970489501953,33.998639134981175,12.009216886550668,54,40,574.7521337093785,0.21438191831111908,23,23,2,0.03284330382698634,0.8043500928122895,0.5793976480968166,1,287.6350245365044,4.40261237449313
495,62,2.6509461402893066,34.003759532100645,12.006791435283546,54,40,573.4385468093678,0.15235857665538788,23,23,2,0.03284330382698634,0.766546184594827,0.6980334356759063,1,287.1581924918005,5.046410798784776
493,63,5.969272136688232,34.003220542930165,11.999784576067412,53,40,567.7886070983067,0.17770102620124817,23,24,2,0.03336120131650131,1.0941551787364825,0.6490760463154382,1,285.1072643766853,6.754986202976907
490,64,1.3261842727661133,34.002142564589235,12.007330424454018,53,40,573.4385468093678,0.2604828476905823,24,23,2,0.03265826952273852,0.5809336316835161,0.49437182673858865,1,287.1581924918005,2.6933612819106405
496,65,1.3261430263519287,33.99594418912881,11.99089125475463,51,40,571.5228589810663,0.2761402726173401,26,23,2,0.03230579977848892,0.5809264018547861,0.46628126459268054,1,286.4627978101271,2.5067891522582064
494,66,3.3919689655303955,33.9905542974241,11.991430243925102,52,40,571.5228589810663,0.2391882985830307,26,22,2,0.031777761538691766,0.8461313841160281,0.5332465744869129,1,286.4627978101271,4.1073093061304995
493,67,2.08235502243042,34.002142564589235,11.994125189777463,51,40,567.7886070983067,0.15143054723739624,25,24,2,0.032997461673208585,0.6959088566399995,0.6998369884415072,1,285.1072643766853,4.581820513545672
493,68,4.159219264984131,34.002142564589235,11.992777716851286,51,40,567.7886070983067,0.21976470947265625,25,24,2,0.032997461673208585,0.9182568716657298,0.5693104859223502,1,285.1072643766853,4.918154709627832
493,69,2.110089063644409,33.998369640395936,11.994125189777463,50,40,571.5228589810663,0.25005918741226196,27,23,2,0.032138282057245254,0.6996048646884534,0.5133090762548931,1,286.4627978101271,3.306150743968426
488,70,6.671658992767334,34.009688412975834,12.000323565237885,54,40,573.4385468093678,0.1811322420835495,23,23,2,0.03284330382698634,1.1703147125060516,0.6424946363705718,1,287.1581924918005,7.091534501455095
488,71,6.532860279083252,34.001603575418756,12.009486381135908,53,40,573.4385468093678,0.27362698316574097,24,23,2,0.03265826952273852,1.1555150001218233,0.47076029422814974,1,287.1581924918005,5.101404877585925
492,72,2.7802884578704834,34.003490037515405,11.994125189777463,52,40,567.7886070983067,0.20507054030895233,24,24,2,0.03317640299912301,0.781315268995993,0.596935321744999,1,285.1072643766853,4.411549637865261
491,73,2.0823729038238525,34.005376499612055,12.005174467772129,56,40,573.4385468093678,0.2269400805234909,22,22,2,0.03250641609418257,0.6959112490759859,0.5559251702901944,1,287.1581924918005,3.6112744538100463
496,74,2.989391565322876,33.98974581366838,12.008677897380196,51,40,574.7521337093785,0.18858757615089417,27,22,2,0.03161023852148754,0.8043495015528026,0.628237007568644,1,287.6350245365044,4.594495743686344
493,75,3.8986659049987793,33.996483178299286,12.006791435283546,54,40,574.7521337093785,0.2078426629304886,23,23,2,0.03284330382698634,0.8947233044030032,0.5917027015970773,1,287.6350245365044,5.001276979616255
494,76,3.787297487258911,34.003220542930165,11.998437103141235,53,40,567.7886070983067,0.1299581527709961,23,24,2,0.03336120131650131,0.8843801348473201,0.7417522364522166,1,285.1072643766853,6.23947152662112
495,77,1.3261598348617554,33.99324924327644,11.99762861938553,52,40,571.5228589810663,0.1961664855480194,26,22,2,0.031777761538691766,0.5809293481307353,0.6138053631811463,1,286.4627978101271,3.245977664158024
492,78,3.3921279907226562,34.000525597077825,12.009486381135908,52,40,573.4385468093678,0.2143496721982956,23,25,2,0.033869898467623644,0.8461472886522826,0.5794581913865808,1,287.1581924918005,4.768734892909997
493,79,2.6509153842926025,34.00995790756107,12.000593059823125,54,40,573.4385468093678,0.22941547632217407,23,23,2,0.03284330382698634,0.766542622145494,0.5513241501678028,1,287.1581924918005,3.9857621036449156
498,80,0.9274099469184875,33.99756115664022,11.996011651874113,51,40,571.5228589810663,0.20731708407402039,26,23,2,0.03230579977848892,0.5034748895187708,0.5926940448213716,1,286.4627978101271,2.7615766711121736
497,81,4.722673416137695,33.992979748691226,11.994394684362696,51,40,571.5228589810663,0.24760733544826508,27,22,2,0.03161023852148754,0.9663248572026161,0.5177895110550366,1,286.4627978101271,4.530774024810732
492,82,2.650914192199707,33.998908629566415,12.000323565237885,54,40,574.7521337093785,0.20833472907543182,23,23,2,0.03284330382698634,0.766542484065566,0.5907748825779369,1,287.6350245365044,4.27805986902671
492,83,4.819681644439697,33.992979748691226,12.008947391965435,51,40,574.7521337093785,0.2325602024793625,25,24,2,0.032997461673208585,0.9742529017033715,0.5454917424647946,1,287.6350245365044,5.044082597336914
490,84,3.392122983932495,34.006454477953014,12.008947391965435,55,40,573.4385468093678,0.2492770254611969,22,23,2,0.033034264846776525,0.846146787916519,0.5147373203110632,1,287.1581924918005,4.131590068685766
494,85,1.3261618614196777,33.99594418912881,11.998437103141235,51,40,571.5228589810663,0.2793576717376709,27,22,2,0.03161023852148754,0.5809297033539838,0.46056473012197435,1,286.4627978101271,2.4227592579265527
491,86,1.3261737823486328,34.002142564589235,12.003018511090247,54,40,573.4385468093678,0.19379223883152008,23,23,2,0.03284330382698634,0.5809317928959207,0.6183194042554787,1,287.1581924918005,3.387708780083105
487,87,1.8956882953643799,34.001334080833516,11.993855695192224,51,40,567.7886070983067,0.16059167683124542,25,24,2,0.032997461673208585,0.6702303955181736,0.6820647722929267,1,285.1072643766853,4.300694119511948
491,88,3.704791784286499,34.00995790756107,12.002749016505007,54,40,573.4385468093678,0.25174281001091003,21,25,2,0.03425633029860485,0.8766006888617621,0.5102381214199286,1,287.1581924918005,4.399838736666906
493,89,2.8422601222991943,33.9943272216174,11.996011651874113,50,40,571.5228589810663,0.17232435941696167,28,22,2,0.03144848961887159,0.78824649949417,0.6594128005582451,1,286.4627978101271,4.6826041514846555
492,90,1.8956668376922607,34.008071445464424,11.99089125475463,51,40,567.7886070983067,0.18496085703372955,25,24,2,0.032997461673208585,0.6702273587037938,0.6351653786628731,1,285.1072643766853,4.004956336672848
489,91,2.937021255493164,34.007262961708705,11.994933673533168,54,40,567.7886070983067,0.16129453480243683,22,24,2,0.03355190016492938,0.7986730488549847,0.6807042460044965,1,285.1072643766853,5.200593309697245
499,92,4.214473247528076,33.99244075952075,11.994394684362696,51,40,571.5228589810663,0.23946867883205414,27,22,2,0.03161023852148754,0.9231344592191937,0.5327300382768481,1,286.4627978101271,4.45315847205277
491,93,2.6509029865264893,34.001334080833516,11.998167608556003,53,40,567.7886070983067,0.12414725869894028,23,24,2,0.03336120131650131,0.7665411861124332,0.7531514930780874,1,285.1072643766853,5.491206801197877
495,94,3.8235292434692383,33.996213683714046,11.992777716851286,49,40,571.5228589810663,0.2595479190349579,27,24,2,0.032656992353623446,0.887764657445221,0.4960628854753929,1,286.4627978101271,4.119827198171187
495,95,2.6509602069854736,33.99271025410599,12.009486381135908,51,40,574.7521337093785,0.21625477075576782,25,24,2,0.032997461673208585,0.7665478139239013,0.5758836333577222,1,287.6350245365044,4.189828883734913
491,96,4.722681522369385,34.004029026685885,12.006252446113074,54,40,573.4385468093678,0.1597520262002945,23,23,2,0.03284330382698634,0.9663255236761278,0.683690660215884,1,287.1581924918005,6.230905243898695
490,97,0.9274099469184875,34.007262961708705,11.996550641044585,54,40,567.7886070983067,0.20389749109745026,22,24,2,0.03355190016492938,0.5034748895187708,0.5991524008167833,1,285.1072643766853,2.88562919369798
490,98,0.9274099469184875,34.005376499612055,12.002210027334534,53,40,573.4385468093678,0.18302644789218903,23,24,2,0.03336120131650131,0.5034748895187708,0.6388665651455027,1,287.1581924918005,3.081419789015113
493,99,2.9370322227478027,33.998100145810696,12.004635478601664,54,40,574.7521337093785,0.25735050439834595,23,23,2,0.03284330382698634,0.7986742438894396,0.5000433569376812,1,287.6350245365044,3.772818795799143
498,100,0.9274099469184875,33.99244075952075,11.99924558689694,52,40,571.5228589810663,0.17414094507694244,27,21,2,0.03107195524352403,0.5034748895187708,0.655917186542543,1,286.4627978101271,2.9394334888081106
492,101,0.9481143355369568,33.999447618736866,11.996820135629818,53,40,571.5228589810663,0.1686672568321228,24,23,2,0.03265826952273852,0.5079419545026559,0.6664597274479339,1,286.4627978101271,3.1670097109736837
493,102,2.937018871307373,33.99271025410599,11.993047211436519,51,40,571.5228589810663,0.20021045207977295,27,22,2,0.03161023852148754,0.7986727890645339,0.6061317933377738,1,286.4627978101271,4.383610463861504
492,103,2.650944709777832,34.005645994197295,12.006521940698313,55,40,573.4385468093678,0.23431438207626343,22,23,2,0.033034264846776525,0.7665460189000559,0.5422445981029133,1,287.1581924918005,3.9429323337725717
490,104,3.8984580039978027,34.001873070003995,11.991430243925102,52,40,567.7886070983067,0.22155950963497162,24,24,2,0.03317640299912301,0.8947041601893844,0.5659557252682399,1,285.1072643766853,4.789602758292955
489,105,2.1101768016815186,34.00672397253825,12.008138908209723,55,40,573.4385468093678,0.2688314914703369,22,23,2,0.033034264846776525,0.6996165109704683,0.47933882823322044,1,287.1581924918005,3.1811820081644124
492,106,3.392115592956543,33.99540519995833,12.008138908209723,53,40,574.7521337093785,0.20030564069747925,23,24,2,0.03336120131650131,0.8461460487343506,0.6059514011648791,1,287.6350245365044,4.920016661736862
491,107,2.650869607925415,34.009418918390594,11.991430243925102,51,40,567.7886070983067,0.18440596759319305,25,24,2,0.032997461673208585,0.7665373198496628,0.6362266668819904,1,285.1072643766853,4.588111760850492
498,108,4.7226738929748535,33.9905542974241,11.995203168118408,52,40,571.5228589810663,0.23124520480632782,27,21,2,0.03107195524352403,0.9663248964069588,0.5479288762468146,1,286.4627978101271,4.7128559915838615
493,109,2.9893665313720703,33.99271025410599,12.005982951527841,53,40,574.7521337093785,0.2287282794713974,22,25,2,0.0340601571331285,0.8043468023165037,0.5526005676225767,1,287.6350245365044,4.354547991691295
493,110,2.110139846801758,33.998908629566415,12.002210027334534,53,40,574.7521337093785,0.22364318370819092,23,24,2,0.03336120131650131,0.6996116056424077,0.5620665371527249,1,287.6350245365044,3.7733595029793907
496,111,3.3633906841278076,33.99324924327644,11.994664178947936,50,40,571.5228589810663,0.2353547364473343,28,22,2,0.03144848961887159,0.8432659642440241,0.5403209547751971,1,286.4627978101271,4.104728191132651
491,112,2.7802884578704834,33.99405772703216,12.001132048993597,52,40,574.7521337093785,0.17515265941619873,27,21,2,0.03107195524352403,0.781315268995993,0.653971770228655,1,287.6350245365044,4.566628301096504
494,113,0.9481368064880371,33.99082379200934,12.00328800567548,52,30,574.7521337093785,0.21697711944580078,26,22,2,0.031777761538691766,0.5079467707747737,0.5745295320135343,1,287.6350245365044,2.6674459642288046
492,114,0.9274099469184875,34.003490037515405,12.004635478601664,56,40,573.4385468093678,0.21083109080791473,22,22,2,0.03250641609418257,0.5034748895187708,0.5860725449639349,1,287.1581924918005,2.7543523306780786
492,115,3.972769021987915,33.998639134981175,11.991969233095574,51,40,571.5228589810663,0.2241218388080597,26,23,2,0.03230579977848892,0.9015088182803923,0.5611739709089403,1,286.4627978101271,4.6818362983755035
494,116,0.0,33.999717113322106,12.000054070652652,54,40,574.7521337093785,0.15451492369174957,23,23,2,0.03284330382698634,0.16531147321376102,0.6938454933933167,1,287.6350245365044,1.0835635160343309
491,117,2.1100926399230957,34.009418918390594,11.994664178947936,51,40,567.7886070983067,0.2720063328742981,25,24,2,0.032997461673208585,0.6996053394066952,0.4736547274482836,1,285.1072643766853,3.117480946060609
493,118,3.3920373916625977,33.99028480283886,11.99924558689694,53,40,571.5228589810663,0.1666126400232315,23,24,2,0.03336120131650131,0.8461382276514674,0.6704243469971264,1,286.4627978101271,5.42126958760578
497,119,2.9892497062683105,33.99351873786168,11.994394684362696,51,40,571.5228589810663,0.2629029452800751,27,22,2,0.03161023852148754,0.8043342057024138,0.4900014696618109,1,286.4627978101271,3.5688633798884197
487,120,2.9370291233062744,34.004029026685885,12.001940532749302,53,40,573.4385468093678,0.18593193590641022,23,24,2,0.03336120131650131,0.7986739061625806,0.6333088713402403,1,287.1581924918005,4.845604446816964
494,121,3.3634092807769775,33.999178124151626,11.99951508148218,54,40,571.5228589810663,0.25346890091896057,23,23,2,0.03284330382698634,0.8432678335456981,0.5070945273413708,1,286.4627978101271,4.023180570294856
495,122,3.392118215560913,33.98974581366838,12.008408402794963,51,40,574.7521337093785,0.18270982801914215,27,22,2,0.03161023852148754,0.846146311024907,0.6394727429178975,1,287.6350245365044,4.919682137946932
491,123,1.3261584043502808,33.99756115664022,11.996820135629818,51,40,571.5228589810663,0.1811186820268631,26,23,2,0.03230579977848892,0.5809290973847171,0.6425206221085392,1,286.4627978101271,3.454291050226304
495,124,3.8235270977020264,34.004837510441604,11.990352265584157,52,40,567.7886070983067,0.23167897760868073,25,23,2,0.032479115784809096,0.8877644575666493,0.5471246707405756,1,285.1072643766853,4.497762636865012
493,125,3.392015218734741,34.001873070003995,11.996550641044585,51,40,567.7886070983067,0.22030505537986755,26,23,2,0.03230579977848892,0.846136010068831,0.5683000354204663,1,285.1072643766853,4.429009802892667
493,126,2.989224672317505,33.99729166205498,11.991969233095574,51,40,571.5228589810663,0.24404795467853546,26,23,2,0.03230579977848892,0.804331506389816,0.5243108916220418,1,286.4627978101271,3.9027675614313377
491,127,2.082360029220581,34.00887992922014,11.99735912480029,55,40,567.7886070983067,0.15449072420597076,23,22,2,0.03231537737679208,0.6959095265233137,0.6938924708265708,1,285.1072643766853,4.449000677259411
494,128,2.08235239982605,34.005645994197295,11.992508222266046,51,30,567.7886070983067,0.2484249323606491,25,24,2,0.032997461673208585,0.6959085057483553,0.516294385042231,1,285.1072643766853,3.380168597425062
488,129,0.9481016397476196,34.004298521271124,11.993316706021751,52,40,567.7886070983067,0.22270840406417847,24,24,2,0.03317640299912301,0.5079392333425287,0.5638105695373039,1,285.1072643766853,2.708835006092831
491,130,3.3634400367736816,34.0086104346349,12.007330424454018,55,30,573.4385468093678,0.1734478622674942,23,22,2,0.03231537737679208,0.8432709250695983,0.6572504899028775,1,287.1581924918005,5.143141679514451
492,131,2.650944709777832,34.005645994197295,12.006521940698313,55,40,573.4385468093678,0.2333916574716568,22,23,2,0.033034264846776525,0.7665460189000559,0.543952080295671,1,287.1581924918005,3.9553482928632095
492,132,5.0776047706604,34.002412059174475,11.994394684362696,51,40,567.7886070983067,0.17320704460144043,25,24,2,0.032997461673208585,0.9948855194683376,0.6577138677690498,1,285.1072643766853,6.15600444678588
492,133,3.3921058177948,33.99378823244692,12.007060929868786,53,40,574.7521337093785,0.20008569955825806,22,25,2,0.0340601571331285,0.8461450711048512,0.6063682284086723,1,287.6350245365044,5.026546235499826
492,134,0.0,34.002951048344954,11.994125189777463,51,40,567.7886070983067,0.19278237223625183,25,24,2,0.032997461673208585,0.16531147321376102,0.6202413599154489,1,285.1072643766853,0.9646117227889366
492,135,2.0823662281036377,33.997022167469765,12.001132048993597,53,40,574.7521337093785,0.1626514345407486,25,22,2,0.03195109714335125,0.6959103559013211,0.6780789297616819,1,287.6350245365044,4.336717098720978
489,136,3.8235435485839844,34.001334080833516,12.009486381135908,53,40,573.4385468093678,0.23663681745529175,24,23,2,0.03265826952273852,0.8877659899673328,0.5379525687092952,1,287.1581924918005,4.478750491249729
489,137,3.787461042404175,34.001064586248305,12.01002537030638,52,40,573.4385468093678,0.24773412942886353,23,25,2,0.033869898467623644,0.8843954560897815,0.5175575747773289,1,287.1581924918005,4.451847484666637
494,138,1.3261528015136719,34.000256102492585,11.994664178947936,51,40,567.7886070983067,0.19644147157669067,25,24,2,0.032997461673208585,0.5809281152945852,0.6132829636201065,1,285.1072643766853,3.3517538148417296
491,139,2.7802884578704834,33.9943272216174,12.001132048993597,52,40,574.7521337093785,0.15182656049728394,27,21,2,0.03107195524352403,0.781315268995993,0.6990672811202014,1,287.6350245365044,4.881526352762768
490,140,0.0,34.009688412975834,11.994664178947936,51,40,567.7886070983067,0.25719016790390015,25,24,2,0.032997461673208585,0.16531147321376102,0.5003341169922869,1,285.1072643766853,0.7781295891454303
497,141,2.0823516845703125,33.99082379200934,11.991969233095574,52,40,571.5228589810663,0.2513290345668793,26,22,2,0.031777761538691766,0.6959084100505882,0.5109924256476253,1,286.4627978101271,3.237114631086146
492,142,0.0,34.000525597077825,11.991699738510341,50,40,567.7886070983067,0.2323286086320877,25,25,2,0.0335069514991671,0.16531147321376102,0.5459207809540889,1,285.1072643766853,0.8621360843794184
494,143,1.3261744976043701,33.99244075952075,12.00328800567548,52,40,574.7521337093785,0.12910881638526917,25,23,2,0.032479115784809096,0.5809319182680789,0.7434169957745044,1,287.6350245365044,4.03462977738824
488,144,1.8543341159820557,33.998100145810696,12.009216886550668,54,40,574.7521337093785,0.21774843335151672,23,23,2,0.03284330382698634,0.6643390891346169,0.5730844055588297,1,287.6350245365044,3.5966402755326006
495,145,2.110146999359131,34.007532456293944,12.00328800567548,54,40,573.4385468093678,0.20098614692687988,23,23,2,0.03284330382698634,0.6996125550647501,0.6046620859516841,1,287.1581924918005,3.9896829197194177
491,146,2.110145092010498,34.003490037515405,12.003018511090247,53,40,573.4385468093678,0.2544891834259033,23,24,2,0.03336120131650131,0.6996123018856469,0.5052386828372004,1,287.1581924918005,3.3862336697916953
490,147,4.214620113372803,34.003759532100645,12.005982951527841,54,40,573.4385468093678,0.16587674617767334,23,23,2,0.03284330382698634,0.923147373363403,0.6718452932072088,1,287.1581924918005,5.849360205603714
492,148,0.9274099469184875,34.00699346712349,11.993586200606991,51,30,567.7886070983067,0.2375139743089676,25,24,2,0.032997461673208585,0.5034748895187708,0.5363336172592665,1,285.1072643766853,2.540397348024292
491,149,1.3261408805847168,34.002681553759714,11.990082770998924,51,40,567.7886070983067,0.21844744682312012,25,24,2,0.032997461673208585,0.5809260257328417,0.5717754254518537,1,285.1072643766853,3.1248928860297545
489,150,5.547544956207275,34.000525597077825,11.99762861938553,53,40,567.7886070983067,0.2135286182165146,24,23,2,0.03265826952273852,1.0467849577688695,0.5810002071445349,1,285.1072643766853,5.662852012770679
493,151,2.082364559173584,33.997830651225456,12.000054070652652,53,40,571.5228589810663,0.15864209830760956,25,22,2,0.03195109714335125,0.6959101326073874,0.6858408569013917,1,286.4627978101271,4.368481674328802
493,152,2.0823776721954346,33.99163227576503,12.008408402794963,52,40,574.7521337093785,0.1639176458120346,25,23,2,0.032479115784809096,0.6959118870568413,0.6756305665862938,1,287.6350245365044,4.392477136482669
495,153,2.650865316390991,33.99163227576503,11.990621760169397,52,40,571.5228589810663,0.2601608335971832,26,22,2,0.031777761538691766,0.7665368227566282,0.4949541024181356,1,286.4627978101271,3.453738735873712
495,154,0.9274099469184875,33.99190177035027,11.99762861938553,51,40,571.5228589810663,0.1507045030593872,27,22,2,0.03161023852148754,0.5034748895187708,0.7012484898536202,1,286.4627978101271,3.197022968823777
496,155,1.8957468271255493,33.99109328659458,12.002210027334534,52,40,574.7521337093785,0.17755508422851562,26,22,2,0.031777761538691766,0.6702386791684006,0.6493562429690107,1,287.6350245365044,3.9781172287608815
496,156,2.6508986949920654,33.996752672884526,11.997089630215058,51,40,571.5228589810663,0.20055758953094482,27,22,2,0.03161023852148754,0.7665406890231325,0.6054739842709994,1,286.4627978101271,4.202683667200135
494,157,2.650944709777832,34.000525597077825,12.006521940698313,53,40,573.4385468093678,0.17614661157131195,23,24,2,0.03336120131650131,0.7665460189000559,0.6520614952023455,1,287.1581924918005,4.788391816317176
498,158,4.214477062225342,33.99028480283886,11.994664178947936,52,40,571.5228589810663,0.1978689283132553,27,21,2,0.03107195524352403,0.923134794654877,0.6105725875635045,1,286.4627978101271,5.016943784725574
486,159,3.3921327590942383,34.001334080833516,12.01002537030638,53,40,573.4385468093678,0.2329849898815155,24,23,2,0.03265826952273852,0.8461477655430777,0.5447050078542248,1,287.1581924918005,4.322370195189952
493,160,1.8957428932189941,33.998639134981175,12.00167103816407,53,40,574.7521337093785,0.22153988480567932,23,24,2,0.03336120131650131,0.670238122430921,0.5659923834248267,1,287.6350245365044,3.6401825382148423
491,161,0.9274099469184875,34.006184983367774,11.998437103141235,53,40,567.7886070983067,0.177878275513649,23,24,2,0.03336120131650131,0.5034748895187708,0.648735771034917,1,285.1072643766853,3.106673584128858
493,162,1.895698070526123,33.99540519995833,11.995203168118408,51,40,571.5228589810663,0.1361498385667801,27,22,2,0.03161023852148754,0.6702317789490175,0.7296310164747821,1,286.4627978101271,4.4281702070839835
491,163,2.937023162841797,33.994596716202636,11.996550641044585,51,40,571.5228589810663,0.15734195709228516,27,22,2,0.03161023852148754,0.7986732566872549,0.6883609024537825,1,286.4627978101271,4.978303159189439
497,164,2.650866746902466,34.0086104346349,11.99089125475463,51,40,567.7886070983067,0.1539657562971115,25,24,2,0.032997461673208585,0.7665369884543597,0.6949116894922331,1,285.1072643766853,5.011313236102982
495,165,1.8957370519638062,33.99109328659458,12.000862554408357,53,40,574.7521337093785,0.10211010277271271,23,24,2,0.03336120131650131,0.6702372957588427,0.7965665526999238,1,287.6350245365044,5.123115017363698
490,166,3.898696184158325,34.004568015856364,12.008947391965435,55,40,573.4385468093678,0.25294366478919983,23,22,2,0.03231537737679208,0.8947260925579567,0.5080505789402867,1,287.1581924918005,4.21820319454681
497,167,3.704791784286499,33.99271025410599,12.000323565237885,52,40,574.7521337093785,0.139917254447937,27,21,2,0.03107195524352403,0.8766006888617621,0.7222689812230018,1,287.6350245365044,5.658627710251188
492,168,5.6707916259765625,33.99351873786168,12.005174467772129,53,40,574.7521337093785,0.14817941188812256,23,24,2,0.03336120131650131,1.06076684080693,0.7061608338286802,1,287.6350245365044,7.187982489979985
494,169,2.6509335041046143,34.001064586248305,12.004096489431191,54,40,573.4385468093678,0.18785090744495392,23,23,2,0.03284330382698634,0.766544720955837,0.6296431648347468,1,287.1581924918005,4.551976792263451
493,170,5.077857971191406,33.99756115664022,12.01002537030638,54,40,574.7521337093785,0.20129521191120148,23,23,2,0.03284330382698634,0.9949054678980557,0.6040767008954304,1,287.6350245365044,5.677570148729803
491,171,3.9728775024414062,33.99378823244692,12.006252446113074,53,40,574.7521337093785,0.16379082202911377,22,25,2,0.0340601571331285,0.9015186964735217,0.6758757295056476,1,287.6350245365044,5.969390694782443
490,172,0.9481475353240967,34.009149423805354,12.006252446113074,55,40,573.4385468093678,0.135772705078125,23,22,2,0.03231537737679208,0.5079490702970044,0.7303685493625549,1,287.1581924918005,3.4426484490420926
493,173,3.363438844680786,33.99271025410599,12.007060929868786,53,40,574.7521337093785,0.1826086789369583,22,25,2,0.0340601571331285,0.8432708052434037,0.6396664178620804,1,287.6350245365044,5.284562407584667
495,174,0.948121190071106,33.99324924327644,11.998976092311707,52,40,571.5228589810663,0.15839941799640656,26,22,2,0.031777761538691766,0.5079434236645349,0.686311129787564,1,286.4627978101271,3.17342263231078
494,175,0.9274099469184875,33.99405772703216,12.008138908209723,51,40,574.7521337093785,0.26539087295532227,25,24,2,0.032997461673208585,0.5034748895187708,0.4855192801939134,1,287.6350245365044,2.320099426827635
495,176,2.9370319843292236,33.98974581366838,12.004365984016424,51,30,574.7521337093785,0.17014575004577637,26,23,2,0.03230579977848892,0.7986742179104581,0.6636092597149694,1,287.6350245365044,4.9249788230705605
490,177,1.3261730670928955,34.001064586248305,12.002749016505007,54,40,573.4385468093678,0.15922857820987701,22,24,2,0.03355190016492938,0.5809316675237218,0.6847045706537594,1,287.1581924918005,3.832362748319741
495,178,1.3261444568634033,33.99351873786168,11.991430243925102,52,40,571.5228589810663,0.20589280128479004,26,22,2,0.031777761538691766,0.5809266526025464,0.5953822423770493,1,286.4627978101271,3.1485363423199453
493,179,1.3261765241622925,33.99082379200934,12.004096489431191,52,40,574.7521337093785,0.15858623385429382,25,23,2,0.032479115784809096,0.5809322734889742,0.6859491081172331,1,287.6350245365044,3.7227456533547194
493,180,2.0823769569396973,33.99351873786168,12.00786941362449,53,40,574.7521337093785,0.2208835333585739,22,25,2,0.0340601571331285,0.6959117913597686,0.5672187162350433,1,287.6350245365044,3.8671690984774645
491,181,4.6273674964904785,33.99028480283886,12.00167103816407,52,40,574.7521337093785,0.15294846892356873,26,22,2,0.031777761538691766,0.9584419515340706,0.6968873946575782,1,287.6350245365044,6.1051100003931245
493,182,0.0,33.99109328659458,12.003557500260719,52,40,574.7521337093785,0.1940871626138687,26,22,2,0.031777761538691766,0.16531147321376102,0.6177583297954382,1,287.6350245365044,0.9334405769440403
494,183,2.1101224422454834,33.99594418912881,11.99951508148218,52,40,571.5228589810663,0.1588616669178009,26,22,2,0.031777761538691766,0.6996092953733377,0.6854154146065639,1,286.4627978101271,4.365168065586209
491,184,4.159247398376465,34.009149423805354,12.00167103816407,54,40,573.4385468093678,0.15453539788722992,21,25,2,0.03425633029860485,0.9182593648844409,0.6938057480915824,1,287.1581924918005,6.267081005562151
493,185,3.3634400367736816,34.000525597077825,12.007330424454018,53,40,573.4385468093678,0.25043416023254395,23,24,2,0.03336120131650131,0.8432709250695983,0.5126247199286369,1,287.1581924918005,4.141232022855858
492,186,2.650930881500244,34.000525597077825,12.003557500260719,54,40,573.4385468093678,0.1693422794342041,23,23,2,0.03284330382698634,0.7665444171811856,0.6651580578204869,1,287.1581924918005,4.808728199721604
497,187,2.7802884578704834,33.99217126493551,11.990621760169397,52,40,571.5228589810663,0.24168218672275543,26,22,2,0.031777761538691766,0.781315268995993,0.5286563845717497,1,286.4627978101271,3.760030122867505
493,188,2.9893414974212646,33.999447618736866,12.003557500260719,54,40,574.7521337093785,0.1871383786201477,23,23,2,0.03284330382698634,0.8043441030667406,0.6310038052641722,1,287.6350245365044,4.794711340552206
492,189,2.937016725540161,34.00672397253825,11.991160749339869,51,40,567.7886070983067,0.24584351480007172,26,23,2,0.03230579977848892,0.7986725552530209,0.5210186173406967,1,285.1072643766853,3.832752567524129
492,190,0.9481328725814819,33.999447618736866,12.002210027334534,54,40,574.7521337093785,0.21355485916137695,22,24,2,0.03355190016492938,0.5079459276127135,0.5809509106578058,1,287.6350245365044,2.847841459214654
495,191,3.8235361576080322,33.999447618736866,12.000862554408357,54,40,574.7521337093785,0.18238313496112823,23,23,2,0.03284330382698634,0.8877653014979442,0.6400983161578722,1,287.6350245365044,5.368258951571736
491,192,2.989316463470459,34.005107005026815,12.001132048993597,54,40,573.4385468093678,0.12889117002487183,22,24,2,0.03355190016492938,0.8043414038035133,0.7438436756708241,1,287.1581924918005,5.764483913033632
494,193,1.3261786699295044,33.99540519995833,12.004904973186896,54,40,574.7521337093785,0.19031581282615662,22,24,2,0.03355190016492938,0.5809326496048619,0.6249404741175488,1,287.6350245365044,3.503671065403128
494,194,2.11010479927063,34.004568015856364,11.996550641044585,53,40,567.7886070983067,0.24531516432762146,24,23,2,0.03265826952273852,0.6996069534451193,0.5219868538807912,1,285.1072643766853,3.4002835526284443
490,195,2.9893274307250977,34.007532456293944,12.002210027334534,54,40,573.4385468093678,0.19474132359027863,23,23,2,0.03284330382698634,0.8043425863395368,0.6165141817654565,1,287.1581924918005,4.676836456066314
492,196,2.937030076980591,33.996752672884526,12.002749016505007,51,40,574.7521337093785,0.20714980363845825,25,24,2,0.032997461673208585,0.7986740100785599,0.593009640228009,1,287.6350245365044,4.495247482994351
491,197,4.159261703491211,34.006184983367774,12.005982951527841,55,40,573.4385468093678,0.24990898370742798,22,23,2,0.033034264846776525,0.9182606326189428,0.5135832744554041,1,287.1581924918005,4.473657121740618
492,198,3.392115592956543,33.99244075952075,12.008138908209723,51,40,574.7521337093785,0.16084080934524536,25,24,2,0.032997461673208585,0.8461460487343506,0.6815824750203395,1,287.6350245365044,5.473763721504778
490,199,3.704791784286499,34.009688412975834,11.99735912480029,55,40,567.7886070983067,0.3019011616706848,23,22,2,0.03231537737679208,0.8766006888617621,0.42108362391297477,1,285.1072643766853,3.4008515456334925
494,200,1.3261500597000122,33.997830651225456,11.993586200606991,50,40,571.5228589810663,0.25106382369995117,27,23,2,0.032138282057245254,0.5809276346963808,0.5114760469345971,1,286.4627978101271,2.7355094758170577
490,201,3.392115592956543,34.00699346712349,12.008138908209723,55,40,573.4385468093678,0.20024068653583527,22,23,2,0.033034264846776525,0.8461460487343506,0.6060744947838687,1,287.1581924918005,4.864712693679937
495,202,3.972827434539795,33.99351873786168,11.999784576067412,52,40,571.5228589810663,0.16202326118946075,27,21,2,0.03107195524352403,0.9015141373273139,0.6792941090738304,1,286.4627978101271,5.450887287821326
493,203,1.3261709213256836,34.00699346712349,12.001940532749302,54,40,573.4385468093678,0.19453734159469604,23,23,2,0.03284330382698634,0.580931291406882,0.6169020825596433,1,287.1581924918005,3.3799405017275896
494,204,1.8543341159820557,34.004298521271124,12.000054070652652,54,40,573.4385468093678,0.12699416279792786,22,24,2,0.03355190016492938,0.6643390891346169,0.7475639492695431,1,287.1581924918005,4.7849399104993555
495,205,2.082353353500366,33.998100145810696,11.993047211436519,50,40,571.5228589810663,0.2496296912431717,27,23,2,0.032138282057245254,0.6959086333453474,0.514093222582848,1,286.4627978101271,3.2937072065823854
494,206,2.1101644039154053,33.99109328659458,12.005982951527841,50,40,574.7521337093785,0.2015472650527954,27,23,2,0.032138282057245254,0.6996148653177467,0.6035993837248134,1,287.6350245365044,3.903662315461789
493,207,2.8422629833221436,34.009149423805354,11.996281146459346,52,40,567.7886070983067,0.22687499225139618,23,25,2,0.033869898467623644,0.7882468173953573,0.5560462673208507,1,285.1072643766853,4.2324840819950325
493,208,0.9274099469184875,34.003490037515405,12.004904973186896,56,40,573.4385468093678,0.2021142989397049,22,22,2,0.03250641609418257,0.5034748895187708,0.6025258605813366,1,287.1581924918005,2.8316776184902914
495,209,2.1100943088531494,34.005107005026815,11.994933673533168,53,40,567.7886070983067,0.12048529088497162,24,23,2,0.03265826952273852,0.69960556094171,0.7603462949890146,1,285.1072643766853,4.952975033651247
491,210,2.082367181777954,34.002412059174475,12.00167103816407,54,40,573.4385468093678,0.16030536592006683,23,23,2,0.03284330382698634,0.6959104834978066,0.6826191111075488,1,287.1581924918005,4.480225471328982
491,211,2.842219114303589,34.00887992922014,11.992238727680814,51,40,567.7886070983067,0.26286187767982483,25,24,2,0.032997461673208585,0.7882419428895258,0.49007554710467144,1,285.1072643766853,3.6342214704490527
490,212,2.6509265899658203,34.002412059174475,12.002749016505007,54,40,573.4385468093678,0.22814099490642548,23,23,2,0.03284330382698634,0.7665439200950055,0.5536919401920705,1,287.1581924918005,4.00288666558488
493,213,2.1101486682891846,33.998908629566415,12.003557500260719,54,30,574.7521337093785,0.16467523574829102,22,24,2,0.03355190016492938,0.6996127765963531,0.674166374511632,1,287.6350245365044,4.5518056246512035
492,214,2.110074996948242,34.006184983367774,11.991969233095574,51,40,567.7886070983067,0.19922372698783875,26,23,2,0.03230579977848892,0.6996029974587025,0.6080023703263182,1,285.1072643766853,3.917831142658442
493,215,4.819657802581787,33.99190177035027,12.007599919039258,50,30,574.7521337093785,0.15355142951011658,27,23,2,0.032138282057245254,0.9742509648143406,0.6957162623927482,1,287.6350245365044,6.2656686681015605
492,216,1.3261855840682983,34.002951048344954,12.00786941362449,53,40,573.4385468093678,0.3142217993736267,24,23,2,0.03265826952273852,0.5809338615313528,0.3999583622365221,1,287.1581924918005,2.178993088138737
495,217,1.32615065574646,34.006454477953014,11.993855695192224,51,40,567.7886070983067,0.17440098524093628,25,24,2,0.032997461673208585,0.580927739174302,0.6554170613713052,1,285.1072643766853,3.5820254984525866
491,218,4.722676753997803,34.01022740214631,11.99951508148218,54,40,567.7886070983067,0.17237238585948944,23,23,2,0.03284330382698634,0.9663251316329672,0.6593203430483449,1,285.1072643766853,5.965884916177723
494,219,5.547544956207275,34.003220542930165,11.994933673533168,51,40,567.7886070983067,0.19602185487747192,26,23,2,0.03230579977848892,1.0467849577688695,0.6140801576064099,1,285.1072643766853,5.920676303707856
494,220,5.547544956207275,33.99217126493551,12.005443962357369,52,40,574.7521337093785,0.15167713165283203,25,23,2,0.032479115784809096,1.0467849577688695,0.6993577019506583,1,287.6350245365044,6.839160575018191
490,221,0.0,34.003490037515405,12.002479521919774,53,40,573.4385468093678,0.2907751500606537,23,24,2,0.03336120131650131,0.16531147321376102,0.44044039636353105,1,287.1581924918005,0.6975141671708281
491,222,2.9893248081207275,34.001334080833516,12.001940532749302,54,40,573.4385468093678,0.2473449409008026,23,23,2,0.03284330382698634,0.8043423035594185,0.5182695746365026,1,287.1581924918005,3.931557878587082
492,223,2.1101293563842773,33.99729166205498,12.000593059823125,53,40,574.7521337093785,0.1655372679233551,25,22,2,0.03195109714335125,0.6996102131528252,0.6725009640844056,1,287.6350245365044,4.323909500057004
496,224,3.3633906841278076,33.99324924327644,11.994664178947936,51,40,571.5228589810663,0.25684064626693726,27,22,2,0.03161023852148754,0.8432659642440241,0.5009681028857362,1,286.4627978101271,3.8253453465831595
496,225,3.704791784286499,34.009418918390594,12.00140154357883,54,40,573.4385468093678,0.2869565188884735,21,25,2,0.03425633029860485,0.8766006888617621,0.44714245781598483,1,287.1581924918005,3.8557579767507706
494,226,2.6508986949920654,33.99163227576503,11.997089630215058,51,40,571.5228589810663,0.17000235617160797,27,22,2,0.03161023852148754,0.7665406890231325,0.66388562581296,1,286.4627978101271,4.608127432349376
490,227,1.3261730670928955,34.001064586248305,12.002749016505007,54,40,573.4385468093678,0.14243324100971222,22,24,2,0.03355190016492938,0.5809316675237218,0.7173582235500293,1,287.1581924918005,4.0151286422829475
494,228,2.0823683738708496,33.99217126493551,12.002479521919774,52,40,574.7521337093785,0.18851330876350403,26,22,2,0.031777761538691766,0.6959106429933644,0.6283787427255112,1,287.6350245365044,3.9970541601817975
495,229,2.9370176792144775,34.002412059174475,11.991969233095574,52,40,567.7886070983067,0.22258959710597992,24,24,2,0.03317640299912301,0.7986726591692616,0.5640323157216326,1,285.1072643766853,4.260988731023577
493,230,2.8423099517822266,33.998908629566415,12.000862554408357,53,40,574.7521337093785,0.20780277252197266,25,22,2,0.03195109714335125,0.7882520362459132,0.5917779305247178,1,287.6350245365044,4.28697952717286
492,231,4.6273674964904785,34.004029026685885,11.992777716851286,52,40,567.7886070983067,0.20484967529773712,24,24,2,0.03317640299912301,0.9584419515340706,0.5973526311021358,1,285.1072643766853,5.415445338294837
492,232,2.0823590755462646,33.998369640395936,11.996550641044585,51,40,571.5228589810663,0.21386058628559113,26,23,2,0.03230579977848892,0.6959093989265662,0.5803766346680814,1,286.4627978101271,3.737759451728423
491,233,2.989288568496704,34.006454477953014,11.998437103141235,53,40,567.7886070983067,0.18391519784927368,23,24,2,0.03336120131650131,0.8043383960371995,0.6371655911783806,1,285.1072643766853,4.8746235163083576
491,234,1.895709753036499,33.995135705373116,11.996820135629818,51,40,571.5228589810663,0.23069238662719727,27,22,2,0.03161023852148754,0.6702334323119891,0.5489541849677831,1,286.4627978101271,3.331640937158462
494,235,1.3261618614196777,33.99109328659458,11.998437103141235,51,40,571.5228589810663,0.1854591816663742,27,22,2,0.03161023852148754,0.5809297033539838,0.6342125563923878,1,286.4627978101271,3.336217999337445
496,236,0.9480918645858765,34.004837510441604,11.990621760169397,52,40,567.7886070983067,0.22353897988796234,25,23,2,0.032479115784809096,0.5079371381620983,0.5622608920167417,1,285.1072643766853,2.6446020208708156
488,237,0.9274099469184875,34.005107005026815,12.01002537030638,55,40,573.4385468093678,0.24004672467708588,23,22,2,0.03231537737679208,0.5034748895187708,0.5316655002271263,1,287.1581924918005,2.483972240538926
492,238,4.664716720581055,33.99163227576503,12.005174467772129,52,40,574.7521337093785,0.14446818828582764,25,23,2,0.032479115784809096,0.961542464365154,0.7133898630308174,1,287.6350245365044,6.4082783541318
492,239,1.3261555433273315,34.004298521271124,11.99574215728888,53,40,567.7886070983067,0.15253765881061554,24,23,2,0.03265826952273852,0.5809285958921944,0.697685484996543,1,285.1072643766853,3.7738435733935334
494,240,0.0,34.005645994197295,11.991699738510341,51,40,567.7886070983067,0.23460088670253754,26,23,2,0.03230579977848892,0.16531147321376102,0.5417146832062691,1,285.1072643766853,0.824826078756433
493,241,2.9893720149993896,33.999178124151626,12.006791435283546,53,40,574.7521337093785,0.22983597218990326,23,24,2,0.03336120131650131,0.8043473935789398,0.550543444094615,1,287.6350245365044,4.249312814356021
492,242,2.0823733806610107,34.000525597077825,12.005443962357369,54,40,573.4385468093678,0.23243872821331024,23,23,2,0.03284330382698634,0.6959113128741107,0.5457167694760026,1,287.1581924918005,3.581700313970003
492,243,3.898699998855591,33.992979748691226,12.009216886550668,51,40,574.7521337093785,0.230614572763443,25,24,2,0.032997461673208585,0.8947264438206628,0.5490985414152413,1,287.6350245365044,4.6629726070264335
495,244,0.9274099469184875,33.99405772703216,12.008677897380196,51,40,574.7521337093785,0.2267046570777893,25,24,2,0.032997461673208585,0.5034748895187708,0.5563632050106715,1,287.6350245365044,2.6586337674122853
494,245,2.9370176792144775,34.002951048344954,11.991969233095574,52,40,567.7886070983067,0.23223362863063812,24,24,2,0.03317640299912301,0.7986726591692616,0.5460967585336391,1,285.1072643766853,4.1254943543141644
492,246,1.3261486291885376,34.00887992922014,11.993047211436519,51,40,567.7886070983067,0.42112964391708374,25,24,2,0.032997461673208585,0.5809273839492551,0.23339918666838877,1,285.1072643766853,1.2755867614936862
493,247,3.8986129760742188,33.999178124151626,12.002749016505007,54,40,574.7521337093785,0.2296799272298813,22,24,2,0.03355190016492938,0.8947184305895084,0.5508331325094897,1,287.6350245365044,4.756257154145718
493,248,2.9892385005950928,34.002412059174475,11.993316706021751,51,40,567.7886070983067,0.17480039596557617,25,24,2,0.032997461673208585,0.8043329974403441,0.6546490198523697,1,285.1072643766853,4.9537401745276215
492,249,2.9893832206726074,34.006454477953014,12.00786941362449,55,40,573.4385468093678,0.19272644817829132,22,23,2,0.033034264846776525,0.8043486018088657,0.6203478269863578,1,287.1581924918005,4.733315287002663
496,250,1.3261598348617554,33.998639134981175,11.99762861938553,51,40,571.5228589810663,0.15986409783363342,27,22,2,0.03161023852148754,0.5809293481307353,0.6834736104209815,1,286.4627978101271,3.595349136315588
494,251,3.363447666168213,33.9905542974241,12.009216886550668,52,40,574.7521337093785,0.20910494029521942,25,23,2,0.032479115784809096,0.8432716919566466,0.5893232146715013,1,287.6350245365044,4.642661670695932
492,252,3.363373041152954,34.009418918390594,11.990352265584157,51,40,567.7886070983067,0.11183390766382217,25,24,2,0.032997461673208585,0.8432641907982946,0.7773760509016613,1,285.1072643766853,6.1671375011644125
492,253,0.9481475353240967,34.001064586248305,12.006521940698313,53,40,573.4385468093678,0.24778975546360016,23,24,2,0.03336120131650131,0.5079490702970044,0.5174558296843674,1,287.1581924918005,2.518003594903859
498,254,3.8985865116119385,33.99271025410599,12.000862554408357,52,40,574.7521337093785,0.12959834933280945,27,21,2,0.03107195524352403,0.894715993668057,0.7424574175793835,1,287.6350245365044,5.937000720667035
496,255,2.6508638858795166,33.998369640395936,11.990352265584157,51,40,571.5228589810663,0.2181553840637207,26,23,2,0.03230579977848892,0.7665366570588432,0.5723222658921236,1,286.4627978101271,4.059965068563484
495,256,3.3919591903686523,33.998908629566415,11.990352265584157,51,40,571.5228589810663,0.19501608610153198,26,23,2,0.03230579977848892,0.8461304064614096,0.6159917568792531,1,286.4627978101271,4.823484963357407
492,257,3.392103433609009,34.004568015856364,12.006791435283546,54,40,573.4385468093678,0.165499746799469,23,23,2,0.03284330382698634,0.8461448326583778,0.6725734391685121,1,287.1581924918005,5.367257949989361
489,258,0.0,34.008071445464424,11.998167608556003,55,40,567.7886070983067,0.19378121197223663,23,22,2,0.03231537737679208,0.16531147321376102,0.6183403840959922,1,285.1072643766853,0.9417770925432701
490,259,2.082380533218384,33.9943272216174,12.01002537030638,51,40,574.7521337093785,0.22015143930912018,25,24,2,0.032997461673208585,0.695912269844935,0.5685872583202536,1,287.6350245365044,3.755553194745186
496,260,1.3261535167694092,33.999447618736866,11.994933673533168,52,40,571.5228589810663,0.2385638952255249,25,23,2,0.032479115784809096,0.5809282406679319,0.5343973240924133,1,286.4627978101271,2.8884123341853822
491,261,1.8543341159820557,34.002951048344954,12.005174467772129,55,40,573.4385468093678,0.18493124842643738,23,22,2,0.03231537737679208,0.6643390891346169,0.6352220001719596,1,287.1581924918005,3.916027930022249
489,262,3.392122983932495,33.996483178299286,12.008947391965435,53,40,574.7521337093785,0.21125644445419312,23,24,2,0.03336120131650131,0.846146787916519,0.5852721045651087,1,287.6350245365044,4.752115460267221
495,263,1.8543341159820557,33.999986607907346,11.998167608556003,53,40,571.5228589810663,0.2157985419034958,24,23,2,0.03265826952273852,0.6643390891346169,0.5767392265889966,1,286.4627978101271,3.584517421855051
492,264,3.9728002548217773,34.008071445464424,11.996011651874113,52,40,567.7886070983067,0.10408872365951538,23,25,2,0.033869898467623644,0.9015116623479781,0.7926576146618508,1,285.1072643766853,6.900477801909036
491,265,2.082360029220581,34.00887992922014,11.997089630215058,55,40,567.7886070983067,0.10989010334014893,23,22,2,0.03231537737679208,0.6959095265233137,0.7812082153508477,1,285.1072643766853,5.0088393019114
489,266,3.8235373497009277,34.008071445464424,12.002210027334534,54,40,573.4385468093678,0.2504224479198456,21,25,2,0.03425633029860485,0.8877654125414474,0.5126460924074148,1,287.1581924918005,4.476905431957326
492,267,1.3261855840682983,34.002951048344954,12.00786941362449,53,40,573.4385468093678,0.2739253044128418,24,23,2,0.03265826952273852,0.5809338615313528,0.47022802988903295,1,287.1581924918005,2.5618257391787442
493,268,0.0,33.994596716202636,12.008408402794963,53,40,574.7521337093785,0.25603559613227844,23,24,2,0.03336120131650131,0.16531147321376102,0.5024291405732424,1,287.6350245365044,0.7970054023850349
495,269,1.3261520862579346,34.000795091663065,11.994394684362696,51,40,567.7886070983067,0.17041218280792236,25,24,2,0.032997461673208585,0.580927989921198,0.663095810131222,1,285.1072643766853,3.6239934310844304
492,270,1.8543341159820557,33.99351873786168,12.004365984016424,53,40,574.7521337093785,0.12385368347167969,23,24,2,0.03336120131650131,0.6643390891346169,0.7537279809415047,1,287.6350245365044,4.804939165118411
493,271,0.9274099469184875,34.003759532100645,12.004096489431191,56,40,573.4385468093678,0.193502739071846,22,22,2,0.03250641609418257,0.5034748895187708,0.618870255822341,1,287.1581924918005,2.9084910155900556
495,272,0.9274099469184875,33.999447618736866,11.99951508148218,54,40,571.5228589810663,0.2544462978839874,23,23,2,0.03284330382698634,0.5034748895187708,0.5053166547380189,1,286.4627978101271,2.3936271090661365
493,273,2.9370334148406982,33.995135705373116,12.005713456942601,54,40,574.7521337093785,0.2078782469034195,22,24,2,0.03355190016492938,0.7986743737843289,0.5916355958113331,1,287.6350245365044,4.5601899596007
489,274,3.8984920978546143,34.001603575418756,11.993855695192224,51,40,567.7886070983067,0.18229986727237701,25,24,2,0.032997461673208585,0.8947072997062537,0.6402577804217268,1,285.1072643766853,5.389204472403531
491,275,0.0,34.00699346712349,11.991969233095574,51,40,567.7886070983067,0.28455284237861633,26,23,2,0.03230579977848892,0.16531147321376102,0.4513760229240123,1,285.1072643766853,0.68727454982298
496,276,1.8956648111343384,33.99082379200934,11.990621760169397,52,40,571.5228589810663,0.2388916164636612,26,22,2,0.031777761538691766,0.670227071892484,0.5337932734923,1,286.4627978101271,3.2567662871247816
494,277,2.6509127616882324,33.99244075952075,12.000054070652652,52,40,571.5228589810663,0.13668589293956757,27,21,2,0.03107195524352403,0.7665423183696037,0.7285828681584503,1,286.4627978101271,4.971093169225749
492,278,3.9727628231048584,33.998639134981175,11.991160749339869,51,40,571.5228589810663,0.2251659631729126,26,23,2,0.03230579977848892,0.9015082538073881,0.5592280577179619,1,286.4627978101271,4.665598755548093
493,279,1.3261598348617554,34.001334080833516,11.99762861938553,53,40,567.7886070983067,0.2632850408554077,23,24,2,0.03336120131650131,0.5809293481307353,0.4893123896168626,1,285.1072643766853,2.703706179660634
493,280,2.110089063644409,34.00834094004966,11.994125189777463,51,40,567.7886070983067,0.12367963790893555,25,24,2,0.032997461673208585,0.6996048646884534,0.7540697765658965,1,285.1072643766853,4.963101662620805
489,281,2.842397689819336,33.998369640395936,12.009216886550668,54,40,574.7521337093785,0.2255135178565979,23,23,2,0.03284330382698634,0.78826178502702,0.5585806646289648,1,287.6350245365044,4.159536854354763
492,282,1.326147198677063,34.00699346712349,11.992508222266046,51,30,567.7886070983067,0.2412371188402176,25,24,2,0.032997461673208585,0.5809271332019674,0.5294748651424427,1,285.1072643766853,2.893715469360265
489,283,0.9274099469184875,34.002951048344954,12.01002537030638,53,40,573.4385468093678,0.2153502255678177,24,23,2,0.03265826952273852,0.5034748895187708,0.5775802479180927,1,287.1581924918005,2.727121755668185
492,284,1.8957566022872925,33.99540519995833,12.003557500260719,51,40,574.7521337093785,0.10575828701257706,25,24,2,0.032997461673208585,0.6702400625736911,0.7893608049309201,1,287.6350245365044,5.021439592209516
496,285,1.3261598348617554,33.998639134981175,11.99762861938553,51,40,571.5228589810663,0.16164007782936096,27,22,2,0.03161023852148754,0.5809293481307353,0.680035536957527,1,286.4627978101271,3.5772634717501237
496,286,1.3261584043502808,33.99324924327644,11.996820135629818,52,40,571.5228589810663,0.17696158587932587,26,22,2,0.031777761538691766,0.5809290973847171,0.6504959321966218,1,286.4627978101271,3.440006363271084
491,287,5.290463447570801,34.001873070003995,11.993855695192224,51,40,567.7886070983067,0.2072182595729828,25,24,2,0.032997461673208585,1.017230038152781,0.592880485360607,1,285.1072643766853,5.673814698767332
488,288,1.895797610282898,33.996483178299286,12.009486381135908,53,40,574.7521337093785,0.22945638000965118,23,24,2,0.03336120131650131,0.6702458660810895,0.551248195923852,1,287.6350245365044,3.5453961920934707
495,289,0.9274099469184875,33.9905542974241,12.006791435283546,50,40,574.7521337093785,0.1974201500415802,27,23,2,0.032138282057245254,0.5034748895187708,0.6114244477323434,1,287.6350245365044,2.845673312595959
493,290,4.819372177124023,34.009149423805354,11.99089125475463,51,40,567.7886070983067,0.12575967609882355,25,24,2,0.032997461673208585,0.9742277604452139,0.7499862018642522,1,285.1072643766853,6.8738901906568355
492,291,2.0823702812194824,33.997830651225456,12.003557500260719,53,40,574.7521337093785,0.19955594837665558,23,24,2,0.03336120131650131,0.6959108981861433,0.6073724355252723,1,287.6350245365044,4.055946005361195
494,292,1.3261765241622925,33.996213683714046,12.004096489431191,54,40,574.7521337093785,0.12013274431228638,22,24,2,0.03355190016492938,0.5809322734889742,0.7610393944020108,1,287.6350245365044,4.266694333125559
494,293,1.3261535167694092,34.002142564589235,11.994933673533168,51,40,567.7886070983067,0.16805265843868256,26,23,2,0.03230579977848892,0.5809282406679319,0.6676452520942013,1,285.1072643766853,3.5723749420491426
494,294,3.363400459289551,33.99540519995833,11.99735912480029,51,40,571.5228589810663,0.1585148274898529,27,22,2,0.03161023852148754,0.8432669468264393,0.6860874795801257,1,286.4627978101271,5.2389056116805675
492,295,2.1100995540618896,34.008071445464424,11.99574215728888,52,40,567.7886070983067,0.2509130835533142,23,25,2,0.033869898467623644,0.699606257193932,0.5117509780564066,1,285.1072643766853,3.4572799236845713
493,296,0.9274099469184875,33.99190177035027,11.991699738510341,52,40,571.5228589810663,0.23052062094211578,26,22,2,0.031777761538691766,0.5034748895187708,0.5492728478699626,1,286.4627978101271,2.517430429385854
491,297,3.363447666168213,34.001334080833516,12.009216886550668,53,40,573.4385468093678,0.24824467301368713,24,23,2,0.03265826952273852,0.8432716919566466,0.5166239301570279,1,287.1581924918005,4.085605414784218
491,298,0.9481563568115234,34.000525597077825,12.008947391965435,52,40,573.4385468093678,0.2550509572029114,23,25,2,0.033869898467623644,0.5079509610035959,0.5042175827638714,1,287.1581924918005,2.4910065995524766
492,299,0.9481436610221863,34.00699346712349,12.005174467772129,54,40,573.4385468093678,0.1974964439868927,22,24,2,0.03355190016492938,0.5079482399157764,0.6112796118369876,1,287.1581924918005,2.991559896066422
494,300,0.9274099469184875,33.994596716202636,11.994125189777463,49,40,571.5228589810663,0.1997184008359909,27,24,2,0.032656992353623446,0.5034748895187708,0.6070644520477874,1,286.4627978101271,2.8592822725340437
492,301,1.3261562585830688,34.000795091663065,11.996011651874113,52,40,567.7886070983067,0.2703399956226349,25,23,2,0.032479115784809096,0.5809287212653859,0.4766357806528588,1,285.1072643766853,2.564023318070265
490,302,4.997536659240723,34.009688412975834,12.007060929868786,55,40,573.4385468093678,0.17667043209075928,23,22,2,0.03231537737679208,0.9885477839645629,0.6510551613738633,1,287.1581924918005,5.9723588717212515
493,303,2.989274740219116,33.997022167469765,11.996820135629818,51,40,571.5228589810663,0.18008817732334137,26,23,2,0.03230579977848892,0.8043369050015466,0.6444959794665149,1,286.4627978101271,4.797411087486352
495,304,2.650869607925415,34.005645994197295,11.991430243925102,51,40,567.7886070983067,0.2366853654384613,26,23,2,0.03230579977848892,0.7665373198496628,0.5378629344175169,1,285.1072643766853,3.7974643105547967
490,305,2.650934934616089,34.009149423805354,12.004365984016424,54,40,573.4385468093678,0.1494806557893753,22,24,2,0.03355190016492938,0.766544886651026,0.7036287376052872,1,287.1581924918005,5.196602422573807
495,306,2.110074996948242,34.003759532100645,11.991969233095574,52,40,567.7886070983067,0.2328147441148758,25,23,2,0.032479115784809096,0.6996029974587025,0.5450202826323998,1,285.1072643766853,3.5308299893674464
491,307,2.0823538303375244,34.001334080833516,11.993316706021751,51,40,567.7886070983067,0.12484165281057358,25,24,2,0.032997461673208585,0.6959086971438303,0.7517881434053355,1,285.1072643766853,4.921942687687055
491,308,3.898590326309204,34.0086104346349,12.001132048993597,54,30,573.4385468093678,0.20786158740520477,23,23,2,0.03284330382698634,0.8947163449366187,0.5916670128122292,1,287.1581924918005,4.992646035554664
491,309,2.9370205402374268,34.007262961708705,11.994394684362696,51,40,567.7886070983067,0.13385824859142303,25,24,2,0.032997461673208585,0.7986729709178627,0.7341140667835897,1,285.1072643766853,5.515963060658891
491,310,3.3920814990997314,33.99378823244692,12.004096489431191,53,40,574.7521337093785,0.1360112726688385,23,24,2,0.03336120131650131,0.8461426389461486,0.7299019880779068,1,287.6350245365044,5.926408395766509
495,311,2.989241361618042,34.009688412975834,11.993586200606991,51,40,567.7886070983067,0.4422956705093384,25,24,2,0.032997461673208585,0.804333305933044,0.20471641627775602,1,285.1072643766853,1.5490931688557938
490,312,1.8543341159820557,34.002681553759714,12.003557500260719,55,40,573.4385468093678,0.22184209525585175,23,22,2,0.03231537737679208,0.6643390891346169,0.565427928439342,1,287.1581924918005,3.485760190269976
493,313,1.3261528015136719,34.006184983367774,11.994664178947936,51,30,567.7886070983067,0.12860514223575592,25,24,2,0.032997461673208585,0.5809281152945852,0.7444044603592019,1,285.1072643766853,4.068367520053436
491,314,2.9370334148406982,33.99351873786168,12.005713456942601,53,40,574.7521337093785,0.13813455402851105,23,24,2,0.03336120131650131,0.7986743737843289,0.7257513317089767,1,287.6350245365044,5.562128782171116
491,315,2.9370381832122803,34.000525597077825,12.01002537030638,52,40,573.4385468093678,0.2544806897640228,23,25,2,0.033869898467623644,0.7986748933635719,0.5052541252568175,1,287.1581924918005,3.9247771851833746
493,316,3.704791784286499,34.002681553759714,11.994664178947936,51,40,567.7886070983067,0.15467913448810577,25,24,2,0.032997461673208585,0.8766006888617621,0.6935267309405941,1,285.1072643766853,5.719444218473031
492,317,1.3261549472808838,33.996213683714046,11.99547266270364,51,40,571.5228589810663,0.146076962351799,27,22,2,0.03161023852148754,0.5809284914145039,0.710254837533593,1,286.4627978101271,3.736223771999128
492,318,2.08235239982605,34.000795091663065,11.992508222266046,51,40,567.7886070983067,0.2215685248374939,25,24,2,0.032997461673208585,0.6959085057483553,0.5659388855169105,1,285.1072643766853,3.705190109184558
491,319,2.110138177871704,34.002681553759714,12.001940532749302,54,40,573.4385468093678,0.19807803630828857,23,23,2,0.03284330382698634,0.6996113841102509,0.610175744024543,1,287.1581924918005,4.026056414000086
497,320,2.0823516845703125,33.99082379200934,11.991969233095574,52,40,571.5228589810663,0.24909798800945282,26,22,2,0.031777761538691766,0.6959084100505882,0.5150643856376117,1,286.4627978101271,3.2629103192395985
492,321,1.3261562585830688,33.99594418912881,11.996011651874113,51,40,571.5228589810663,0.25471949577331543,27,22,2,0.03161023852148754,0.5809287212653859,0.5048199952442327,1,286.4627978101271,2.6555556025868348
492,322,2.082369327545166,33.99594418912881,12.003018511090247,51,30,574.7521337093785,0.11000794172286987,25,24,2,0.032997461673208585,0.6959107705897712,0.7809758404539658,1,287.6350245365044,5.158381498962972
496,323,2.110145092010498,33.99163227576503,12.003018511090247,52,40,574.7521337093785,0.22081030905246735,26,22,2,0.031777761538691766,0.6996123018856469,0.5673555655464213,1,287.6350245365044,3.6280881175139013
492,324,3.3634488582611084,33.99136278117979,12.009486381135908,52,40,574.7521337093785,0.19439363479614258,25,23,2,0.032479115784809096,0.8432718117826544,0.6171753899854991,1,287.6350245365044,4.862080540869489
495,325,3.8984429836273193,34.00887992922014,11.990352265584157,51,40,567.7886070983067,0.1307171732187271,25,24,2,0.032997461673208585,0.8947027770404257,0.7402649133713716,1,285.1072643766853,6.230957182616975
496,326,1.8956862688064575,33.997022167469765,11.993586200606991,50,40,571.5228589810663,0.21226270496845245,27,23,2,0.032138282057245254,0.670230108708806,0.5833794216977177,1,286.4627978101271,3.5996968379347876
491,327,3.8235435485839844,33.99163227576503,12.009486381135908,52,40,574.7521337093785,0.13715150952339172,25,23,2,0.032479115784809096,0.8877659899673328,0.7276726142011506,1,287.6350245365044,6.03504481205508
494,328,0.9274099469184875,33.99271025410599,11.997898113970763,52,40,571.5228589810663,0.15709461271762848,26,22,2,0.031777761538691766,0.5034748895187708,0.6888404915204746,1,286.4627978101271,3.157097644770695
498,329,4.6273674964904785,33.99082379200934,11.995203168118408,52,40,571.5228589810663,0.2488139569759369,27,21,2,0.03107195524352403,0.9584419515340706,0.5155833592023933,1,286.4627978101271,4.398468827837033
491,330,1.8543341159820557,34.002951048344954,11.996820135629818,51,40,567.7886070983067,0.1515355259180069,26,23,2,0.03230579977848892,0.6643390891346169,0.6996329351427961,1,285.1072643766853,4.281035532770103
492,331,2.082357883453369,33.999986607907346,11.99574215728888,52,40,571.5228589810663,0.23027993738651276,25,23,2,0.032479115784809096,0.6959092394305827,0.5497194401868563,1,286.4627978101271,3.5593125411225226
493,332,3.363438844680786,33.99271025410599,12.007060929868786,53,40,574.7521337093785,0.17990276217460632,22,25,2,0.0340601571331285,0.8432708052434037,0.6448515147325892,1,287.6350245365044,5.327398747333682
495,333,2.110159158706665,33.99567469454357,12.005174467772129,54,40,574.7521337093785,0.17731982469558716,22,24,2,0.03355190016492938,0.6996141690783169,0.64980796722243,1,287.6350245365044,4.387352379266412
495,334,2.842362403869629,33.996483178299286,12.005713456942601,54,40,574.7521337093785,0.2084636241197586,22,24,2,0.03355190016492938,0.7882578643431378,0.5905318936764898,1,287.6350245365044,4.49231870151936
494,335,4.693475246429443,33.995135705373116,11.998167608556003,51,40,571.5228589810663,0.21153661608695984,27,22,2,0.03161023852148754,0.9639198711794237,0.5847449973170873,1,286.4627978101271,5.10391520421678
493,336,2.9893136024475098,34.000256102492585,12.000862554408357,54,40,573.4385468093678,0.13050852715969086,23,23,2,0.03284330382698634,0.80434109531543,0.7406737227131694,1,287.1581924918005,5.618692237085714
492,337,1.3261702060699463,33.998908629566415,12.00167103816407,53,40,574.7521337093785,0.1708040088415146,23,24,2,0.03336120131650131,0.5809311660345211,0.6623408349846429,1,287.6350245365044,3.6922377327840037
493,338,2.1101558208465576,33.99217126493551,12.004635478601664,53,40,574.7521337093785,0.1521935611963272,23,24,2,0.03336120131650131,0.6996137260163228,0.6983540786281925,1,287.6350245365044,4.688322131640711
489,339,2.8422951698303223,34.00887992922014,11.99951508148218,54,40,567.7886070983067,0.2168734222650528,23,23,2,0.03284330382698634,0.7882503937705709,0.5747238783374411,1,285.1072643766853,4.242077110597314
490,340,0.0,34.006184983367774,12.007330424454018,55,30,573.4385468093678,0.2233833372592926,22,23,2,0.033034264846776525,0.16531147321376102,0.5625512155010312,1,287.1581924918005,0.88216723010239
495,341,4.214574813842773,33.996213683714046,12.002479521919774,51,40,574.7521337093785,0.18941760063171387,25,24,2,0.032997461673208585,0.9231433901330187,0.6266533632922834,1,287.6350245365044,5.490587793223514
490,342,0.9481495022773743,34.001873070003995,12.007060929868786,53,40,573.4385468093678,0.24966774880886078,24,23,2,0.03265826952273852,0.5079494918743879,0.5140237274692655,1,287.1581924918005,2.4486013054953966
491,343,2.1101152896881104,34.002412059174475,11.998437103141235,53,40,567.7886070983067,0.2156730741262436,23,24,2,0.03336120131650131,0.6996083459443897,0.5769745718811113,1,285.1072643766853,3.8393846061881756
489,344,2.1101224422454834,34.00834094004966,11.99951508148218,54,40,567.7886070983067,0.22221361100673676,23,23,2,0.03284330382698634,0.6996092953733377,0.5647341994326734,1,285.1072643766853,3.699600085252905
492,345,3.898477077484131,34.01022740214631,11.992777716851286,51,40,567.7886070983067,0.4228534698486328,25,24,2,0.032997461673208585,0.8947059165644632,0.23100302324623187,1,285.1072643766853,1.9444052685348403
494,346,2.9892525672912598,33.99405772703216,11.994664178947936,51,40,571.5228589810663,0.16847825050354004,27,22,2,0.03161023852148754,0.8043345141944247,0.6668242719083616,1,286.4627978101271,4.856731632295742
493,347,1.326168179512024,34.002951048344954,12.000862554408357,53,40,573.4385468093678,0.262685090303421,23,24,2,0.03336120131650131,0.580930810812612,0.4903944685062501,1,287.1581924918005,2.7291843078701503
491,348,2.842374086380005,33.996752672884526,12.007060929868786,53,40,574.7521337093785,0.2060399353504181,24,23,2,0.03265826952273852,0.7882591624106088,0.5951044246382772,1,287.6350245365044,4.406534183161846
490,349,1.3261696100234985,34.001064586248305,12.00140154357883,54,40,573.4385468093678,0.15723811089992523,22,24,2,0.03355190016492938,0.5809310615575228,0.6885622489228725,1,287.1581924918005,3.853950555076207
489,350,3.787433624267578,34.002412059174475,12.008138908209723,53,40,573.4385468093678,0.2400219589471817,24,23,2,0.03265826952273852,0.8843928876872961,0.5317110986997586,1,287.1581924918005,4.4099670735389
489,351,2.650909900665283,34.005107005026815,11.99951508148218,54,40,567.7886070983067,0.1496334820985794,22,24,2,0.03355190016492938,0.7665419869775191,0.7033314412557979,1,285.1072643766853,5.15728799702073
496,352,1.8956648111343384,33.99082379200934,11.990621760169397,52,40,571.5228589810663,0.24549686908721924,26,22,2,0.031777761538691766,0.670227071892484,0.5216538183156061,1,286.4627978101271,3.1827013441462717
492,353,2.842377185821533,33.99729166205498,12.007330424454018,53,40,574.7521337093785,0.21741458773612976,24,23,2,0.03265826952273852,0.7882595067953223,0.5737097984397478,1,287.6350245365044,4.248116528578226
489,354,1.8543341159820557,34.009149423805354,11.998437103141235,55,40,567.7886070983067,0.1827012002468109,23,22,2,0.03231537737679208,0.6643390891346169,0.6394892625047546,1,285.1072643766853,3.91417806148779
491,355,1.8543341159820557,33.996752672884526,12.003018511090247,53,40,574.7521337093785,0.1329319179058075,23,24,2,0.03336120131650131,0.6643390891346169,0.7359272981053899,1,287.6350245365044,4.691461623766875
487,356,2.9370291233062744,34.004029026685885,12.001940532749302,53,40,573.4385468093678,0.19121085107326508,23,24,2,0.03336120131650131,0.7986739061625806,0.6232345259574563,1,287.1581924918005,4.768523112582248
493,357,0.948158323764801,33.99351873786168,12.009486381135908,51,40,574.7521337093785,0.22614000737667084,25,24,2,0.032997461673208585,0.5079513825786277,0.5574141247707174,1,287.6350245365044,2.687338766282846
494,358,3.3634092807769775,33.997022167469765,11.99951508148218,53,40,571.5228589810663,0.1701538860797882,25,22,2,0.03195109714335125,0.8432678335456981,0.6635935795484512,1,286.4627978101271,5.121789374549469
493,359,2.082362174987793,34.000256102492585,11.998706597726475,53,40,567.7886070983067,0.23321332037448883,24,23,2,0.03265826952273852,0.695909813615868,0.5442822338635408,1,285.1072643766853,3.526781641001347
495,360,2.0823581218719482,33.997022167469765,11.996011651874113,51,40,571.5228589810663,0.1597890406847,26,23,2,0.03230579977848892,0.6959092713297838,0.6836189728270925,1,286.4627978101271,4.402663125857157
490,361,0.0,34.006184983367774,12.004904973186896,54,40,573.4385468093678,0.22981835901737213,22,24,2,0.03355190016492938,0.16531147321376102,0.5505761401743656,1,287.1581924918005,0.8769174553282894
491,362,0.0,33.998100145810696,12.006791435283546,53,40,574.7521337093785,0.2447238564491272,24,23,2,0.03265826952273852,0.16531147321376102,0.5230709865881685,1,287.6350245365044,0.8122665415459999
493,363,2.11011004447937,34.002412059174475,11.99762861938553,53,40,567.7886070983067,0.16288509964942932,23,24,2,0.03336120131650131,0.6996076496952718,0.6776270030670987,1,285.1072643766853,4.5091555536884025
493,364,0.9481563568115234,33.99163227576503,12.008947391965435,52,40,574.7521337093785,0.16814927756786346,25,23,2,0.032479115784809096,0.5079509610035959,0.6674588559124137,1,287.6350245365044,3.167322247075038
491,365,2.9893970489501953,33.998639134981175,12.009216886550668,54,40,574.7521337093785,0.22808508574962616,23,23,2,0.03284330382698634,0.8043500928122895,0.5537958638646923,1,287.6350245365044,4.208074594714951
491,366,1.8543341159820557,33.99271025410599,11.991160749339869,52,40,571.5228589810663,0.20026558637619019,26,22,2,0.031777761538691766,0.6643390891346169,0.6060273068927986,1,286.4627978101271,3.664996220627456
493,367,3.823533296585083,34.0086104346349,11.99762861938553,55,40,567.7886070983067,0.20109505951404572,23,22,2,0.03231537737679208,0.8877650349934528,0.6044557868697439,1,285.1072643766853,4.944018542183331
493,368,0.9274099469184875,34.001873070003995,11.99735912480029,53,40,567.7886070983067,0.1869167685508728,23,24,2,0.03336120131650131,0.5034748895187708,0.6314271025348579,1,285.1072643766853,3.023785626340135
493,369,2.1101152896881104,33.99756115664022,11.998437103141235,51,40,571.5228589810663,0.20712019503116608,27,22,2,0.03161023852148754,0.6996083459443897,0.5930655041843974,1,286.4627978101271,3.7571077278939597
493,370,2.6509153842926025,33.996483178299286,12.000593059823125,52,40,574.7521337093785,0.17397454380989075,26,22,2,0.031777761538691766,0.766542622145494,0.656237254507534,1,287.6350245365044,4.5979289830370265
495,371,2.9370319843292236,33.98974581366838,12.004365984016424,51,30,574.7521337093785,0.15216176211833954,26,23,2,0.03230579977848892,0.7986742179104581,0.6984158702651015,1,287.6350245365044,5.183296224994538
489,372,2.110187292098999,34.00887992922014,12.00975587572114,54,40,573.4385468093678,0.2769332826137543,22,24,2,0.03355190016492938,0.6996179034413333,0.46487046282075856,1,287.1581924918005,3.133510823871917
492,373,2.937028646469116,33.999178124151626,12.00167103816407,54,40,574.7521337093785,0.2055322229862213,22,24,2,0.03355190016492938,0.7986738542045835,0.5960631971634474,1,287.6350245365044,4.5943138951225
489,374,1.3261897563934326,34.001064586248305,12.009486381135908,52,40,573.4385468093678,0.24773848056793213,23,25,2,0.033869898467623644,0.5809345928644728,0.5175496159682977,1,287.1581924918005,2.9242488957500097
491,375,2.842327356338501,33.99756115664022,12.002479521919774,53,40,574.7521337093785,0.26577821373939514,23,24,2,0.03336120131650131,0.7882539701216446,0.4848224382726688,1,287.6350245365044,3.6671808401097103
492,376,0.9274099469184875,33.998369640395936,12.006521940698313,53,40,574.7521337093785,0.22206436097621918,24,23,2,0.03265826952273852,0.5034748895187708,0.5650128703431471,1,287.6350245365044,2.672213123931651
491,377,1.8543341159820557,33.994866210787876,12.007599919039258,54,40,574.7521337093785,0.23346737027168274,23,23,2,0.03284330382698634,0.6643390891346169,0.5438119281334004,1,287.6350245365044,3.4129281203043424
494,378,0.9274099469184875,33.99405772703216,12.004635478601664,53,40,574.7521337093785,0.1384824812412262,23,24,2,0.03336120131650131,0.5034748895187708,0.7250715035236536,1,287.6350245365044,3.503015838891128
489,379,1.3261653184890747,34.008071445464424,11.999784576067412,54,40,567.7886070983067,0.2056647092103958,23,23,2,0.03284330382698634,0.580930309322304,0.5958129773419998,1,285.1072643766853,3.241075254945264
496,380,1.326184868812561,33.99163227576503,12.007599919039258,50,30,574.7521337093785,0.15457147359848022,27,23,2,0.032138282057245254,0.5809337361598225,0.6937357173790153,1,287.6350245365044,3.7255043807652264
492,381,2.989224672317505,34.001873070003995,11.991969233095574,52,40,567.7886070983067,0.22182604670524597,24,24,2,0.03317640299912301,0.804331506389816,0.5654579000549509,1,285.1072643766853,4.302025077078645
491,382,1.8543341159820557,34.004568015856364,12.008677897380196,55,40,573.4385468093678,0.24403180181980133,23,22,2,0.03231537737679208,0.6643390891346169,0.5243405319341936,1,287.1581924918005,3.2324638745842744
497,383,2.8423011302948,34.002681553759714,12.000054070652652,53,40,573.4385468093678,0.19739548861980438,23,24,2,0.03336120131650131,0.788251056059628,0.6114712662527942,1,287.1581924918005,4.617463882024906
492,384,2.9370172023773193,34.006184983367774,11.991430243925102,51,40,567.7886070983067,0.220748633146286,26,23,2,0.03230579977848892,0.7986726072111437,0.5674708376446916,1,285.1072643766853,4.174467819544072
490,385,0.948099672794342,34.006184983367774,11.992777716851286,51,40,567.7886070983067,0.15413746237754822,25,24,2,0.032997461673208585,0.5079388117523854,0.6945782988884615,1,285.1072643766853,3.3191083132232637
494,386,3.3633928298950195,34.003759532100645,11.995203168118408,53,40,567.7886070983067,0.12611094117164612,24,23,2,0.03265826952273852,0.8432661799329925,0.7492968651048566,1,285.1072643766853,5.883287211182228
498,387,2.9370245933532715,33.99028480283886,11.998167608556003,51,40,571.5228589810663,0.14452725648880005,27,22,2,0.03161023852148754,0.7986734125614047,0.7132747211555697,1,286.4627978101271,5.1584836937378755
493,388,1.326149344444275,33.999447618736866,11.993316706021751,51,40,571.5228589810663,0.17290180921554565,25,24,2,0.032997461673208585,0.5809275093228382,0.6583012785328048,1,286.4627978101271,3.614892639748325
494,389,0.9481495022773743,33.998639134981175,12.007060929868786,53,40,574.7521337093785,0.23274223506450653,24,23,2,0.03265826952273852,0.5079494918743879,0.5451545736102742,1,287.6350245365044,2.601208274599883
494,390,2.11013126373291,33.99136278117979,12.000862554408357,53,40,574.7521337093785,0.11958630383014679,23,24,2,0.03336120131650131,0.6996104663330571,0.7621138350836631,1,287.6350245365044,5.116342298975275
494,391,2.650865316390991,33.996752672884526,11.990621760169397,51,40,571.5228589810663,0.2393922060728073,26,23,2,0.03230579977848892,0.7665368227566282,0.5328709098876024,1,286.4627978101271,3.7801041070500356
494,392,2.110161066055298,33.997830651225456,12.005443962357369,54,40,574.7521337093785,0.2555205225944519,23,23,2,0.03284330382698634,0.6996144222564111,0.5033644883247306,1,287.6350245365044,3.3268248191938787
495,393,0.0,33.99594418912881,11.990082770998924,53,40,571.5228589810663,0.25619471073150635,24,23,2,0.03265826952273852,0.16531147321376102,0.5021402864607096,1,286.4627978101271,0.7765858271951059
495,394,1.895715594291687,33.99405772703216,11.997898113970763,52,40,571.5228589810663,0.16981129348278046,26,22,2,0.031777761538691766,0.670234258991189,0.6642538954328986,1,286.4627978101271,4.052772858451332
489,395,2.0823676586151123,34.005107005026815,12.001940532749302,53,40,573.4385468093678,0.16357901692390442,23,24,2,0.03336120131650131,0.6959105472960363,0.6762852021988368,1,287.1581924918005,4.5086465997413105
491,396,2.989316463470459,34.005107005026815,12.001132048993597,54,40,573.4385468093678,0.12889117002487183,22,24,2,0.03355190016492938,0.8043414038035133,0.7438436756708241,1,287.1581924918005,5.764483913033632
495,397,2.1100645065307617,33.992979748691226,11.990352265584157,52,40,571.5228589810663,0.2509313225746155,26,22,2,0.031777761538691766,0.6996016049435354,0.5117177103973506,1,286.4627978101271,3.2589130710836454
491,398,1.8543341159820557,33.994596716202636,11.994664178947936,51,40,571.5228589810663,0.13771145045757294,27,22,2,0.03161023852148754,0.6643390891346169,0.7265781683507552,1,286.4627978101271,4.370872652063097
491,399,0.9481495022773743,34.002142564589235,12.007060929868786,53,40,573.4385468093678,0.2467324137687683,24,23,2,0.03265826952273852,0.5079494918743879,0.5193906506661975,1,287.1581924918005,2.4741671586734233
489,400,1.3261891603469849,34.002951048344954,12.009216886550668,53,40,573.4385468093678,0.21984140574932098,24,23,2,0.03265826952273852,0.5809344883883971,0.5691670393241888,1,287.1581924918005,3.1008537388721322
492,401,2.650930881500244,34.000525597077825,12.003557500260719,54,40,573.4385468093678,0.16724282503128052,22,24,2,0.03355190016492938,0.7665444171811856,0.6692079138301233,1,287.1581924918005,4.942386731094436
497,402,2.937026262283325,33.99244075952075,11.99951508148218,52,40,571.5228589810663,0.13132813572883606,27,21,2,0.03107195524352403,0.7986735944145222,0.7390679977609806,1,286.4627978101271,5.254005649257511
491,403,2.842289447784424,34.0086104346349,11.998976092311707,55,40,567.7886070983067,0.2003929167985916,23,22,2,0.03231537737679208,0.7882497579722972,0.6057860134729217,1,285.1072643766853,4.399472456445314
491,404,1.8543341159820557,34.002681553759714,11.998706597726475,53,40,567.7886070983067,0.213662251830101,23,24,2,0.03336120131650131,0.6643390891346169,0.5807491710870535,1,285.1072643766853,3.6696814727916807
493,405,1.326183557510376,33.98974581366838,12.007060929868786,51,40,574.7521337093785,0.13126066327095032,27,22,2,0.03161023852148754,0.5809335063119114,0.7392001682546849,1,287.6350245365044,3.904433439462468
487,406,1.89579176902771,34.01022740214631,12.008677897380196,53,40,573.4385468093678,0.14497074484825134,24,23,2,0.03265826952273852,0.6702450394232854,0.712410313486546,1,287.1581924918005,4.477939135814466
491,407,1.3261862993240356,33.998908629566415,12.008138908209723,52,40,574.7521337093785,0.23619136214256287,23,25,2,0.033869898467623644,0.5809339869028427,0.5387751790949756,1,287.6350245365044,3.04922890246586
495,408,2.650930881500244,33.99190177035027,12.003557500260719,52,40,574.7521337093785,0.18067054450511932,26,22,2,0.031777761538691766,0.7665444171811856,0.6433795148936594,1,287.6350245365044,4.507851734473789
491,409,2.082369804382324,33.997022167469765,12.00328800567548,53,40,574.7521337093785,0.18409399688243866,23,24,2,0.03336120131650131,0.6959108343879616,0.6368234893127176,1,287.6350245365044,4.252615528350288
492,410,3.39201283454895,33.996213683714046,11.996281146459346,51,40,571.5228589810663,0.2087005376815796,27,22,2,0.03161023852148754,0.8461357716185721,0.5900853260193671,1,286.4627978101271,4.521170372303283
492,411,0.9481231570243835,34.003759532100645,11.99951508148218,54,40,567.7886070983067,0.15403424203395844,22,24,2,0.03355190016492938,0.5079438452489417,0.6947787122067915,1,285.1072643766853,3.375884733239236
495,412,2.650893211364746,33.99244075952075,11.996011651874113,50,40,571.5228589810663,0.20728373527526855,28,22,2,0.03144848961887159,0.7665400538527719,0.5927569587109638,1,286.4627978101271,4.093356175638144
489,413,1.8957233428955078,34.00887992922014,11.998976092311707,55,40,567.7886070983067,0.21835125982761383,23,22,2,0.03231537737679208,0.6702353556041029,0.5719555074929266,1,285.1072643766853,3.531889396077561
492,414,2.9370315074920654,34.004837510441604,12.004096489431191,56,40,573.4385468093678,0.22953040897846222,22,22,2,0.03250641609418257,0.7986741659524911,0.5511107372999061,1,287.1581924918005,4.1086468175451305
490,415,0.9481084942817688,34.00995790756107,11.995203168118408,52,40,567.7886070983067,0.26639100909233093,23,25,2,0.033869898467623644,0.5079407025162028,0.4837205380784256,1,285.1072643766853,2.3726283772904666
493,416,1.326168179512024,33.996752672884526,12.000862554408357,53,40,574.7521337093785,0.15291935205459595,25,22,2,0.03195109714335125,0.580930810812612,0.6969439560781662,1,287.6350245365044,3.7209155246391274
491,417,0.9274099469184875,33.997830651225456,12.007599919039258,53,40,574.7521337093785,0.23991456627845764,24,23,2,0.03265826952273852,0.5034748895187708,0.5319088401187042,1,287.6350245365044,2.515648506267169
494,418,0.948127031326294,33.99163227576503,12.000593059823125,53,40,574.7521337093785,0.12430115789175034,23,24,2,0.03336120131650131,0.5079446756409365,0.7528493061530422,1,287.6350245365044,3.6695086479127736
495,419,0.9481055736541748,33.99136278117979,11.994394684362696,52,40,571.5228589810663,0.23575302958488464,27,21,2,0.03107195524352403,0.5079400765212421,0.5395849257617799,1,286.4627978101271,2.439546498861919
493,420,2.6508960723876953,34.003490037515405,11.996550641044585,53,40,567.7886070983067,0.11983314156532288,24,23,2,0.03265826952273852,0.7665403852461014,0.761628466948566,1,285.1072643766853,5.436002660251298
496,421,4.6273674964904785,33.99109328659458,11.994664178947936,52,40,571.5228589810663,0.24219895899295807,27,21,2,0.03107195524352403,0.9584419515340706,0.5277064236691579,1,286.4627978101271,4.501891330140857
490,422,1.8957566022872925,33.99729166205498,12.003557500260719,54,40,574.7521337093785,0.20914986729621887,23,23,2,0.03284330382698634,0.6702400625736911,0.5892385608193557,1,287.6350245365044,3.7308702817226553
490,423,2.1101558208465576,33.998639134981175,12.004635478601664,54,40,574.7521337093785,0.2585650384426117,23,23,2,0.03284330382698634,0.6996137260163228,0.4978422922097859,1,287.6350245365044,3.2903243751544964
493,424,1.8543341159820557,33.999717113322106,11.99924558689694,54,40,571.5228589810663,0.27270206809043884,23,23,2,0.03284330382698634,0.6643390891346169,0.4724115722359707,1,286.4627978101271,2.9527413195369796
494,425,4.1592183113098145,33.999986607907346,11.992508222266046,51,40,571.5228589810663,0.19524580240249634,25,24,2,0.032997461673208585,0.9182567871496664,0.6155550477554301,1,286.4627978101271,5.342933962359157
495,426,2.0823781490325928,34.00887992922014,12.008677897380196,54,40,573.4385468093678,0.18097446858882904,22,24,2,0.03355190016492938,0.6959119508548787,0.6427969964884206,1,287.1581924918005,4.309892773133821
495,427,2.8422133922576904,33.994866210787876,11.991699738510341,51,40,571.5228589810663,0.27064988017082214,26,23,2,0.03230579977848892,0.7882413070811112,0.47608101815453,1,286.4627978101271,3.4728720447082058
493,428,4.722679138183594,33.996483178299286,12.002749016505007,51,40,574.7521337093785,0.15869785845279694,25,24,2,0.032997461673208585,0.9663253276545767,0.685732810511301,1,287.6350245365044,6.289275124517594
492,429,3.363373041152954,34.009418918390594,11.990352265584157,51,40,567.7886070983067,0.12180452048778534,25,24,2,0.032997461673208585,0.8432641907982946,0.757753393884457,1,285.1072643766853,6.011465579160996
495,430,0.9274099469184875,33.998100145810696,11.991699738510341,51,40,571.5228589810663,0.21152280271053314,26,23,2,0.03230579977848892,0.5034748895187708,0.5847709830720922,1,286.4627978101271,2.7246602507739444
492,431,2.6508986949920654,33.99756115664022,11.99735912480029,51,40,571.5228589810663,0.18649400770664215,27,22,2,0.03161023852148754,0.7665406890231325,0.6322347648449658,1,286.4627978101271,4.3884341674056015
497,432,3.704791784286499,33.99271025410599,12.000323565237885,52,40,574.7521337093785,0.12030074745416641,27,21,2,0.03107195524352403,0.8766006888617621,0.7607090941559206,1,287.6350245365044,5.959787380515693
495,433,4.693387508392334,33.99082379200934,11.990352265584157,52,40,571.5228589810663,0.24105584621429443,26,22,2,0.031777761538691766,0.9639126311341937,0.5298083133525153,1,286.4627978101271,4.648876092147804
492,434,4.6273674964904785,34.005645994197295,11.996820135629818,53,40,567.7886070983067,0.13555605709552765,23,24,2,0.03336120131650131,0.9584419515340706,0.7307922780264117,1,285.1072643766853,6.662078234717496
492,435,1.8956804275512695,33.99756115664022,11.992777716851286,50,40,571.5228589810663,0.2691827416419983,27,23,2,0.032138282057245254,0.6702292820219554,0.47870906481461317,1,286.4627978101271,2.95383298989293
493,436,2.1100733280181885,34.00834094004966,11.991699738510341,51,40,567.7886070983067,0.13669870793819427,25,24,2,0.032997461673208585,0.6996027759224754,0.7285578134808438,1,285.1072643766853,4.795173884419618
493,437,0.9274099469184875,33.996752672884526,11.992238727680814,51,40,571.5228589810663,0.26542893052101135,26,23,2,0.03230579977848892,0.5034748895187708,0.4854508013037247,1,286.4627978101271,2.261891475992669
490,438,1.3261709213256836,34.000525597077825,12.001940532749302,54,40,573.4385468093678,0.21422666311264038,22,24,2,0.03355190016492938,0.580931291406882,0.5796891580214897,1,287.1581924918005,3.2445784527945913
493,439,0.0,33.99082379200934,11.998437103141235,51,40,571.5228589810663,0.12442521750926971,27,22,2,0.03161023852148754,0.16531147321376102,0.7526057213441913,1,286.4627978101271,1.1265916133594969
494,440,2.6509029865264893,33.99082379200934,11.998167608556003,51,40,571.5228589810663,0.19228151440620422,27,22,2,0.03161023852148754,0.7665411861124332,0.6211950081002501,1,286.4627978101271,4.311808393915419
489,441,2.650909900665283,34.005107005026815,11.99951508148218,54,40,567.7886070983067,0.16565962135791779,22,24,2,0.03355190016492938,0.7665419869775191,0.6722646375184276,1,285.1072643766853,4.929485790802755
494,442,3.3920838832855225,33.99190177035027,12.004365984016424,52,40,574.7521337093785,0.13186924159526825,25,23,2,0.032479115784809096,0.8461428773935384,0.7380081483728269,1,287.6350245365044,5.83379044971797
491,443,2.84233021736145,34.002951048344954,12.002749016505007,54,40,573.4385468093678,0.23782603442668915,23,23,2,0.03284330382698634,0.7882542880183494,0.5357579333367072,1,287.1581924918005,3.982933005973278
494,444,4.159259796142578,33.99378823244692,12.005443962357369,53,40,574.7521337093785,0.15546295046806335,23,24,2,0.03336120131650131,0.9182604635878249,0.6920055170531536,1,287.6350245365044,6.097599438863027
494,445,2.1100785732269287,33.994596716202636,11.992508222266046,49,40,571.5228589810663,0.1949910968542099,27,24,2,0.032656992353623446,0.6996034721788361,0.616039267087463,1,286.4627978101271,4.031853706092214
498,446,2.0823590755462646,33.99028480283886,11.996550641044585,52,40,571.5228589810663,0.22121137380599976,27,21,2,0.03107195524352403,0.6959093989265662,0.5666061028700001,1,286.4627978101271,3.509706192657992
494,447,3.3633906841278076,33.99567469454357,11.994664178947936,49,40,571.5228589810663,0.21343442797660828,27,24,2,0.032656992353623446,0.8432659642440241,0.5811771611738494,1,286.4627978101271,4.584769695274898
492,448,4.214616298675537,34.003490037515405,12.005713456942601,56,40,573.4385468093678,0.1616644561290741,22,22,2,0.03250641609418257,0.9231470379344521,0.6799883630812377,1,287.1581924918005,5.859528382459182
495,449,4.214574813842773,33.996213683714046,12.002479521919774,51,40,574.7521337093785,0.1878308802843094,25,24,2,0.032997461673208585,0.9231433901330187,0.6296814010431923,1,287.6350245365044,5.5171187401336415
495,450,3.3919639587402344,34.004837510441604,11.99089125475463,52,40,567.7886070983067,0.22132247686386108,25,23,2,0.032479115784809096,0.8461308833663108,0.5663985252863772,1,285.1072643766853,4.43784511922139
492,451,2.989244222640991,34.00699346712349,11.993855695192224,51,30,567.7886070983067,0.1593334674835205,25,24,2,0.032997461673208585,0.8043336144255678,0.6845013826077402,1,285.1072643766853,5.179637480164169
492,452,2.650909900665283,34.000795091663065,11.99951508148218,54,40,567.7886070983067,0.23648719489574432,23,23,2,0.03284330382698634,0.7665419869775191,0.5382288395315977,1,285.1072643766853,3.863296437481242
489,453,0.0,34.00995790756107,12.002210027334534,54,40,573.4385468093678,0.20866666734218597,21,25,2,0.03425633029860485,0.16531147321376102,0.590149165231744,1,287.1581924918005,0.9596808788979472
497,454,0.948099672794342,33.99540519995833,11.992777716851286,49,40,571.5228589810663,0.21739131212234497,27,24,2,0.032656992353623446,0.5079388117523854,0.573753406171461,1,286.4627978101271,2.7263467411312314
493,455,1.8957878351211548,33.99351873786168,12.008138908209723,53,40,574.7521337093785,0.2208835333585739,22,25,2,0.0340601571331285,0.6702444826937014,0.5672187162350433,1,287.6350245365044,3.7245363335970905
491,456,0.0,34.000256102492585,12.004635478601664,54,40,573.4385468093678,0.23328657448291779,23,23,2,0.03284330382698634,0.16531147321376102,0.5441466136572778,1,287.1581924918005,0.848373268752081
489,457,5.969249725341797,34.0086104346349,11.99735912480029,55,40,567.7886070983067,0.2011258751153946,23,22,2,0.03231537737679208,1.0941526960366053,0.6043974194154558,1,285.1072643766853,6.092815836175564
492,458,2.937025308609009,34.007532456293944,11.998706597726475,53,40,567.7886070983067,0.20474685728549957,23,24,2,0.03336120131650131,0.7986734904984626,0.5975469190954009,1,285.1072643766853,4.539324657995221
491,459,4.997521877288818,34.004298521271124,12.00140154357883,53,40,573.4385468093678,0.3390072286128998,23,24,2,0.03336120131650131,0.9885466084208226,0.35852686037572556,1,287.1581924918005,3.395328042635736
492,460,0.9274099469184875,34.000795091663065,11.998706597726475,53,40,567.7886070983067,0.17988893389701843,24,23,2,0.03265826952273852,0.5034748895187708,0.6448780319968713,1,285.1072643766853,3.0231301876131975
491,461,6.464860916137695,34.004029026685885,12.007330424454018,54,40,573.4385468093678,0.18554484844207764,23,23,2,0.03284330382698634,1.1482211728742029,0.6340487838292578,1,287.1581924918005,6.866197220085067
491,462,0.9481280446052551,34.007262961708705,12.000862554408357,54,40,573.4385468093678,0.1723528355360031,24,22,2,0.03213028729808667,0.5079448928200456,0.6593579798413579,1,287.1581924918005,3.0901081858611477
493,463,2.110145092010498,33.998639134981175,12.003018511090247,53,40,574.7521337093785,0.2488325834274292,23,24,2,0.03336120131650131,0.6996123018856469,0.5155493214851862,1,287.6350245365044,3.461075760393296
493,464,5.962242603302002,33.998369640395936,11.99089125475463,51,40,571.5228589810663,0.2241165041923523,26,23,2,0.03230579977848892,1.093376281853254,0.5611839168174672,1,286.4627978101271,5.678368737587696
494,465,0.9274099469184875,34.001064586248305,11.990621760169397,50,40,567.7886070983067,0.21459932625293732,25,25,2,0.0335069514991671,0.5034748895187708,0.5789894919192058,1,285.1072643766853,2.784785167547584
490,466,3.3634345531463623,33.999447618736866,12.005713456942601,54,40,574.7521337093785,0.2232092022895813,23,23,2,0.03284330382698634,0.8432703738688938,0.562876072813872,1,287.6350245365044,4.4840271776497005
486,467,3.3921327590942383,34.001334080833516,12.01002537030638,53,40,573.4385468093678,0.23749150335788727,24,23,2,0.03265826952273852,0.8461477655430777,0.5363750770092282,1,287.1581924918005,4.25627011479186
491,468,2.937016487121582,33.998908629566415,11.99089125475463,50,40,571.5228589810663,0.21654371917247772,25,25,2,0.0335069514991671,0.7986725292739576,0.5753418932109797,1,286.4627978101271,4.410602215597846
492,469,2.1101574897766113,34.004298521271124,12.004904973186896,56,40,573.4385468093678,0.20122501254081726,22,22,2,0.03250641609418257,0.6996139475473722,0.6042096521196131,1,287.1581924918005,3.9458122700350624
488,470,3.704791784286499,34.00834094004966,11.996281146459346,52,40,567.7886070983067,0.19780157506465912,23,25,2,0.033869898467623644,0.8766006888617621,0.610700420910549,1,285.1072643766853,5.169543626079828
494,471,3.392015218734741,33.98974581366838,11.996550641044585,51,40,571.5228589810663,0.23641172051429749,27,22,2,0.03161023852148754,0.846136010068831,0.5383682120563125,1,286.4627978101271,4.124920563779613
494,472,2.8423011302948,33.99109328659458,12.000054070652652,53,40,571.5228589810663,0.16626402735710144,23,24,2,0.03336120131650131,0.788251056059628,0.6710974250068786,1,286.4627978101271,5.0554526126970245
490,473,1.8543341159820557,34.004029026685885,12.005713456942601,56,40,573.4385468093678,0.202182337641716,22,22,2,0.03250641609418257,0.6643390891346169,0.6023970738975898,1,287.1581924918005,3.7356223195030003
493,474,0.0,33.99082379200934,11.998437103141235,51,40,571.5228589810663,0.2001483291387558,27,22,2,0.03161023852148754,0.16531147321376102,0.6062495284664536,1,286.4627978101271,0.9075078955732517
491,475,0.9481514692306519,34.002681553759714,12.007599919039258,53,40,573.4385468093678,0.2725403606891632,24,23,2,0.03265826952273852,0.5079499134512468,0.472700435230803,1,287.1581924918005,2.251755710095718
496,476,4.2144246101379395,33.99405772703216,11.990621760169397,52,40,571.5228589810663,0.25155431032180786,26,22,2,0.031777761538691766,0.9231301823984928,0.5105817177633228,1,286.4627978101271,4.290616928057748
496,477,2.6509225368499756,33.99271025410599,12.001940532749302,52,40,574.7521337093785,0.11494957655668259,25,23,2,0.032479115784809096,0.7665434506242834,0.7712380066085602,1,287.6350245365044,5.522950693621726
496,478,1.8543341159820557,33.999178124151626,11.994664178947936,52,40,571.5228589810663,0.2139209657907486,25,23,2,0.032479115784809096,0.6643390891346169,0.5802632325285082,1,286.4627978101271,3.5866358608730584
494,479,3.704791784286499,33.99109328659458,11.99735912480029,51,40,571.5228589810663,0.17445862293243408,27,22,2,0.03161023852148754,0.8766006888617621,0.6553062180377431,1,286.4627978101271,5.201661640643384
491,480,2.082364082336426,34.001064586248305,11.999784576067412,54,40,567.7886070983067,0.23651108145713806,23,23,2,0.03284330382698634,0.695910068809101,0.5381847319002133,1,285.1072643766853,3.5070310736752237
490,481,3.392120599746704,34.007532456293944,12.008677897380196,55,40,573.4385468093678,0.17595379054546356,22,23,2,0.033034264846776525,0.8461465494707627,0.6524320008200548,1,287.1581924918005,5.236808580018999
494,482,2.650883436203003,33.996752672884526,11.994125189777463,49,40,571.5228589810663,0.29248759150505066,27,24,2,0.032656992353623446,0.7665389215906199,0.43744445304177654,1,286.4627978101271,3.1369062468489886
492,483,2.1101715564727783,33.998908629566415,12.007330424454018,53,40,574.7521337093785,0.22588330507278442,24,23,2,0.03265826952273852,0.6996158147334838,0.5578920445621921,1,287.6350245365044,3.666441189816983
491,484,2.110166311264038,34.00672397253825,12.006252446113074,55,40,573.4385468093678,0.1397692710161209,22,23,2,0.033034264846776525,0.6996151184954648,0.7225579651804173,1,287.1581924918005,4.795321572814712
489,485,1.3261408805847168,33.999986607907346,11.990082770998924,51,40,571.5228589810663,0.2156735211610794,25,24,2,0.032997461673208585,0.5809260257328417,0.5769737333219278,1,286.4627978101271,3.168295191593808
489,486,5.969249725341797,34.0086104346349,11.99735912480029,55,40,567.7886070983067,0.18566308915615082,23,22,2,0.03231537737679208,1.0941526960366053,0.6338227512732862,1,285.1072643766853,6.389447029772494
492,487,2.1101558208465576,34.00672397253825,12.004635478601664,54,40,573.4385468093678,0.2159772515296936,22,24,2,0.03355190016492938,0.6996137260163228,0.5764040490594751,1,287.1581924918005,3.8852921113639076
494,488,0.0,33.99756115664022,11.993855695192224,50,40,571.5228589810663,0.23107202351093292,27,23,2,0.032138282057245254,0.16531147321376102,0.5482500269747187,1,286.4627978101271,0.8343966372648463
494,489,3.704791784286499,33.99082379200934,12.00140154357883,52,40,574.7521337093785,0.13734304904937744,26,22,2,0.031777761538691766,0.8766006888617621,0.7272982106028986,1,287.6350245365044,5.827461275130846
494,490,1.8956921100616455,33.99729166205498,11.994394684362696,50,40,571.5228589810663,0.18060731887817383,27,23,2,0.032138282057245254,0.6702309353941327,0.6435007087545914,1,286.4627978101271,3.9706754086557194
492,491,2.8423712253570557,33.997830651225456,12.006791435283546,53,40,574.7521337093785,0.23201462626457214,24,23,2,0.03265826952273852,0.7882588445168284,0.5465025731477055,1,287.6350245365044,4.046653324816333
493,492,0.9274099469184875,33.998908629566415,12.00140154357883,53,40,574.7521337093785,0.210567906498909,23,24,2,0.03336120131650131,0.5034748895187708,0.5865679268258855,1,287.6350245365044,2.8338677334180713
491,493,3.3921303749084473,34.000256102492585,12.00975587572114,52,40,573.4385468093678,0.24550476670265198,23,25,2,0.033869898467623644,0.84614752709773,0.5216393444412969,1,287.1581924918005,4.292907549373211
492,494,4.722673416137695,34.001334080833516,11.994394684362696,51,40,567.7886070983067,0.17480938136577606,25,24,2,0.032997461673208585,0.9663248572026161,0.654631743306444,1,285.1072643766853,5.951261420958643
495,495,1.895682454109192,33.9943272216174,11.993047211436519,51,40,571.5228589810663,0.24207492172718048,27,22,2,0.03161023852148754,0.6702295688318517,0.5279343984878441,1,286.4627978101271,3.2040519289266927
492,496,1.8543341159820557,34.0086104346349,11.99547266270364,52,40,567.7886070983067,0.14977841079235077,23,25,2,0.033869898467623644,0.6643390891346169,0.7030495256796244,1,285.1072643766853,4.510221844506161
494,497,1.3261500597000122,34.006184983367774,11.993586200606991,51,40,567.7886070983067,0.15781724452972412,25,24,2,0.032997461673208585,0.5809276346963808,0.6874394901978572,1,285.1072643766853,3.757035763641618
490,498,0.9274099469184875,34.002681553759714,11.998437103141235,53,40,567.7886070983067,0.18376654386520386,23,24,2,0.03336120131650131,0.5034748895187708,0.6374500412874221,1,285.1072643766853,3.0526283471470474
493,499,2.842362403869629,33.99082379200934,12.005713456942601,50,40,574.7521337093785,0.20128479599952698,27,23,2,0.032138282057245254,0.7882578643431378,0.6040964273129523,1,287.6350245365044,4.401888172666077
493,500,2.082357883453369,33.995135705373116,11.99574215728888,51,40,571.5228589810663,0.1659134030342102,27,22,2,0.03161023852148754,0.6959092394305827,0.6717745002195379,1,286.4627978101271,4.233232475952079
492,501,1.8543341159820557,33.99271025410599,12.006521940698313,53,40,574.7521337093785,0.20752649009227753,22,25,2,0.0340601571331285,0.6643390891346169,0.592299023351595,1,287.6350245365044,3.8549543383263307
494,502,3.898533582687378,33.999717113322106,11.996820135629818,53,40,571.5228589810663,0.16755765676498413,24,23,2,0.03265826952273852,0.8947111197957461,0.6686003389700383,1,286.4627978101271,5.596426772245719
492,503,3.3634257316589355,33.99351873786168,12.003557500260719,53,40,574.7521337093785,0.12430986016988754,23,24,2,0.03336120131650131,0.8432694871535958,0.7528322193486998,1,287.6350245365044,6.0918336057189855
496,504,3.8984429836273193,34.00834094004966,11.990352265584157,51,40,567.7886070983067,0.13935229182243347,25,24,2,0.032997461673208585,0.8947027770404257,0.7233723343596042,1,285.1072643766853,6.088768981305464
492,505,2.0823733806610107,33.997022167469765,12.005443962357369,54,40,574.7521337093785,0.232009157538414,23,23,2,0.03284330382698634,0.6959113128741107,0.5465127076732128,1,287.6350245365044,3.592880452466828
492,506,2.1101365089416504,33.99082379200934,12.00167103816407,52,40,574.7521337093785,0.17097772657871246,26,22,2,0.031777761538691766,0.6996111625779894,0.6620061605392485,1,287.6350245365044,4.233346633586766
494,507,5.745067596435547,34.00887992922014,12.001132048993597,54,40,573.4385468093678,0.2793528139591217,23,23,2,0.03284330382698634,1.0691369687179604,0.46057334640557,1,287.1581924918005,4.644085399541413
493,508,1.3261479139328003,33.997830651225456,11.992777716851286,50,40,571.5228589810663,0.24950170516967773,27,23,2,0.032138282057245254,0.5809272585756315,0.5143269490762269,1,286.4627978101271,2.7507550751848044
493,509,0.9274099469184875,33.99244075952075,12.002749016505007,52,40,574.7521337093785,0.17729291319847107,25,23,2,0.032479115784809096,0.5034748895187708,0.6498596438167433,1,287.6350245365044,3.056633360151163
494,510,0.9481201767921448,33.996752672884526,11.998706597726475,51,40,571.5228589810663,0.2537674009799957,27,22,2,0.03161023852148754,0.5079432064844843,0.506551391406702,1,286.4627978101271,2.329885995840278
495,511,2.8422484397888184,33.99405772703216,11.994933673533168,50,40,571.5228589810663,0.1851525455713272,28,22,2,0.03144848961887159,0.7882452013956758,0.6347988289924139,1,286.4627978101271,4.507808665975947
491,512,3.8235368728637695,34.00995790756107,12.00167103816407,54,40,573.4385468093678,0.16015343368053436,21,25,2,0.03425633029860485,0.8877653681240485,0.6829133029441544,1,287.1581924918005,5.963837758290413
496,513,0.9274099469184875,33.99351873786168,11.994933673533168,50,40,571.5228589810663,0.22161558270454407,28,22,2,0.03144848961887159,0.5034748895187708,0.565850986600786,1,286.4627978101271,2.566539273854686
492,514,1.8957761526107788,33.99567469454357,12.006521940698313,54,40,574.7521337093785,0.21330179274082184,23,23,2,0.03284330382698634,0.6702428293714694,0.5814263608350201,1,287.6350245365044,3.681421124834222
496,515,2.110161066055298,33.99136278117979,12.005443962357369,52,40,574.7521337093785,0.17107145488262177,25,23,2,0.032479115784809096,0.6996144222564111,0.6618256010748639,1,287.6350245365044,4.325619174323586
497,516,2.1101205348968506,33.99271025410599,11.99924558689694,52,40,571.5228589810663,0.14938683807849884,27,21,2,0.03107195524352403,0.699609042192473,0.7038112525462077,1,286.4627978101271,4.382767493967178
491,517,3.9728128910064697,34.004837510441604,11.997898113970763,53,40,567.7886070983067,0.1127980500459671,22,25,2,0.0340601571331285,0.9015128129975132,0.775476047519545,1,285.1072643766853,6.788834508138016
492,518,1.8543341159820557,34.00834094004966,12.00786941362449,55,40,573.4385468093678,0.13457785546779633,23,22,2,0.03231537737679208,0.6643390891346169,0.7327058970490397,1,287.1581924918005,4.516998398291156
493,519,2.6509153842926025,34.00995790756107,12.000593059823125,54,40,573.4385468093678,0.22941547632217407,23,23,2,0.03284330382698634,0.766542622145494,0.5513241501678028,1,287.1581924918005,3.9857621036449156
494,520,4.1592183113098145,33.999986607907346,11.992508222266046,51,40,571.5228589810663,0.19926053285598755,25,24,2,0.032997461673208585,0.9182567871496664,0.6079325752197975,1,286.4627978101271,5.276771939098546
494,521,3.3633885383605957,33.99567469454357,11.994125189777463,49,40,571.5228589810663,0.24441470205783844,27,24,2,0.032656992353623446,0.843265748554974,0.5236380244707991,1,286.4627978101271,4.130855945846748
495,522,3.3920984268188477,33.99244075952075,12.005982951527841,53,40,574.7521337093785,0.18780335783958435,22,25,2,0.0340601571331285,0.8461443319204593,0.6297339480917172,1,287.6350245365044,5.220233997420618
495,523,0.9481299519538879,33.996483178299286,12.00140154357883,51,40,574.7521337093785,0.18297873437404633,25,24,2,0.032997461673208585,0.507945301627403,0.6389579073066943,1,287.6350245365044,3.0804310866315077
490,524,3.3920421600341797,34.009688412975834,11.999784576067412,54,40,567.7886070983067,0.20115357637405396,23,23,2,0.03284330382698634,0.8461387045498334,0.6043449517672078,1,285.1072643766853,4.788302520027262
494,525,0.9480899572372437,34.007532456293944,11.990082770998924,51,40,567.7886070983067,0.19052009284496307,26,23,2,0.03230579977848892,0.5079367293448944,0.6245510368996107,1,285.1072643766853,2.9219066177857655
488,526,2.110111951828003,34.000525597077825,11.997898113970763,53,40,567.7886070983067,0.2073185294866562,24,23,2,0.03265826952273852,0.6996079028768889,0.592691318021891,1,285.1072643766853,3.86086595945316
487,527,4.6273674964904785,34.007262961708705,11.999784576067412,54,40,567.7886070983067,0.18075992166996002,24,22,2,0.03213028729808667,0.9584419515340706,0.6432081995693,1,285.1072643766853,5.647292452301003
491,528,2.6509225368499756,34.007532456293944,12.001940532749302,54,40,573.4385468093678,0.18981443345546722,23,23,2,0.03284330382698634,0.7665434506242834,0.6258964940008406,1,287.1581924918005,4.5248829061381715
493,529,9.324910163879395,34.008071445464424,12.00328800567548,54,40,573.4385468093678,0.19907039403915405,21,25,2,0.03425633029860485,1.434441119719327,0.6082931533469651,1,287.1581924918005,8.583367412113718
494,530,0.9481309652328491,33.99190177035027,12.00167103816407,52,40,574.7521337093785,0.13869117200374603,26,22,2,0.031777761538691766,0.5079455188061112,0.7246637770503382,1,287.6350245365044,3.3644862368514783
488,531,3.8235368728637695,34.004029026685885,12.00167103816407,53,40,573.4385468093678,0.25475093722343445,23,24,2,0.03336120131650131,0.8877653681240485,0.5047628443107539,1,287.1581924918005,4.29287724487035
495,532,1.3261758089065552,33.995135705373116,12.003826994845952,54,40,574.7521337093785,0.17903277277946472,22,24,2,0.03355190016492938,0.5809321481169307,0.6465201976354933,1,287.6350245365044,3.6246526638116188
495,533,2.8423917293548584,33.99082379200934,12.008677897380196,52,40,574.7521337093785,0.15529751777648926,25,23,2,0.032479115784809096,0.7882611227513736,0.6923265422549116,1,287.6350245365044,5.098319575085299
494,534,0.0,33.996483178299286,11.998706597726475,51,40,571.5228589810663,0.24404799938201904,27,22,2,0.03161023852148754,0.16531147321376102,0.5243108095922251,1,286.4627978101271,0.7848520734407086
494,535,0.9274099469184875,33.994866210787876,12.008947391965435,53,40,574.7521337093785,0.25866520404815674,23,24,2,0.03336120131650131,0.5034748895187708,0.49766087694913924,1,287.6350245365044,2.4043338151854594
495,536,2.6509461402893066,34.003759532100645,12.006791435283546,54,40,573.4385468093678,0.15235857665538788,23,23,2,0.03284330382698634,0.766546184594827,0.6980334356759063,1,287.1581924918005,5.046410798784776
494,537,2.7802884578704834,34.005915488782534,11.993316706021751,51,40,567.7886070983067,0.25182121992111206,25,24,2,0.032997461673208585,0.781315268995993,0.5100952133532496,1,285.1072643766853,3.7494397217305857
492,538,2.0823657512664795,33.99190177035027,12.000862554408357,53,40,574.7521337093785,0.12718863785266876,23,24,2,0.03336120131650131,0.6959102921030653,0.7471824498600288,1,287.6350245365044,4.989572881773412
493,539,2.110090970993042,33.999717113322106,11.994394684362696,51,40,571.5228589810663,0.23107081651687622,25,24,2,0.032997461673208585,0.6996051178715755,0.548252265400344,1,286.4627978101271,3.62561909156833
492,540,1.3261799812316895,34.005376499612055,12.005443962357369,56,40,573.4385468093678,0.21542155742645264,22,22,2,0.03250641609418257,0.5809328794532804,0.5774464148843802,1,287.1581924918005,3.1313235754953452
491,541,1.8543341159820557,34.004837510441604,12.005174467772129,56,40,573.4385468093678,0.20191365480422974,22,22,2,0.03250641609418257,0.6643390891346169,0.6029056811195138,1,287.1581924918005,3.738776326340694
495,542,3.787184715270996,33.99028480283886,11.990352265584157,52,40,571.5228589810663,0.2065482884645462,26,22,2,0.031777761538691766,0.884369570555106,0.5941447608732391,1,286.4627978101271,4.783189574723833
496,543,2.650883436203003,33.99001530825362,11.994125189777463,52,40,571.5228589810663,0.22703377902507782,27,21,2,0.03107195524352403,0.7665389215906199,0.5557508543073282,1,286.4627978101271,3.7918501162625415
491,544,2.8423011302948,33.996213683714046,12.000054070652652,52,40,571.5228589810663,0.16485761106014252,26,22,2,0.031777761538691766,0.788251056059628,0.6738139762844514,1,286.4627978101271,4.834995866925388
492,545,1.3261549472808838,34.003759532100645,11.99547266270364,53,40,567.7886070983067,0.10733842849731445,24,23,2,0.03265826952273852,0.5809284914145039,0.7862419127197515,1,285.1072643766853,4.2528524953245475
493,546,2.9370241165161133,34.00699346712349,11.99762861938553,53,40,567.7886070983067,0.20201072096824646,23,24,2,0.03336120131650131,0.7986733606033597,0.6027219282577281,1,285.1072643766853,4.578636385617253
492,547,1.3261793851852417,34.00672397253825,12.005174467772129,54,40,573.4385468093678,0.20597653090953827,22,24,2,0.03355190016492938,0.5809327749767434,0.5952241412823834,1,287.1581924918005,3.3315378227322636
494,548,2.082374334335327,33.99163227576503,12.005982951527841,50,40,574.7521337093785,0.15512973070144653,27,23,2,0.032138282057245254,0.6959114404703343,0.6926521597957889,1,287.6350245365044,4.455881110138417
491,549,3.898699998855591,34.003759532100645,12.009216886550668,55,40,573.4385468093678,0.21257194876670837,23,22,2,0.03231537737679208,0.8947264438206628,0.582798023995296,1,287.1581924918005,4.838812420712204
494,550,3.3920249938964844,34.001873070003995,11.997898113970763,53,40,567.7886070983067,0.15645965933799744,23,24,2,0.03336120131650131,0.8461369877138509,0.6900718760818273,1,285.1072643766853,5.553732682985737
494,551,2.1101152896881104,33.98974581366838,11.998437103141235,52,40,571.5228589810663,0.15453435480594635,25,23,2,0.032479115784809096,0.6996083459443897,0.6938077729528886,1,286.4627978101271,4.516131399685777
491,552,0.9274099469184875,33.99756115664022,11.999784576067412,53,40,571.5228589810663,0.1958611160516739,25,22,2,0.03195109714335125,0.5034748895187708,0.6143855853801663,1,286.4627978101271,2.831214917886701
488,553,0.9481016397476196,34.004298521271124,11.993316706021751,52,40,567.7886070983067,0.21221977472305298,24,24,2,0.03317640299912301,0.5079392333425287,0.5834601429767035,1,285.1072643766853,2.8032416299897878
491,554,1.3261765241622925,34.005645994197295,12.004096489431191,54,40,573.4385468093678,0.20967820286750793,22,24,2,0.03355190016492938,0.5809322734889742,0.5882432337917056,1,287.1581924918005,3.2924620402178646
494,555,2.082353353500366,33.997830651225456,11.993047211436519,50,40,571.5228589810663,0.2072257399559021,27,23,2,0.032138282057245254,0.6959086333453474,0.5928663725786206,1,286.4627978101271,3.798393283793721
493,556,0.0,33.99540519995833,11.996011651874113,51,40,571.5228589810663,0.2701932191848755,27,22,2,0.03161023852148754,0.16531147321376102,0.4768986041895472,1,286.4627978101271,0.713879728343286
494,557,2.9370203018188477,33.995135705373116,11.994125189777463,49,40,571.5228589810663,0.2254052758216858,27,24,2,0.032656992353623446,0.7986729449388195,0.5587822698744269,1,286.4627978101271,4.1749954284935145
492,558,0.9481358528137207,33.998369640395936,12.003018511090247,53,30,574.7521337093785,0.26160770654678345,23,24,2,0.03336120131650131,0.5079465663720426,0.49233922635117233,1,287.6350245365044,2.3997495367727675
496,559,4.693443775177002,33.99136278117979,11.995203168118408,52,40,571.5228589810663,0.26101434230804443,27,21,2,0.03107195524352403,0.9639172742158507,0.49341115279546444,1,286.4627978101271,4.233363266084753
493,560,1.8543341159820557,34.001603575418756,11.990352265584157,52,40,567.7886070983067,0.20509934425354004,24,24,2,0.03317640299912301,0.6643390891346169,0.5968809030658763,1,285.1072643766853,3.7507236908880395
489,561,0.9481456279754639,34.0086104346349,12.005713456942601,54,40,573.4385468093678,0.18466895818710327,22,24,2,0.03355190016492938,0.5079486614941926,0.6357236271178294,1,287.1581924918005,3.111189788550357
491,562,2.08235502243042,33.999178124151626,11.994125189777463,51,40,571.5228589810663,0.27795809507369995,25,24,2,0.032997461673208585,0.6959088566399995,0.4630490291438991,1,286.4627978101271,3.045987410475319
488,563,0.9481338858604431,34.001603575418756,12.002479521919774,54,40,573.4385468093678,0.2389649599790573,23,23,2,0.03284330382698634,0.5079461447910205,0.53365811023,1,287.1581924918005,2.5565178615969675
496,564,0.9481084942817688,33.99324924327644,11.995203168118408,50,40,571.5228589810663,0.18313679099082947,28,22,2,0.03144848961887159,0.5079407025162028,0.6386553348571345,1,286.4627978101271,2.9224533082248776
496,565,0.9274099469184875,33.99351873786168,11.994933673533168,50,40,571.5228589810663,0.21397195756435394,28,22,2,0.03144848961887159,0.5034748895187708,0.5801674657071755,1,286.4627978101271,2.6314747546790604
495,566,3.36342453956604,33.994866210787876,12.00328800567548,51,40,574.7521337093785,0.10776342451572418,25,24,2,0.032997461673208585,0.8432693673270981,0.7854032787173919,1,287.6350245365044,6.286100718971348
494,567,0.0,33.99244075952075,11.989813276413692,51,40,571.5228589810663,0.21535010635852814,25,24,2,0.032997461673208585,0.16531147321376102,0.5775804715844877,1,286.4627978101271,0.9025354299254126
493,568,1.326141595840454,34.000795091663065,11.990352265584157,50,40,567.7886070983067,0.14891377091407776,25,25,2,0.0335069514991671,0.5809261511068636,0.7047316749225454,1,285.1072643766853,3.9110009283909144
494,569,2.7802884578704834,33.9905542974241,11.992508222266046,52,40,571.5228589810663,0.25645822286605835,27,21,2,0.03107195524352403,0.781315268995993,0.5016620043566477,1,286.4627978101271,3.488786013629553
495,570,3.823542594909668,33.996483178299286,12.008408402794963,53,40,574.7521337093785,0.21596577763557434,23,24,2,0.03336120131650131,0.8877659011326174,0.5764255675735922,1,287.6350245365044,4.910493544598513
493,571,0.9274099469184875,34.0086104346349,11.991699738510341,51,40,567.7886070983067,0.11121295392513275,25,24,2,0.032997461673208585,0.5034748895187708,0.778600019187532,1,285.1072643766853,3.6879161780372156
495,572,2.6508986949920654,33.992979748691226,11.997089630215058,52,40,571.5228589810663,0.17786137759685516,26,22,2,0.031777761538691766,0.7665406890231325,0.6487682095294598,1,286.4627978101271,4.527060562692536
491,573,2.9892914295196533,34.0086104346349,11.998706597726475,55,40,567.7886070983067,0.20400503277778625,23,22,2,0.03231537737679208,0.8043387045268215,0.5989490756661223,1,285.1072643766853,4.438603807126917
490,574,3.898533582687378,34.00887992922014,11.996820135629818,55,40,567.7886070983067,0.12159210443496704,23,22,2,0.03231537737679208,0.8947111197957461,0.7581708178549894,1,285.1072643766853,6.249818629726945
494,575,2.842339038848877,33.995135705373116,12.003557500260719,51,40,574.7521337093785,0.10121682286262512,25,24,2,0.032997461673208585,0.7882552681986558,0.79833194984404,1,287.6350245365044,5.972727394814682
491,576,0.9481036067008972,34.008071445464424,11.993855695192224,51,40,567.7886070983067,0.10909423232078552,25,24,2,0.032997461673208585,0.5079396549321475,0.7827778552345126,1,285.1072643766853,3.740584472286603
495,577,1.8543341159820557,33.99082379200934,11.993047211436519,52,40,571.5228589810663,0.2551194429397583,27,21,2,0.03107195524352403,0.6643390891346169,0.5040931366584173,1,286.4627978101271,2.9808313358893863
494,578,1.8543341159820557,34.005645994197295,11.996550641044585,53,40,567.7886070983067,0.09771209210157394,24,23,2,0.03265826952273852,0.6643390891346169,0.8052621589140029,1,285.1072643766853,4.981137723420569
494,579,2.110180377960205,33.99109328659458,12.008677897380196,52,40,574.7521337093785,0.149917334318161,25,23,2,0.032479115784809096,0.6996169856769099,0.7027793072604981,1,287.6350245365044,4.593304913573413
492,580,2.650897264480591,34.006454477953014,11.996820135629818,53,40,567.7886070983067,0.14236663281917572,23,24,2,0.03336120131650131,0.7665405233265923,0.7174881697060826,1,285.1072643766853,5.2311819692129236
490,581,1.3261744976043701,34.004029026685885,12.00328800567548,53,40,573.4385468093678,0.24923881888389587,23,24,2,0.03336120131650131,0.5809319182680789,0.5148071116790954,1,287.1581924918005,2.865053053061184
491,582,0.9274099469184875,33.997022167469765,11.992777716851286,50,40,571.5228589810663,0.249771386384964,27,23,2,0.032138282057245254,0.5034748895187708,0.5138344917055753,1,286.4627978101271,2.381726867848898
493,583,2.0823636054992676,34.000525597077825,11.99951508148218,54,40,567.7886070983067,0.2510356307029724,23,23,2,0.03284330382698634,0.6959100050108059,0.5115274646057608,1,285.1072643766853,3.333321149069169
494,584,0.9481543898582458,33.99109328659458,12.008408402794963,52,40,574.7521337093785,0.16922219097614288,25,23,2,0.032479115784809096,0.5079505394280399,0.6653895971143509,1,287.6350245365044,3.157500280526536
490,585,3.8986167907714844,34.00887992922014,12.003018511090247,54,40,573.4385468093678,0.1782858669757843,21,25,2,0.03425633029860485,0.894718781856657,0.6479534157267441,1,287.1581924918005,5.70285574527991
489,586,1.89579176902771,34.003490037515405,12.008677897380196,55,40,573.4385468093678,0.22987514734268188,23,22,2,0.03231537737679208,0.6702450394232854,0.5504707231960237,1,287.1581924918005,3.4237202956094186
492,587,4.664690017700195,34.008071445464424,12.001132048993597,54,40,573.4385468093678,0.20477627217769623,23,23,2,0.03284330382698634,0.9615402528860618,0.5974913345133969,1,287.1581924918005,5.418350932743144
496,588,2.9892163276672363,34.005645994197295,11.991160749339869,51,40,567.7886070983067,0.19011534750461578,26,23,2,0.03230579977848892,0.8043306066159578,0.6253226839440538,1,285.1072643766853,4.63262939270215
498,589,1.3261430263519287,33.997830651225456,11.99089125475463,51,40,571.5228589810663,0.246658593416214,26,23,2,0.03230579977848892,0.5809264018547861,0.5195258005316034,1,286.4627978101271,2.79303875146805
488,590,4.81948184967041,34.008071445464424,11.99735912480029,55,40,567.7886070983067,0.1875237226486206,23,22,2,0.03231537737679208,0.9742366703988831,0.6302678864197008,1,285.1072643766853,5.657273391672276
494,591,2.650886297225952,34.001334080833516,11.994664178947936,51,40,567.7886070983067,0.17794346809387207,25,24,2,0.032997461673208585,0.7665392529846784,0.648610625226103,1,285.1072643766853,4.677429755234351
487,592,3.8235394954681396,34.0086104346349,12.004635478601664,54,40,573.4385468093678,0.1687774658203125,22,24,2,0.03355190016492938,0.8877656124197013,0.6662471782525584,1,287.1581924918005,5.698650641829158
495,593,2.0823702812194824,33.99163227576503,12.003557500260719,52,40,574.7521337093785,0.17966170608997345,26,22,2,0.031777761538691766,0.6959108981861433,0.6453137947335883,1,287.6350245365044,4.104777832765078
490,594,0.0,34.007801950879184,12.004365984016424,54,40,573.4385468093678,0.14107191562652588,22,24,2,0.03355190016492938,0.16531147321376102,0.7200147011993656,1,287.1581924918005,1.1467868174867624
494,595,2.1101276874542236,33.99190177035027,12.000323565237885,53,40,574.7521337093785,0.14528611302375793,23,24,2,0.03336120131650131,0.6996099916200101,0.7117957186252581,1,287.6350245365044,4.7785355739341675
496,596,0.9274099469184875,34.003220542930165,11.992238727680814,52,40,567.7886070983067,0.20314441621303558,24,24,2,0.03317640299912301,0.5034748895187708,0.6005766058170495,1,285.1072643766853,2.860117052437863
491,597,0.9274099469184875,33.99271025410599,12.006791435283546,53,40,574.7521337093785,0.23943834006786346,22,25,2,0.0340601571331285,0.5034748895187708,0.5327859246998116,1,287.6350245365044,2.627961347532928
492,598,3.8235325813293457,33.998100145810696,11.996550641044585,51,40,571.5228589810663,0.2336539328098297,26,23,2,0.03230579977848892,0.8877649683673114,0.5434666177274468,1,286.4627978101271,4.4649808725885825
493,599,1.3261464834213257,34.000795091663065,11.992238727680814,50,40,567.7886070983067,0.18108680844306946,25,25,2,0.0335069514991671,0.5809270078282628,0.6425817036201639,1,285.1072643766853,3.566096764351955
494,600,4.664628028869629,34.000256102492585,11.991430243925102,50,40,571.5228589810663,0.23331773281097412,25,25,2,0.0335069514991671,0.9615351190665472,0.5440889305608174,1,286.4627978101271,5.021554581668888
492,601,1.3261667490005493,34.01022740214631,12.000323565237885,55,40,573.4385468093678,0.19223041832447052,22,23,2,0.033034264846776525,0.580930560067539,0.6212923124030635,1,287.1581924918005,3.423781654511832
494,602,1.3261862993240356,33.9943272216174,12.008138908209723,51,40,574.7521337093785,0.266082763671875,25,24,2,0.032997461673208585,0.5809339869028427,0.48427472731421,1,287.6350245365044,2.670182168063723
496,603,4.159259796142578,33.99163227576503,12.005443962357369,52,40,574.7521337093785,0.1686263531446457,25,23,2,0.032479115784809096,0.9182604635878249,0.6665386172617366,1,287.6350245365044,5.717908051545628
498,604,1.3261604309082031,33.99028480283886,11.997898113970763,51,40,571.5228589810663,0.15730923414230347,27,22,2,0.03161023852148754,0.5809294526081951,0.6884243476942136,1,286.4627978101271,3.6213926789601
492,605,3.363449811935425,33.99378823244692,12.00975587572114,51,40,574.7521337093785,0.2310698926448822,25,24,2,0.032997461673208585,0.8432719076434426,0.5482539787645953,1,287.6350245365044,4.388051597906209
492,606,1.3261618614196777,34.002142564589235,11.998437103141235,53,40,567.7886070983067,0.23430286347866058,23,24,2,0.03336120131650131,0.5809297033539838,0.5422659052771069,1,285.1072643766853,2.9963038065806518
491,607,0.0,34.007262961708705,12.000323565237885,54,40,573.4385468093678,0.15452244877815247,24,22,2,0.03213028729808667,0.16531147321376102,0.6938308853630695,1,287.1581924918005,1.058260154328073
493,608,4.2144975662231445,34.007801950879184,11.996281146459346,52,40,567.7886070983067,0.13175371289253235,23,25,2,0.033869898467623644,0.9231365976185993,0.738234414496855,1,285.1072643766853,6.580856693804546
493,609,4.693528652191162,34.004029026685885,12.002749016505007,53,40,573.4385468093678,0.24782679975032806,23,24,2,0.03336120131650131,0.9639242781244312,0.5173880750535895,1,287.1581924918005,4.777736846751589
489,610,2.6509225368499756,34.00995790756107,12.001940532749302,54,40,573.4385468093678,0.1524149775505066,21,25,2,0.03425633029860485,0.7665434506242834,0.6979238477572098,1,287.1581924918005,5.26267879701786
492,611,4.214630603790283,34.00887992922014,12.007060929868786,55,30,573.4385468093678,0.1390387862920761,23,22,2,0.03231537737679208,0.9231482957920923,0.7239847014649122,1,287.1581924918005,6.201993467439627
493,612,2.1101417541503906,33.998908629566415,12.002479521919774,53,40,574.7521337093785,0.17492535710334778,23,24,2,0.03336120131650131,0.699611858821887,0.6544087598201719,1,287.6350245365044,4.393288415319792
490,613,2.1101837158203125,34.000795091663065,12.009216886550668,52,40,573.4385468093678,0.2317143976688385,23,25,2,0.033869898467623644,0.6996174287358216,0.5470590147862712,1,287.1581924918005,3.7224588435690635
491,614,5.0776543617248535,34.000256102492585,11.99762861938553,53,40,567.7886070983067,0.23889270424842834,24,23,2,0.03265826952273852,0.9948894265514334,0.5337912687762881,1,285.1072643766853,4.944788641365209
492,615,2.6509392261505127,34.003759532100645,12.005174467772129,56,40,573.4385468093678,0.2024829089641571,22,22,2,0.03250641609418257,0.7665453837362727,0.6018282057670337,1,287.1581924918005,4.306264599839351
493,616,1.8956862688064575,34.002681553759714,11.993586200606991,51,40,567.7886070983067,0.21262210607528687,25,24,2,0.032997461673208585,0.670230108708806,0.5827037367260552,1,285.1072643766853,3.6741810504797145
495,617,1.8543341159820557,33.99324924327644,11.993047211436519,51,40,571.5228589810663,0.25441843271255493,27,22,2,0.03161023852148754,0.6643390891346169,0.5053673191497653,1,286.4627978101271,3.0401356533077233
495,618,3.3920300006866455,33.994596716202636,11.998437103141235,51,40,571.5228589810663,0.15999478101730347,27,22,2,0.03161023852148754,0.8461374884582127,0.6832205294425041,1,286.4627978101271,5.2347729164953005
496,619,0.9481016397476196,33.99082379200934,11.993316706021751,52,40,571.5228589810663,0.24109850823879242,27,21,2,0.03107195524352403,0.5079392333425287,0.5297298326592876,1,286.4627978101271,2.3949861304370392
490,620,4.722674369812012,34.002412059174475,11.996011651874113,51,40,567.7886070983067,0.19781826436519623,26,23,2,0.03230579977848892,0.9663249356112995,0.6106687448975465,1,285.1072643766853,5.435226653397106
493,621,2.937016248703003,34.002951048344954,11.990621760169397,52,40,567.7886070983067,0.22869092226028442,24,24,2,0.03317640299912301,0.798672503294893,0.5526699752487388,1,285.1072643766853,4.175150982075876
491,622,2.9370312690734863,33.99244075952075,12.003826994845952,53,40,574.7521337093785,0.13731810450553894,23,24,2,0.03336120131650131,0.7986741399735057,0.727346968372209,1,287.6350245365044,5.574356044980894
489,623,0.0,34.007801950879184,12.000054070652652,54,40,573.4385468093678,0.17807616293430328,24,22,2,0.03213028729808667,0.16531147321376102,0.6483559131462672,1,287.1581924918005,0.9888998071145939
491,624,2.8423011302948,33.996213683714046,12.000054070652652,52,40,571.5228589810663,0.15725858509540558,26,22,2,0.031777761538691766,0.788251056059628,0.6885225509523437,1,286.4627978101271,4.9405381979405005
493,625,0.0,34.003759532100645,11.996281146459346,53,40,567.7886070983067,0.22707587480545044,24,23,2,0.03265826952273852,0.16531147321376102,0.5556725436767441,1,285.1072643766853,0.8553096786765382
490,626,2.1101558208465576,34.002412059174475,12.004635478601664,55,40,573.4385468093678,0.19488367438316345,23,22,2,0.03231537737679208,0.6996137260163228,0.6162435096243425,1,287.1581924918005,4.000747317475535
494,627,3.392122983932495,33.99082379200934,12.008947391965435,52,40,574.7521337093785,0.1513824164867401,25,23,2,0.032479115784809096,0.846146787916519,0.6999305460541068,1,287.6350245365044,5.532821033380144
492,628,2.110167980194092,34.001064586248305,12.006791435283546,53,40,573.4385468093678,0.2581751346588135,23,24,2,0.03336120131650131,0.6996153400258558,0.4985486304062439,1,287.1581924918005,3.34140980660039
496,629,1.8543341159820557,33.999986607907346,11.99735912480029,53,40,571.5228589810663,0.2031598687171936,24,23,2,0.03265826952273852,0.6643390891346169,0.6005473753409918,1,286.4627978101271,3.732488497948441
492,630,1.326187014579773,33.998908629566415,12.008408402794963,54,40,574.7521337093785,0.24273397028446198,23,23,2,0.03284330382698634,0.5809341122742921,0.5267233709280059,1,287.6350245365044,2.890667057299356
495,631,2.0823605060577393,33.99217126493551,11.99762861938553,51,40,571.5228589810663,0.17978979647159576,27,22,2,0.03161023852148754,0.6959095903216744,0.6450681448077135,1,286.4627978101271,4.064942619575594
494,632,2.1101205348968506,33.99594418912881,11.99924558689694,52,40,571.5228589810663,0.17089232802391052,26,22,2,0.031777761538691766,0.699609042192473,0.6621706807944062,1,286.4627978101271,4.217129060914646
495,633,2.9370346069335938,34.004029026685885,12.007060929868786,54,40,573.4385468093678,0.18917535245418549,23,23,2,0.03284330382698634,0.7986745036791868,0.627115482331196,1,287.1581924918005,4.723733547488848
493,634,0.9481495022773743,33.99190177035027,12.007060929868786,50,30,574.7521337093785,0.21830755472183228,27,23,2,0.032138282057245254,0.5079494918743879,0.5720373366233178,1,287.6350245365044,2.686020555445275
492,635,1.3261640071868896,34.003490037515405,11.99924558689694,54,40,567.7886070983067,0.17149923741817474,22,24,2,0.03355190016492938,0.580930079472363,0.6610016221377413,1,285.1072643766853,3.6732610454032555
493,636,2.110103130340576,34.005915488782534,11.996281146459346,54,40,567.7886070983067,0.09468290209770203,22,24,2,0.03355190016492938,0.6996067319107628,0.811256748475866,1,285.1072643766853,5.42922332464895
494,637,1.3261528015136719,34.000256102492585,11.994664178947936,51,40,567.7886070983067,0.2262183427810669,25,24,2,0.032997461673208585,0.5809281152945852,0.5572683009691165,1,285.1072643766853,3.045618848823292
493,638,2.9893665313720703,33.99405772703216,12.005982951527841,53,40,574.7521337093785,0.17803609371185303,22,25,2,0.0340601571331285,0.8043468023165037,0.6484328254503109,1,287.6350245365044,5.109715811475404
491,639,4.214644432067871,34.001603575418756,12.008138908209723,53,40,573.4385468093678,0.22454635798931122,24,23,2,0.03265826952273852,0.9231495117187449,0.5603826200649306,1,287.1581924918005,4.851444658332448
493,640,3.8986659049987793,33.996483178299286,12.006791435283546,54,40,574.7521337093785,0.21570582687854767,23,23,2,0.03284330382698634,0.8947233044030032,0.5769131341408381,1,287.6350245365044,4.8762704128763605
491,641,2.9892385005950928,34.003490037515405,11.993316706021751,52,40,567.7886070983067,0.22852681577205658,24,24,2,0.03317640299912301,0.8043329974403441,0.5529748996083504,1,285.1072643766853,4.207061736778282
493,642,1.895698070526123,33.99540519995833,11.995203168118408,51,40,571.5228589810663,0.1361498385667801,27,22,2,0.03161023852148754,0.6702317789490175,0.7296310164747821,1,286.4627978101271,4.4281702070839835
493,643,0.9274099469184875,33.99567469454357,12.008947391965435,53,40,574.7521337093785,0.23789143562316895,23,24,2,0.03336120131650131,0.5034748895187708,0.5356373008029591,1,287.6350245365044,2.587808153396069
494,644,0.9274099469184875,33.99136278117979,12.005982951527841,50,40,574.7521337093785,0.1741195023059845,27,23,2,0.032138282057245254,0.5034748895187708,0.6559584295589301,1,287.6350245365044,3.052942034115953
489,645,0.9481309652328491,34.000525597077825,12.00167103816407,54,40,573.4385468093678,0.24353818595409393,22,24,2,0.03355190016492938,0.5079455188061112,0.5252465084203357,1,287.1581924918005,2.57050610249072
493,646,4.159272193908691,33.99217126493551,12.009486381135908,51,40,574.7521337093785,0.20715072751045227,25,24,2,0.032997461673208585,0.9182615622892715,0.5930078971326643,1,287.6350245365044,5.168317475226565
489,647,0.9481602907180786,34.005376499612055,12.01002537030638,55,40,573.4385468093678,0.2515545189380646,23,22,2,0.03231537737679208,0.5079518041531351,0.5105813374664272,1,287.1581924918005,2.4066774391520216
495,648,0.9274099469184875,33.997830651225456,11.991969233095574,51,40,571.5228589810663,0.273821622133255,26,23,2,0.03230579977848892,0.5034748895187708,0.470413000970335,1,286.4627978101271,2.191824906320879
495,649,2.937028408050537,33.996752672884526,12.00140154357883,53,40,574.7521337093785,0.16567277908325195,23,24,2,0.03336120131650131,0.798673828225583,0.672239224093696,1,287.6350245365044,5.152010639702891
492,650,1.3261562585830688,34.000795091663065,11.996011651874113,52,40,567.7886070983067,0.24554674327373505,25,23,2,0.032479115784809096,0.5809287212653859,0.5215624160886855,1,285.1072643766853,2.8057024901670786
495,651,4.693453311920166,33.99405772703216,11.996011651874113,50,40,571.5228589810663,0.18881896138191223,28,22,2,0.03144848961887159,0.9639180611755928,0.6277954604657267,1,286.4627978101271,5.451629218064841
490,652,6.602669715881348,34.008071445464424,12.003018511090247,54,40,573.4385468093678,0.22183509171009064,21,25,2,0.03425633029860485,1.1629732391317023,0.5654410079311333,1,287.1581924918005,6.468730706681921
493,653,1.8957663774490356,34.009688412975834,12.004904973186896,54,40,573.4385468093678,0.11909650266170502,22,24,2,0.03355190016492938,0.6702414459747139,0.7630770625091639,1,287.1581924918005,4.9276290973958
496,654,1.326166033744812,33.992979748691226,12.000054070652652,52,40,571.5228589810663,0.17222243547439575,27,21,2,0.03107195524352403,0.5809304346949418,0.659609025571991,1,286.4627978101271,3.410731491172944
491,655,5.8586931228637695,34.004298521271124,11.997089630215058,53,40,567.7886070983067,0.15758168697357178,22,25,2,0.0340601571331285,1.0818617453101522,0.6878961276944547,1,285.1072643766853,7.226858631896259
492,656,0.0,34.00834094004966,11.993047211436519,51,40,567.7886070983067,0.1976913958787918,25,24,2,0.032997461673208585,0.16531147321376102,0.610909547313726,1,285.1072643766853,0.9500987018712111
492,657,2.9370293617248535,33.99756115664022,12.002210027334534,53,40,574.7521337093785,0.2222052365541458,23,24,2,0.03336120131650131,0.7986739321415773,0.5647498349109644,1,287.6350245365044,4.328217444800374
494,658,3.8984580039978027,33.99378823244692,11.991430243925102,52,40,571.5228589810663,0.25210991501808167,26,22,2,0.031777761538691766,0.8947041601893844,0.5095691313555408,1,286.4627978101271,4.150248480140062
492,659,4.2146477699279785,34.005915488782534,12.008408402794963,55,40,573.4385468093678,0.23400817811489105,22,23,2,0.033034264846776525,0.9231498052179283,0.5428110827810662,1,287.1581924918005,4.753426094857799
492,660,3.8985109329223633,34.002951048344954,11.995203168118408,51,40,567.7886070983067,0.11810246109962463,26,23,2,0.03230579977848892,0.894709034117687,0.7650323575295448,1,285.1072643766853,6.304496486263458
489,661,3.787433624267578,34.002412059174475,12.008138908209723,53,40,573.4385468093678,0.2325490117073059,24,23,2,0.03265826952273852,0.8843928876872961,0.5455124720929274,1,287.1581924918005,4.524434502152531
495,662,1.326177954673767,33.996483178299286,12.004635478601664,54,40,574.7521337093785,0.22938606142997742,22,24,2,0.03355190016492938,0.5809325242329398,0.5513787722993391,1,287.6350245365044,3.091253509216604
493,663,0.0,33.994596716202636,12.008408402794963,53,40,574.7521337093785,0.21849502623081207,23,24,2,0.03336120131650131,0.16531147321376102,0.5716863514940479,1,287.6350245365044,0.9068683995731035
490,664,2.0823733806610107,34.006454477953014,12.005443962357369,54,40,573.4385468093678,0.22607460618019104,22,24,2,0.03355190016492938,0.6959113128741107,0.5575358777488275,1,287.1581924918005,3.7382216477530883
491,665,2.0823800563812256,34.01022740214631,12.00975587572114,53,40,573.4385468093678,0.15016305446624756,24,23,2,0.03265826952273852,0.6959122060469413,0.7023013982115041,1,287.1581924918005,4.58344861527673
493,666,2.937030076980591,33.996213683714046,12.002749016505007,51,40,574.7521337093785,0.1332143098115921,25,24,2,0.032997461673208585,0.7986740100785599,0.7353744713562469,1,287.6350245365044,5.574429178168926
494,667,0.9274099469184875,33.99271025410599,11.989813276413692,51,40,571.5228589810663,0.2683863341808319,25,24,2,0.032997461673208585,0.5034748895187708,0.48013727922851335,1,286.4627978101271,2.2850305182759665
491,668,3.704791784286499,33.999986607907346,12.003557500260719,54,40,574.7521337093785,0.185904398560524,22,24,2,0.03355190016492938,0.8766006888617621,0.6333615033030663,1,287.6350245365044,5.358119052419968
493,669,2.110083818435669,33.998908629566415,11.993316706021751,50,40,571.5228589810663,0.22103747725486755,27,23,2,0.032138282057245254,0.6996041684341622,0.5669310334201974,1,286.4627978101271,3.6515185085243282
493,670,4.664704322814941,33.996213683714046,12.00328800567548,51,30,574.7521337093785,0.09973423182964325,25,24,2,0.032997461673208585,0.9615414376079319,0.8012628781997831,1,287.6350245365044,7.312490729482478
495,671,3.3920421600341797,33.99001530825362,11.999784576067412,53,40,571.5228589810663,0.17467746138572693,23,24,2,0.03336120131650131,0.8461387045498334,0.654885398507674,1,286.4627978101271,5.2956195747007975
494,672,3.7873713970184326,33.99594418912881,12.003557500260719,54,40,574.7521337093785,0.10152574628591537,22,24,2,0.03355190016492938,0.8843870584894422,0.7977213767764276,1,287.6350245365044,6.808516551442926
490,673,2.7802884578704834,34.008071445464424,12.005443962357369,54,40,573.4385468093678,0.20590677857398987,22,24,2,0.03355190016492938,0.781315268995993,0.5953558493880826,1,287.1581924918005,4.481684381531572
495,674,2.11013126373291,33.99028480283886,12.000862554408357,53,40,574.7521337093785,0.14714397490024567,23,24,2,0.03336120131650131,0.6996104663330571,0.7081766576828572,1,287.6350245365044,4.754242768013759
496,675,0.9274099469184875,33.99324924327644,11.99735912480029,52,40,571.5228589810663,0.12736640870571136,26,22,2,0.031777761538691766,0.5034748895187708,0.7468337405565301,1,286.4627978101271,3.422892632432057
494,676,2.650883436203003,33.996752672884526,11.994125189777463,49,40,571.5228589810663,0.3319680988788605,27,24,2,0.032656992353623446,0.7665389215906199,0.3701418381937153,1,286.4627978101271,2.654280415207703
494,677,0.9274099469184875,34.004029026685885,11.996550641044585,53,40,567.7886070983067,0.12653063237667084,24,23,2,0.03265826952273852,0.5034748895187708,0.7484733510156134,1,285.1072643766853,3.5087757216240356
492,678,2.7802884578704834,34.00995790756107,11.99951508148218,54,40,567.7886070983067,0.1606108546257019,23,23,2,0.03284330382698634,0.781315268995993,0.6820276439271451,1,285.1072643766853,4.989803122282158
497,679,2.6508681774139404,33.999986607907346,11.991160749339869,50,40,571.5228589810663,0.2006720006465912,25,25,2,0.0335069514991671,0.7665371541520379,0.6052572119943471,1,286.4627978101271,4.453242337479576
493,680,2.8422951698303223,33.998908629566415,11.99951508148218,54,40,571.5228589810663,0.1862531453371048,23,23,2,0.03284330382698634,0.7882503937705709,0.6326950058083777,1,286.4627978101271,4.6921692590576365
493,681,1.3261667490005493,33.99729166205498,12.000323565237885,53,40,574.7521337093785,0.1701701432466507,25,22,2,0.03195109714335125,0.580930560067539,0.6635622481225137,1,287.6350245365044,3.542692326060593
493,682,1.3261828422546387,33.99190177035027,12.006791435283546,50,40,574.7521337093785,0.20472930371761322,27,23,2,0.032138282057245254,0.5809333809402663,0.597580090135573,1,287.6350245365044,3.2091267994340535
490,683,2.6509251594543457,34.01022740214631,12.002479521919774,55,40,573.4385468093678,0.22461305558681488,23,22,2,0.03231537737679208,0.7665437543995054,0.5602583111300118,1,287.1581924918005,3.9852511907806742
490,684,2.9370322227478027,34.005645994197295,12.004635478601664,56,40,573.4385468093678,0.20572222769260406,22,22,2,0.03250641609418257,0.7986742438894396,0.5957043519110793,1,287.1581924918005,4.441102056016161
492,685,4.214414119720459,33.999717113322106,11.989813276413692,51,40,571.5228589810663,0.2076873928308487,25,24,2,0.032997461673208585,0.9231292599431425,0.5919955351306226,1,286.4627978101271,5.165706299871496
495,686,1.3261640071868896,33.99351873786168,11.99924558689694,52,40,571.5228589810663,0.15110532939434052,27,21,2,0.03107195524352403,0.580930079472363,0.7004691908412939,1,286.4627978101271,3.622010576420263
490,687,3.8235373497009277,33.99001530825362,12.002210027334534,52,40,574.7521337093785,0.1361192911863327,26,22,2,0.031777761538691766,0.8877654125414474,0.7296907520210653,1,287.6350245365044,5.921096409820165
497,688,1.326141595840454,33.99217126493551,11.990352265584157,52,40,571.5228589810663,0.23962648212909698,26,22,2,0.031777761538691766,0.5809261511068636,0.5324393746678764,1,286.4627978101271,2.8156756361149062
496,689,1.326143741607666,33.996213683714046,11.991160749339869,51,40,571.5228589810663,0.2740171253681183,26,23,2,0.03230579977848892,0.5809265272286864,0.4700642362662178,1,286.4627978101271,2.5271274488685216
493,690,0.9274099469184875,33.99109328659458,12.004096489431191,52,40,574.7521337093785,0.16766357421875,25,23,2,0.032479115784809096,0.5034748895187708,0.6683959560178365,1,287.6350245365044,3.1438194330010965
489,691,0.9274099469184875,34.002951048344954,12.01002537030638,53,40,573.4385468093678,0.24938903748989105,24,23,2,0.03265826952273852,0.5034748895187708,0.5145327232549426,1,287.1581924918005,2.4294345048148873
494,692,2.9893107414245605,34.004568015856364,12.000593059823125,54,40,573.4385468093678,0.29247531294822693,22,24,2,0.03355190016492938,0.8043407868271708,0.43746591331405016,1,287.1581924918005,3.390179103405737
495,693,4.159229755401611,33.996752672884526,11.996011651874113,51,40,571.5228589810663,0.17926988005638123,26,23,2,0.03230579977848892,0.9182578013416698,0.6460653374081903,1,286.4627978101271,5.490220588271438
495,694,4.819577217102051,33.99540519995833,12.002749016505007,51,40,574.7521337093785,0.10895121097564697,25,24,2,0.032997461673208585,0.9742444180876659,0.7830599625684385,1,287.6350245365044,7.240778233809131
489,695,1.3261598348617554,34.008071445464424,11.99762861938553,55,40,567.7886070983067,0.20970162749290466,23,22,2,0.03231537737679208,0.5809293481307353,0.5881991124962562,1,285.1072643766853,3.1482208957705056
493,696,1.8543341159820557,34.003220542930165,12.000593059823125,53,40,573.4385468093678,0.24885214865207672,23,24,2,0.03336120131650131,0.6643390891346169,0.5155135688691959,1,287.1581924918005,3.280898534250024
495,697,4.664666652679443,33.998369640395936,11.99762861938553,51,40,571.5228589810663,0.1653718203306198,27,22,2,0.03161023852148754,0.9615383178357356,0.6728205491986006,1,286.4627978101271,5.858168309377271
493,698,0.9274099469184875,33.998639134981175,12.007599919039258,53,40,574.7521337093785,0.2360023558139801,24,23,2,0.03265826952273852,0.5034748895187708,0.5391243017315915,1,287.6350245365044,2.5497738372626784
491,699,0.9481436610221863,34.01022740214631,12.005174467772129,55,40,573.4385468093678,0.1504242867231369,22,23,2,0.033034264846776525,0.5079482399157764,0.7017933727147592,1,287.1581924918005,3.381540395779825
494,700,2.082376480102539,33.992979748691226,12.007599919039258,53,40,574.7521337093785,0.14883023500442505,22,25,2,0.0340601571331285,0.6959117275617092,0.7048942250532695,1,287.6350245365044,4.80580918241293
495,701,0.0,33.99540519995833,11.992238727680814,51,40,571.5228589810663,0.1542360633611679,26,23,2,0.03230579977848892,0.16531147321376102,0.6943868628741824,1,286.4627978101271,1.0623147666656487
488,702,3.898681163787842,34.009149423805354,12.00786941362449,55,40,573.4385468093678,0.15554125607013702,23,22,2,0.03231537737679208,0.8947247094590719,0.6918535716526786,1,287.1581924918005,5.744259638201731
492,703,0.9481377601623535,33.99028480283886,12.003557500260719,52,40,574.7521337093785,0.22770364582538605,26,22,2,0.031777761538691766,0.5079469751773815,0.5545050011879157,1,287.6350245365044,2.5744764026113236
497,704,1.8543341159820557,33.996213683714046,11.990621760169397,51,40,571.5228589810663,0.23086199164390564,26,23,2,0.03230579977848892,0.6643390891346169,0.5486395724439403,1,286.4627978101271,3.3730723950817265
492,705,1.3261632919311523,34.004029026685885,11.998976092311707,53,40,567.7886070983067,0.11305433511734009,22,25,2,0.0340601571331285,0.5809299540996103,0.7749710831299458,1,285.1072643766853,4.371839385724579
492,706,2.110166311264038,34.00887992922014,12.006252446113074,55,40,573.4385468093678,0.17017054557800293,23,22,2,0.03231537737679208,0.6996151184954648,0.6635614727375295,1,287.1581924918005,4.307951360866499
493,707,0.0,34.005645994197295,11.99951508148218,54,40,567.7886070983067,0.17113658785820007,24,22,2,0.03213028729808667,0.16531147321376102,0.6617001329974516,1,285.1072643766853,1.0020447340604206
495,708,2.0823702812194824,33.99163227576503,12.003557500260719,52,40,574.7521337093785,0.18506135046482086,26,22,2,0.031777761538691766,0.6959108981861433,0.6349732087472534,1,287.6350245365044,4.039002378279354
490,709,1.3261842727661133,34.005915488782534,12.007330424454018,55,30,573.4385468093678,0.21934759616851807,22,23,2,0.033034264846776525,0.5809336316835161,0.5700907603491104,1,287.1581924918005,3.141639721004716
495,710,1.8543341159820557,34.001064586248305,12.000323565237885,54,40,573.4385468093678,0.1685752272605896,23,23,2,0.03284330382698634,0.6643390891346169,0.6666372245579965,1,287.1581924918005,4.176835932066078
492,711,3.392103433609009,34.004568015856364,12.006791435283546,54,40,573.4385468093678,0.15039925277233124,23,23,2,0.03284330382698634,0.8461448326583778,0.7018420545274376,1,287.1581924918005,5.6008268055549095
496,712,3.3920373916625977,33.997022167469765,11.99924558689694,53,40,571.5228589810663,0.18425554037094116,25,22,2,0.03195109714335125,0.8461382276514674,0.6365144321165037,1,286.4627978101271,4.929508008610313
489,713,2.110166311264038,33.999717113322106,12.006252446113074,53,40,574.7521337093785,0.182220458984375,23,24,2,0.03336120131650131,0.6996151184954648,0.640409860370491,1,287.6350245365044,4.299328649341174
493,714,0.9481152892112732,34.006454477953014,11.99735912480029,53,40,567.7886070983067,0.18569602072238922,23,24,2,0.03336120131650131,0.5079421589081683,0.6337598009504825,1,285.1072643766853,3.061885267529775
492,715,1.8543341159820557,33.999178124151626,11.991699738510341,50,40,571.5228589810663,0.19590196013450623,25,25,2,0.0335069514991671,0.6643390891346169,0.6143079727032646,1,286.4627978101271,3.9172302965861903
495,716,2.842397689819336,33.99271025410599,12.009216886550668,51,40,574.7521337093785,0.21298973262310028,25,24,2,0.032997461673208585,0.78826178502702,0.5820127599894951,1,287.6350245365044,4.35436950205382
493,717,0.9481152892112732,33.9905542974241,11.99735912480029,51,40,571.5228589810663,0.21110059320926666,27,22,2,0.03161023852148754,0.5079421589081683,0.5855653622655269,1,286.4627978101271,2.6933056479914823
497,718,2.650914192199707,33.99244075952075,12.000323565237885,52,40,574.7521337093785,0.1454545259475708,27,21,2,0.03107195524352403,0.766542484065566,0.7114675442184172,1,287.6350245365044,4.874181235314461
491,719,0.948099672794342,34.00672397253825,11.992777716851286,51,30,567.7886070983067,0.13300493359565735,25,24,2,0.032997461673208585,0.5079388117523854,0.735784353064322,1,285.1072643766853,3.5160153533497644
495,720,1.3261604309082031,33.99082379200934,11.997898113970763,51,40,571.5228589810663,0.18353529274463654,27,22,2,0.03161023852148754,0.5809294526081951,0.6378925877733123,1,286.4627978101271,3.3555750244197857
492,721,2.842195749282837,33.99001530825362,11.990082770998924,52,40,571.5228589810663,0.22408686578273773,26,22,2,0.031777761538691766,0.7882393466670297,0.5612391756711436,1,286.4627978101271,4.027148263661993
491,722,2.9893248081207275,34.001334080833516,12.001940532749302,54,40,573.4385468093678,0.2316083014011383,23,23,2,0.03284330382698634,0.8043423035594185,0.5472556842690499,1,287.1581924918005,4.151444542347652
493,723,1.8957233428955078,33.99028480283886,11.998976092311707,51,40,571.5228589810663,0.1647980958223343,27,22,2,0.03161023852148754,0.6702353556041029,0.6739289724176376,1,286.4627978101271,4.090133307618733
496,724,2.650865316390991,34.005376499612055,11.990621760169397,52,40,567.7886070983067,0.24594157934188843,25,23,2,0.032479115784809096,0.7665368227566282,0.5208389563094395,1,285.1072643766853,3.6969958468844744
494,725,3.3920838832855225,33.99190177035027,12.004365984016424,52,40,574.7521337093785,0.1389724463224411,25,23,2,0.032479115784809096,0.8461428773935384,0.7241142918804466,1,287.6350245365044,5.723962600941897
489,726,3.704791784286499,34.004029026685885,11.993047211436519,52,40,567.7886070983067,0.2102348506450653,24,24,2,0.03317640299912301,0.8766006888617621,0.5871949515370148,1,285.1072643766853,4.868797382191112
492,727,0.9481446146965027,33.999178124151626,12.005443962357369,54,40,574.7521337093785,0.22534364461898804,23,23,2,0.03284330382698634,0.5079484443174982,0.5588970678529703,1,287.6350245365044,2.6818845071322115
491,728,1.8957741260528564,34.004837510441604,12.005982951527841,54,40,573.4385468093678,0.21101172268390656,23,23,2,0.03284330382698634,0.6702425425700537,0.5857325994903131,1,287.1581924918005,3.7025372388454794
494,729,2.082348585128784,34.00834094004966,11.990082770998924,51,40,567.7886070983067,0.15380819141864777,25,24,2,0.032997461673208585,0.6959079953600374,0.6952176447078484,1,285.1072643766853,4.5515721177931985
490,730,3.972902536392212,34.005645994197295,12.00975587572114,55,40,573.4385468093678,0.2844494879245758,23,22,2,0.03231537737679208,0.9015209760338639,0.4515583148783524,1,287.1581924918005,3.77763612379394
496,731,3.8984506130218506,34.00887992922014,11.99089125475463,51,40,567.7886070983067,0.1541810780763626,25,24,2,0.032997461673208585,0.8947034795926724,0.6944936170305138,1,285.1072643766853,5.845695657255914
498,732,0.9274099469184875,33.99351873786168,11.990082770998924,51,40,571.5228589810663,0.22233863174915314,25,24,2,0.032997461673208585,0.5034748895187708,0.5645007915439123,1,286.4627978101271,2.6865265249584422
494,733,4.6273674964904785,33.999178124151626,11.994394684362696,51,40,571.5228589810663,0.24531543254852295,25,24,2,0.032997461673208585,0.9584419515340706,0.5219863622366346,1,286.4627978101271,4.729048124838179
493,734,2.9893665313720703,33.99756115664022,12.005982951527841,53,40,574.7521337093785,0.2399880588054657,24,23,2,0.03265826952273852,0.8043468023165037,0.5317735169033203,1,287.6350245365044,4.017954193742038
496,735,2.110074996948242,33.99136278117979,11.991969233095574,52,40,571.5228589810663,0.25523635745048523,26,22,2,0.031777761538691766,0.6996029974587025,0.5038807082636034,1,286.4627978101271,3.2090089156006214
492,736,2.110153913497925,34.01022740214631,12.004365984016424,55,40,573.4385468093678,0.16689786314964294,22,23,2,0.033034264846776525,0.6996134728378524,0.6698737409814488,1,287.1581924918005,4.445667475833722
491,737,2.6509294509887695,34.003759532100645,12.00328800567548,53,40,573.4385468093678,0.2711629271507263,23,24,2,0.03336120131650131,0.7665442514858455,0.47516293420385186,1,287.1581924918005,3.4893350953101403
492,738,3.3920276165008545,34.002412059174475,11.998167608556003,53,40,567.7886070983067,0.0888775959610939,23,24,2,0.03336120131650131,0.8461372500085713,0.8227567033246612,1,285.1072643766853,6.621588805802978
495,739,1.3261444568634033,33.99351873786168,11.991430243925102,52,40,571.5228589810663,0.20344898104667664,26,22,2,0.031777761538691766,0.5809266526025464,0.6000005340714247,1,286.4627978101271,3.1729590714579885
492,740,2.6509504318237305,33.99244075952075,12.007599919039258,53,30,574.7521337093785,0.15953536331653595,22,25,2,0.0340601571331285,0.7665466816788201,0.6841103037079864,1,287.6350245365044,5.137515610932318
492,741,0.0,34.003759532100645,11.99924558689694,54,40,567.7886070983067,0.19705675542354584,22,24,2,0.03355190016492938,0.16531147321376102,0.6121144064552988,1,285.1072643766853,0.9679680019532686
494,742,0.9274099469184875,33.998100145810696,11.994125189777463,50,40,571.5228589810663,0.22281880676746368,27,23,2,0.032138282057245254,0.5034748895187708,0.5636045268081783,1,286.4627978101271,2.612421053877917
493,743,1.3261528015136719,33.998369640395936,11.994664178947936,50,40,571.5228589810663,0.26355311274528503,27,23,2,0.032138282057245254,0.5809281152945852,0.4888290949531449,1,286.4627978101271,2.6143897364674205
490,744,4.730451583862305,33.998369640395936,12.00975587572114,54,40,574.7521337093785,0.2166261076927185,23,23,2,0.03284330382698634,0.9669640485011322,0.5751874458337216,1,287.6350245365044,5.2542209480143445
492,745,2.9892191886901855,34.00699346712349,11.991430243925102,51,40,567.7886070983067,0.26926368474960327,26,23,2,0.03230579977848892,0.8043309151100205,0.47856397189780087,1,285.1072643766853,3.545386133817685
492,746,2.6508681774139404,34.006454477953014,11.991160749339869,51,40,567.7886070983067,0.23928658664226532,26,23,2,0.03230579977848892,0.7665371541520379,0.5330654876762345,1,285.1072643766853,3.7635921673082695
493,747,2.6509504318237305,33.99028480283886,12.007599919039258,50,40,574.7521337093785,0.211142897605896,27,23,2,0.032138282057245254,0.7665466816788201,0.5854857570745422,1,287.6350245365044,4.148770088572362
491,748,0.9274099469184875,34.002681553759714,12.007060929868786,53,40,573.4385468093678,0.2838834822177887,24,23,2,0.03265826952273852,0.5034748895187708,0.45255698133329947,1,287.1581924918005,2.136807818345931
496,749,1.326171636581421,33.99378823244692,12.002210027334534,52,40,574.7521337093785,0.12412643432617188,25,23,2,0.032479115784809096,0.5809314167792026,0.7531923836836952,1,287.6350245365044,4.087678669304753
491,750,1.3261640071868896,34.001603575418756,11.99924558689694,53,40,567.7886070983067,0.24977365136146545,23,24,2,0.03336120131650131,0.580930079472363,0.513830356193768,1,285.1072643766853,2.839184307945728
492,751,2.9893691539764404,33.99324924327644,12.006521940698313,53,40,574.7521337093785,0.22140468657016754,22,25,2,0.0340601571331285,0.8043470850942711,0.566244940961123,1,287.6350245365044,4.462068593118873
495,752,0.0,33.99190177035027,11.997089630215058,51,40,571.5228589810663,0.16981129348278046,27,22,2,0.03161023852148754,0.16531147321376102,0.6642538954328986,1,286.4627978101271,0.9943358740344174
493,753,0.9274099469184875,33.99244075952075,11.99735912480029,52,40,571.5228589810663,0.16736990213394165,26,22,2,0.031777761538691766,0.5034748895187708,0.6689626642414873,1,286.4627978101271,3.0659934741271724
492,754,0.9274099469184875,33.997022167469765,11.992238727680814,51,40,571.5228589810663,0.21296004951000214,26,23,2,0.03230579977848892,0.5034748895187708,0.5820685447515341,1,286.4627978101271,2.71206860979766
497,755,2.6508805751800537,33.992979748691226,11.993586200606991,51,40,571.5228589810663,0.26490482687950134,27,22,2,0.03161023852148754,0.7665385901963481,0.4863940725544021,1,286.4627978101271,3.3761233027954995
492,756,4.722673416137695,33.998369640395936,11.994933673533168,51,40,571.5228589810663,0.2514326572418213,26,23,2,0.03230579977848892,0.9663248572026161,0.5108034973147926,1,286.4627978101271,4.567996260259526
490,757,2.1100821495056152,34.001603575418756,11.993047211436519,51,40,567.7886070983067,0.18087099492549896,25,24,2,0.032997461673208585,0.6996039468984887,0.6429953093583033,1,285.1072643766853,4.232031307451805
488,758,1.895797610282898,33.996483178299286,12.009486381135908,53,40,574.7521337093785,0.20566420257091522,23,24,2,0.03336120131650131,0.6702458660810895,0.5958139341644126,1,287.6350245365044,3.8320242478844126
493,759,2.6508960723876953,33.99729166205498,11.996550641044585,51,40,571.5228589810663,0.13749124109745026,26,23,2,0.03230579977848892,0.7665403852461014,0.727008556770263,1,286.4627978101271,5.157310621502616
493,760,0.9274099469184875,34.007801950879184,11.993316706021751,51,30,567.7886070983067,0.26940345764160156,25,24,2,0.032997461673208585,0.5034748895187708,0.47831345273813514,1,285.1072643766853,2.26557908689306
495,761,0.0,34.002412059174475,11.994933673533168,51,40,567.7886070983067,0.16681167483329773,26,23,2,0.03230579977848892,0.16531147321376102,0.6700401143647962,1,285.1072643766853,1.0202170575660534
493,762,5.077573299407959,33.99351873786168,11.992508222266046,51,40,571.5228589810663,0.25517237186431885,27,22,2,0.03161023852148754,0.99488303996167,0.503996964358398,1,286.4627978101271,4.5404191863586645
492,763,4.819515228271484,33.99405772703216,11.99924558689694,52,40,571.5228589810663,0.17004847526550293,27,21,2,0.03107195524352403,0.9742393821002225,0.6637967373564636,1,286.4627978101271,5.756222949557079
493,764,0.9274099469184875,33.997830651225456,12.000593059823125,53,40,574.7521337093785,0.15955521166324615,25,22,2,0.03195109714335125,0.5034748895187708,0.6840718587289661,1,287.6350245365044,3.165243193401525
493,765,2.110166311264038,33.99594418912881,12.006252446113074,54,40,574.7521337093785,0.20592424273490906,23,23,2,0.03284330382698634,0.6996151184954648,0.5953228725591989,1,287.6350245365044,3.934597940023229
494,766,2.9370176792144775,34.002951048344954,11.991969233095574,52,40,567.7886070983067,0.21675436198711395,24,24,2,0.03317640299912301,0.7986726591692616,0.5749470353209936,1,285.1072643766853,4.343444107991928
491,767,7.4763712882995605,34.001064586248305,11.994125189777463,51,40,567.7886070983067,0.1817580908536911,25,24,2,0.032997461673208585,1.2539501629888101,0.6412955020837823,1,285.1072643766853,7.565319714057877
492,768,1.8543341159820557,33.997830651225456,11.990082770998924,51,40,571.5228589810663,0.2274773120880127,26,23,2,0.03230579977848892,0.6643390891346169,0.5549258773182583,1,286.4627978101271,3.4117210134163
492,769,2.842195749282837,33.99136278117979,11.990082770998924,52,40,571.5228589810663,0.25090116262435913,26,22,2,0.031777761538691766,0.7882393466670297,0.5117727219176611,1,286.4627978101271,3.672203790827155
494,770,2.7802884578704834,33.99082379200934,11.998706597726475,51,40,571.5228589810663,0.1393078863620758,27,22,2,0.03161023852148754,0.781315268995993,0.7234590666992587,1,286.4627978101271,5.118424217839935
494,771,2.1101505756378174,33.9943272216174,12.003826994845952,53,40,574.7521337093785,0.14685069024562836,23,24,2,0.03336120131650131,0.6996130297751998,0.7087477880392038,1,287.6350245365044,4.758094404092455
492,772,3.972844123840332,34.005645994197295,12.001940532749302,54,30,573.4385468093678,0.1805558204650879,23,23,2,0.03284330382698634,0.9015156570464977,0.6435994263859497,1,287.1581924918005,5.4721371157327265
493,773,0.0,33.99109328659458,12.003557500260719,52,40,574.7521337093785,0.20920385420322418,26,22,2,0.031777761538691766,0.16531147321376102,0.5891368391737452,1,287.6350245365044,0.8901931459822298
494,774,0.9274099469184875,33.999447618736866,11.990621760169397,50,40,571.5228589810663,0.2255920171737671,25,25,2,0.0335069514991671,0.5034748895187708,0.5584344666834656,1,286.4627978101271,2.6986910996118407
491,775,0.0,34.00699346712349,11.991969233095574,51,40,567.7886070983067,0.2652607858181,26,23,2,0.03230579977848892,0.16531147321376102,0.4857533718689797,1,285.1072643766853,0.7396182185610899
489,776,5.9624247550964355,34.009688412975834,12.000054070652652,54,40,567.7886070983067,0.21969664096832275,23,23,2,0.03284330382698634,1.093396469325066,0.5694378024768678,1,285.1072643766853,5.830141330770831
493,777,1.326184868812561,34.001334080833516,12.007599919039258,53,40,573.4385468093678,0.21295499801635742,24,23,2,0.03265826952273852,0.5809337361598225,0.5820780383560402,1,287.1581924918005,3.1711894746267695
490,778,0.9481172561645508,34.002951048344954,11.997898113970763,53,40,567.7886070983067,0.14816494286060333,23,24,2,0.03336120131650131,0.5079425804941482,0.7061889967682167,1,285.1072643766853,3.41181544918376
493,779,1.3261479139328003,34.00995790756107,11.992777716851286,51,40,567.7886070983067,0.44599196314811707,25,24,2,0.032997461673208585,0.5809272585756315,0.19987643420623805,1,285.1072643766853,1.0923760361933392
494,780,2.110180377960205,33.99109328659458,12.008677897380196,52,40,574.7521337093785,0.149917334318161,25,23,2,0.032479115784809096,0.6996169856769099,0.7027793072604981,1,287.6350245365044,4.593304913573413
496,781,1.3261408805847168,33.994866210787876,11.990082770998924,53,40,571.5228589810663,0.23180623352527618,24,23,2,0.03265826952273852,0.5809260257328417,0.546888792897191,1,286.4627978101271,2.9722220743425054
494,782,3.3633885383605957,33.99567469454357,11.994125189777463,49,40,571.5228589810663,0.25151994824409485,27,24,2,0.032656992353623446,0.843265748554974,0.5106443590672449,1,286.4627978101271,4.028352007090849
493,783,2.9370334148406982,33.995135705373116,12.005713456942601,54,40,574.7521337093785,0.17862001061439514,22,24,2,0.03355190016492938,0.7986743737843289,0.6473121661188651,1,287.6350245365044,4.989332050947034
488,784,2.7802884578704834,34.007801950879184,12.00975587572114,54,40,573.4385468093678,0.2514737546443939,22,24,2,0.03355190016492938,0.781315268995993,0.5107285720183448,1,287.1581924918005,3.8446321922748146
491,785,1.8957136869430542,34.009149423805354,11.99762861938553,55,40,567.7886070983067,0.23517274856567383,23,22,2,0.03231537737679208,0.6702339890552913,0.540657339350085,1,285.1072643766853,3.3386128909751287
490,786,3.972885847091675,33.999717113322106,12.007599919039258,53,40,574.7521337093785,0.23134775459766388,23,24,2,0.03336120131650131,0.9015194563279145,0.5477387264528807,1,287.6350245365044,4.738403063091869
494,787,5.42415714263916,34.007801950879184,12.003826994845952,54,40,573.4385468093678,0.15730339288711548,22,24,2,0.03355190016492938,1.0326671447718478,0.6884356731708671,1,287.1581924918005,6.849550280458275
493,788,0.0,34.001603575418756,11.99735912480029,53,40,567.7886070983067,0.1857541799545288,23,24,2,0.03336120131650131,0.16531147321376102,0.6336486295287682,1,285.1072643766853,0.9963259915777466
493,789,0.9480928778648376,33.99028480283886,11.99089125475463,52,40,571.5228589810663,0.24888278543949127,26,22,2,0.031777761538691766,0.5079373553460372,0.5154575858144553,1,286.4627978101271,2.3833872941958933
492,790,2.842266082763672,34.004837510441604,11.996550641044585,53,40,567.7886070983067,0.2106727808713913,24,23,2,0.03265826952273852,0.7882471617880948,0.5863705151961611,1,285.1072643766853,4.303640559798453
492,791,2.7802884578704834,34.004568015856364,11.992777716851286,52,40,567.7886070983067,0.22556276619434357,24,24,2,0.03317640299912301,0.781315268995993,0.5584889430030799,1,285.1072643766853,4.127418171628125
494,792,2.1101696491241455,33.99405772703216,12.007060929868786,53,40,574.7521337093785,0.14147458970546722,22,25,2,0.0340601571331285,0.699615561556142,0.7192287819145395,1,287.6350245365044,4.929636930199157
495,793,1.8957175016403198,33.99405772703216,11.998167608556003,52,40,571.5228589810663,0.17653168737888336,26,22,2,0.031777761538691766,0.6702345289269244,0.6513216830249623,1,286.4627978101271,3.9738719190835026
495,794,2.6509602069854736,33.99271025410599,12.009486381135908,51,40,574.7521337093785,0.2011653482913971,25,24,2,0.032997461673208585,0.7665478139239013,0.6043226554108819,1,287.6350245365044,4.396736371848033
493,795,0.0,34.005915488782534,11.99924558689694,54,40,567.7886070983067,0.16173911094665527,24,22,2,0.03213028729808667,0.16531147321376102,0.6798439035851562,1,285.1072643766853,1.0295207294044926
493,796,1.8543341159820557,34.008071445464424,12.00167103816407,54,40,573.4385468093678,0.19012005627155304,21,25,2,0.03425633029860485,0.6643390891346169,0.6253137056372187,1,287.1581924918005,4.086483999629156
495,797,1.326162576675415,33.997022167469765,11.998706597726475,51,40,571.5228589810663,0.1773572862148285,27,22,2,0.03161023852148754,0.5809298287268173,0.6497360332429278,1,286.4627978101271,3.4178785880011793
495,798,0.9274099469184875,33.99594418912881,11.994125189777463,49,40,571.5228589810663,0.25935739278793335,27,24,2,0.032656992353623446,0.5034748895187708,0.49640768509874134,1,286.4627978101271,2.338087313735119
491,799,2.6508779525756836,34.004837510441604,11.993047211436519,52,40,567.7886070983067,0.2364475131034851,24,24,2,0.03317640299912301,0.7665382864180782,0.538302115670912,1,285.1072643766853,3.9029907237496095
491,800,1.3261618614196777,34.007532456293944,11.998437103141235,53,40,567.7886070983067,0.2302015870809555,23,24,2,0.03336120131650131,0.5809297033539838,0.549864838509354,1,285.1072643766853,3.038291901993176
495,801,1.8543341159820557,33.99163227576503,11.992508222266046,52,40,571.5228589810663,0.24014247953891754,27,21,2,0.03107195524352403,0.6643390891346169,0.531489205940144,1,286.4627978101271,3.1428312836302026
492,802,0.9274099469184875,34.003759532100645,11.998976092311707,53,40,567.7886070983067,0.14331987500190735,22,25,2,0.0340601571331285,0.5034748895187708,0.7156288062612818,1,285.1072643766853,3.4988116139600542
497,803,3.7872507572174072,33.99136278117979,11.994933673533168,52,40,571.5228589810663,0.22435423731803894,27,21,2,0.03107195524352403,0.8843757572774086,0.5607407232729259,1,286.4627978101271,4.414034654518649
495,804,1.8543341159820557,33.997022167469765,11.997898113970763,51,40,571.5228589810663,0.17962300777435303,27,22,2,0.03161023852148754,0.6643390891346169,0.6453880131225777,1,286.4627978101271,3.882457441475205
492,805,1.895682454109192,34.005107005026815,11.993047211436519,52,40,567.7886070983067,0.22051778435707092,24,24,2,0.03317640299912301,0.6702295688318517,0.567902339260485,1,285.1072643766853,3.6002679335864216
491,806,3.3920936584472656,33.992979748691226,12.005443962357369,53,40,574.7521337093785,0.1665334701538086,23,24,2,0.03336120131650131,0.8461438550267953,0.6705771930155227,1,287.6350245365044,5.444731050507173
494,807,0.0,34.00699346712349,12.002749016505007,54,40,573.4385468093678,0.20374184846878052,23,23,2,0.03284330382698634,0.16531147321376102,0.5994466935981976,1,287.1581924918005,0.9345910424259942
491,808,2.7802884578704834,33.999717113322106,12.005443962357369,54,40,574.7521337093785,0.24642544984817505,23,23,2,0.03284330382698634,0.781315268995993,0.5199526953289294,1,287.6350245365044,3.837768299553409
493,809,2.7802884578704834,33.99217126493551,12.007330424454018,53,40,574.7521337093785,0.1313171088695526,22,25,2,0.0340601571331285,0.781315268995993,0.7390895978503738,1,287.6350245365044,5.6573339616720055
494,810,1.3261709213256836,33.99567469454357,12.001940532749302,51,40,574.7521337093785,0.17522434890270233,25,24,2,0.032997461673208585,0.580931291406882,0.6538339575121853,1,287.6350245365044,3.6050769843982406
492,811,0.0,33.996483178299286,11.99547266270364,51,40,571.5228589810663,0.14525236189365387,27,22,2,0.03161023852148754,0.16531147321376102,0.7118614897215032,1,286.4627978101271,1.0656007009373671
491,812,1.8543341159820557,33.997830651225456,12.00786941362449,53,40,574.7521337093785,0.23091422021389008,24,23,2,0.03265826952273852,0.6643390891346169,0.5485426983038661,1,287.6350245365044,3.4232229246213883
492,813,0.9481016397476196,34.002951048344954,11.993316706021751,51,40,567.7886070983067,0.19303324818611145,25,24,2,0.032997461673208585,0.5079392333425287,0.6197637908158787,1,285.1072643766853,2.961602545011644
490,814,0.9481475353240967,34.009149423805354,12.006252446113074,55,40,573.4385468093678,0.1570163369178772,23,22,2,0.03231537737679208,0.5079490702970044,0.6889922755341508,1,287.1581924918005,3.2476181933625217
488,815,1.8543341159820557,33.998100145810696,12.009216886550668,54,40,574.7521337093785,0.237840473651886,23,23,2,0.03284330382698634,0.6643390891346169,0.535731299624128,1,287.6350245365044,3.3622146238871333
495,816,1.3261604309082031,33.99082379200934,11.997898113970763,51,40,571.5228589810663,0.17033103108406067,27,22,2,0.03161023852148754,0.5809294526081951,0.6632521925848182,1,286.4627978101271,3.488976882609876
495,817,4.214560508728027,33.99217126493551,12.00140154357883,52,40,574.7521337093785,0.13255566358566284,26,22,2,0.031777761538691766,0.9231421322655322,0.7366639611131406,1,287.6350245365044,6.2158863616210835
493,818,4.819496154785156,34.000256102492585,11.998167608556003,53,40,567.7886070983067,0.2218705266714096,24,23,2,0.03265826952273852,0.9742378325579537,0.5653748319577452,1,285.1072643766853,5.128648252697592
496,819,6.225207805633545,33.99082379200934,11.994664178947936,52,40,571.5228589810663,0.27372464537620544,27,21,2,0.03107195524352403,1.1222805117636994,0.47058602730440036,1,286.4627978101271,4.700859394215309
496,820,2.082348585128784,33.99540519995833,11.990082770998924,51,40,571.5228589810663,0.24720819294452667,26,23,2,0.03230579977848892,0.6959079953600374,0.5185198052881947,1,286.4627978101271,3.339380461638997
492,821,0.9274099469184875,33.994596716202636,11.99574215728888,51,40,571.5228589810663,0.16537122428417206,27,22,2,0.03161023852148754,0.5034748895187708,0.6728217005909006,1,286.4627978101271,3.067423975716785
490,822,2.0823800563812256,33.995135705373116,12.00975587572114,53,40,574.7521337093785,0.22023215889930725,23,24,2,0.03336120131650131,0.6959122060469413,0.5684363292749788,1,287.6350245365044,3.7959434065577087
489,823,2.082368850708008,34.000795091663065,12.002749016505007,54,40,573.4385468093678,0.14777253568172455,22,24,2,0.03355190016492938,0.6959107067915722,0.7069528529970905,1,287.1581924918005,4.740043220297316
492,824,0.9274099469184875,34.000795091663065,11.998706597726475,53,40,567.7886070983067,0.16295431554317474,24,23,2,0.03265826952273852,0.5034748895187708,0.6774931435056919,1,285.1072643766853,3.176026895645523
495,825,3.823533535003662,33.996752672884526,11.997898113970763,51,40,571.5228589810663,0.25084519386291504,27,22,2,0.03161023852148754,0.8877650572021649,0.5118748124448548,1,286.4627978101271,4.114886011940805
490,826,0.9481495022773743,34.008071445464424,12.007060929868786,55,40,573.4385468093678,0.16986823081970215,23,22,2,0.03231537737679208,0.5079494918743879,0.6641441461931964,1,287.1581924918005,3.1304972187817106
490,827,0.9274099469184875,34.00672397253825,12.007330424454018,55,40,573.4385468093678,0.18279479444026947,22,23,2,0.033034264846776525,0.5034748895187708,0.6393100619639641,1,287.1581924918005,3.053340317838771
491,828,2.1101434230804443,34.003759532100645,12.002749016505007,53,40,573.4385468093678,0.2882932424545288,23,24,2,0.03336120131650131,0.6996120803538193,0.4447930578705897,1,287.1581924918005,2.9811113101318996
494,829,2.0823585987091064,34.009418918390594,11.996281146459346,52,40,567.7886070983067,0.22274291515350342,23,25,2,0.033869898467623644,0.6959093351281794,0.5637461602628308,1,285.1072643766853,3.7884227587073585
492,830,2.1100995540618896,34.007262961708705,11.99574215728888,54,30,567.7886070983067,0.14486472308635712,22,24,2,0.03355190016492938,0.699606257193932,0.7126169477751797,1,285.1072643766853,4.76908689683838
492,831,2.650886297225952,34.00672397253825,11.994664178947936,54,40,567.7886070983067,0.2414049208164215,22,24,2,0.03355190016492938,0.7665392529846784,0.5291662411294316,1,285.1072643766853,3.8801805380693724
491,832,4.159266948699951,34.007532456293944,12.00786941362449,55,30,573.4385468093678,0.2481149286031723,22,23,2,0.033034264846776525,0.9182610974542805,0.5168611575782242,1,287.1581924918005,4.5022119762337365
491,833,0.9274099469184875,34.001064586248305,11.99951508148218,54,40,567.7886070983067,0.24981589615345,23,23,2,0.03284330382698634,0.5034748895187708,0.513753224980765,1,285.1072643766853,2.422074499607104
491,834,1.3261911869049072,33.99405772703216,12.01002537030638,51,40,574.7521337093785,0.2156772017478943,25,24,2,0.032997461673208585,0.5809348436069394,0.576966829194641,1,287.6350245365044,3.1812703077826585
496,835,1.8957428932189941,33.992979748691226,12.00167103816407,52,40,574.7521337093785,0.13062460720539093,25,23,2,0.032479115784809096,0.670238122430921,0.7404462783683801,1,287.6350245365044,4.6362692148869105
491,836,2.9893524646759033,34.007801950879184,12.004635478601664,54,40,573.4385468093678,0.16143573820590973,22,24,2,0.03355190016492938,0.8043452855968655,0.6804309705614898,1,287.1581924918005,5.273086861400946
493,837,2.650951623916626,34.006184983367774,12.00786941362449,55,40,573.4385468093678,0.21773017942905426,22,23,2,0.033034264846776525,0.7665468197576218,0.5731185967889227,1,287.1581924918005,4.167437011247776
493,838,4.997521877288818,33.99378823244692,12.00140154357883,52,40,574.7521337093785,0.15340162813663483,25,23,2,0.032479115784809096,0.9885466084208226,0.6960071938826975,1,287.6350245365044,6.4277184324273895
493,839,0.9481426477432251,33.994596716202636,12.004904973186896,54,40,574.7521337093785,0.19898413121700287,22,24,2,0.03355190016492938,0.5079480227388119,0.608456755688364,1,287.6350245365044,2.9826883656382734
494,840,2.6509153842926025,33.998369640395936,12.000593059823125,53,40,574.7521337093785,0.1919640451669693,25,22,2,0.03195109714335125,0.766542622145494,0.6217996248332679,1,287.6350245365044,4.380405414293787
496,841,4.997504234313965,33.99271025410599,11.994664178947936,50,40,571.5228589810663,0.2759043872356415,28,22,2,0.03144848961887159,0.988545205349812,0.46670114356175557,1,286.4627978101271,4.156266824647025
494,842,2.0823519229888916,34.004568015856364,11.992238727680814,52,40,567.7886070983067,0.21390056610107422,25,23,2,0.032479115784809096,0.6959084419498461,0.5803015458011503,1,285.1072643766853,3.739541117507505
495,843,2.6509461402893066,33.99136278117979,12.006791435283546,50,40,574.7521337093785,0.21971441805362701,27,23,2,0.032138282057245254,0.766546184594827,0.5694045512933427,1,287.6350245365044,4.034815553161775
492,844,0.0,34.00699346712349,12.004635478601664,54,40,573.4385468093678,0.21964693069458008,22,24,2,0.03355190016492938,0.16531147321376102,0.569530785418397,1,287.1581924918005,0.9071070295964049
492,845,1.8543341159820557,33.99378823244692,11.992508222266046,51,40,571.5228589810663,0.2552852928638458,27,22,2,0.03161023852148754,0.6643390891346169,0.5037918016081784,1,286.4627978101271,3.030657820315577
492,846,3.3920741081237793,34.002142564589235,12.00328800567548,54,40,573.4385468093678,0.19150672852993011,23,23,2,0.03284330382698634,0.846141899758607,0.6226707777733401,1,287.1581924918005,4.969008443495021
493,847,1.326171636581421,33.995135705373116,12.002210027334534,51,40,574.7521337093785,0.09164389967918396,25,24,2,0.032997461673208585,0.5809314167792026,0.8172749736298013,1,287.6350245365044,4.506250859813795
496,848,0.0,33.99001530825362,11.992238727680814,52,40,571.5228589810663,0.23597484827041626,26,22,2,0.031777761538691766,0.16531147321376102,0.5391751166818579,1,286.4627978101271,0.8113801304130467
489,849,2.110187292098999,34.00887992922014,12.00975587572114,54,40,573.4385468093678,0.2769332826137543,22,24,2,0.03355190016492938,0.6996179034413333,0.46487046282075856,1,287.1581924918005,3.133510823871917
493,850,0.0,33.999447618736866,12.004365984016424,54,40,574.7521337093785,0.19734397530555725,23,23,2,0.03284330382698634,0.16531147321376102,0.6115690640793762,1,287.6350245365044,0.9550741940122789
492,851,1.3261723518371582,33.999178124151626,12.002479521919774,54,40,574.7521337093785,0.2755051851272583,22,24,2,0.03355190016492938,0.5809315421514823,0.4674119658088909,1,287.6350245365044,2.6204970331177835
493,852,2.7802884578704834,33.99001530825362,12.002479521919774,50,30,574.7521337093785,0.1581907421350479,25,25,2,0.0335069514991671,0.781315268995993,0.6867155486966454,1,287.6350245365044,5.171063576850619
491,853,2.9893970489501953,33.998639134981175,12.009216886550668,54,40,574.7521337093785,0.21476508677005768,23,23,2,0.03284330382698634,0.8043500928122895,0.5786783387869344,1,287.6350245365044,4.397146629025958
492,854,0.9481338858604431,33.992979748691226,12.002479521919774,52,40,574.7521337093785,0.1319677233695984,25,23,2,0.032479115784809096,0.5079461447910205,0.7378152763463827,1,287.6350245365044,3.501154506604446
493,855,1.8543341159820557,34.005645994197295,11.998976092311707,53,40,567.7886070983067,0.16533949971199036,22,25,2,0.0340601571331285,0.6643390891346169,0.6728829839162451,1,285.1072643766853,4.340944994660025
493,856,1.3261598348617554,34.001603575418756,11.99762861938553,53,40,567.7886070983067,0.1530527025461197,23,24,2,0.03336120131650131,0.5809293481307353,0.6966849197917038,1,285.1072643766853,3.8495475751024992
490,857,2.082380533218384,33.9943272216174,12.01002537030638,51,40,574.7521337093785,0.20448455214500427,25,24,2,0.032997461673208585,0.695912269844935,0.5980426373113886,1,287.6350245365044,3.950107752649614
487,858,2.937026262283325,34.007801950879184,11.99951508148218,54,40,567.7886070983067,0.20305250585079193,24,22,2,0.03213028729808667,0.7986735944145222,0.6007504725171285,1,285.1072643766853,4.395277897037424
495,859,1.8957780599594116,33.994596716202636,12.006791435283546,54,40,574.7521337093785,0.23473484814167023,23,23,2,0.03284330382698634,0.6702430993020461,0.5414669517286675,1,287.6350245365044,3.4284112513074074
492,860,1.3261667490005493,34.01022740214631,12.000323565237885,54,40,573.4385468093678,0.18677282333374023,23,23,2,0.03284330382698634,0.580930560067539,0.6317020806389718,1,287.1581924918005,3.4610237504844665
492,861,2.0823543071746826,34.008071445464424,11.993586200606991,51,40,567.7886070983067,0.24061241745948792,25,24,2,0.032997461673208585,0.6959087609423045,0.5306242068896798,1,285.1072643766853,3.4739869168619846
491,862,2.9892330169677734,34.005915488782534,11.992777716851286,51,40,567.7886070983067,0.26720863580703735,25,24,2,0.032997461673208585,0.804332406162178,0.48225136066643587,1,285.1072643766853,3.6492014972213425
489,863,1.3261408805847168,33.999986607907346,11.990082770998924,50,40,571.5228589810663,0.20094004273414612,25,25,2,0.0335069514991671,0.5809260257328417,0.6047494194466568,1,286.4627978101271,3.3720921942081907
494,864,2.650890350341797,33.99136278117979,11.99547266270364,52,40,571.5228589810663,0.26284754276275635,27,21,2,0.03107195524352403,0.7665397224592292,0.4901014050183533,1,286.4627978101271,3.34393190188655
492,865,3.3919737339019775,34.00887992922014,11.991969233095574,51,40,567.7886070983067,0.2399718463420868,25,24,2,0.032997461673208585,0.8461318610201124,0.5318033685162877,1,285.1072643766853,4.233289298363296
491,866,3.8235344886779785,34.00699346712349,11.998976092311707,53,40,567.7886070983067,0.16969208419322968,23,24,2,0.03336120131650131,0.8877651460370053,0.664483686591417,1,285.1072643766853,5.61089805067685
495,867,0.9480977654457092,34.002681553759714,11.992238727680814,52,40,567.7886070983067,0.22957159578800201,24,24,2,0.03317640299912301,0.5079384029372002,0.5510342641291458,1,285.1072643766853,2.647446757118002
495,868,1.3261549472808838,33.99324924327644,11.99547266270364,50,40,571.5228589810663,0.21414093673229218,28,22,2,0.03144848961887159,0.5809284914145039,0.5798501328603004,1,286.4627978101271,3.0346349788122904
489,869,3.972867012023926,34.007801950879184,12.004904973186896,54,40,573.4385468093678,0.18122315406799316,22,24,2,0.03355190016492938,0.9015177412266583,0.6423204226206682,1,287.1581924918005,5.579102498511054
492,870,1.3261674642562866,34.002142564589235,12.000593059823125,53,40,573.4385468093678,0.29241877794265747,23,24,2,0.03336120131650131,0.5809306854400957,0.43756472829740756,1,287.1581924918005,2.4351712939612296
489,871,0.0,34.004568015856364,12.01002537030638,55,40,573.4385468093678,0.18138042092323303,23,22,2,0.03231537737679208,0.16531147321376102,0.6420190738996259,1,287.1581924918005,0.9848755817338993
492,872,0.9480899572372437,34.001334080833516,11.990082770998924,51,40,567.7886070983067,0.19651100039482117,25,24,2,0.032997461673208585,0.5079367293448944,0.6131508913855216,1,285.1072643766853,2.92998770723749
495,873,4.722675323486328,33.9943272216174,11.99762861938553,51,40,571.5228589810663,0.2091415375471115,27,22,2,0.03161023852148754,0.9663250140199735,0.5892542559849597,1,286.4627978101271,5.156107362707035
490,874,5.07774019241333,33.999986607907346,12.002749016505007,54,40,574.7521337093785,0.21505317091941833,22,24,2,0.03355190016492938,0.9948961887576689,0.5781376544659911,1,287.6350245365044,5.550957624703541
495,875,2.9370250701904297,33.99001530825362,11.998437103141235,51,40,571.5228589810663,0.1418379247188568,27,22,2,0.03161023852148754,0.7986734645194445,0.7185197469101166,1,286.4627978101271,5.196416653019505
494,876,1.326177954673767,33.99540519995833,12.004635478601664,54,40,574.7521337093785,0.1673024296760559,22,24,2,0.03355190016492938,0.5809325242329398,0.6690928793172773,1,287.6350245365044,3.75120663887019
492,877,2.6509335041046143,34.00834094004966,12.004096489431191,54,40,573.4385468093678,0.19710665941238403,22,24,2,0.03355190016492938,0.766544720955837,0.6120196472227784,1,287.1581924918005,4.520028708277927
495,878,1.8956960439682007,33.99594418912881,11.994933673533168,51,40,571.5228589810663,0.1397811621427536,27,22,2,0.03161023852148754,0.6702314921405348,0.7225347434375073,1,286.4627978101271,4.385100664695796
494,879,0.9274099469184875,33.994596716202636,11.994125189777463,49,40,571.5228589810663,0.22069503366947174,27,24,2,0.032656992353623446,0.5034748895187708,0.5675710191170127,1,286.4627978101271,2.673267637218868
494,880,3.36342453956604,33.99540519995833,12.00328800567548,51,40,574.7521337093785,0.10556015372276306,25,24,2,0.032997461673208585,0.8432693673270981,0.7897519740187721,1,287.6350245365044,6.320906197126767
490,881,5.07774019241333,33.999986607907346,12.002749016505007,54,40,574.7521337093785,0.19868552684783936,22,24,2,0.03355190016492938,0.9948961887576689,0.6090231433962879,1,287.6350245365044,5.847502987120189
490,882,0.9274099469184875,34.00672397253825,12.007330424454018,55,40,573.4385468093678,0.24946953356266022,22,23,2,0.033034264846776525,0.5034748895187708,0.5143857046132867,1,287.1581924918005,2.4567024738994054
492,883,2.650869607925415,34.000525597077825,11.991430243925102,50,40,567.7886070983067,0.2464093118906021,25,25,2,0.0335069514991671,0.7665373198496628,0.5199822477451073,1,285.1072643766853,3.807720138956377
493,884,2.0823543071746826,33.99405772703216,11.993586200606991,51,40,571.5228589810663,0.2207733541727066,27,22,2,0.03161023852148754,0.6959087609423045,0.5674246334937652,1,286.4627978101271,3.5756622702980487
493,885,3.704791784286499,34.001603575418756,12.00328800567548,54,40,573.4385468093678,0.19701722264289856,23,23,2,0.03284330382698634,0.8766006888617621,0.612189474570067,1,287.1581924918005,5.06122582045795
492,886,0.9274099469184875,33.99729166205498,11.991430243925102,51,40,571.5228589810663,0.10753791779279709,26,23,2,0.03230579977848892,0.5034748895187708,0.7858482535011444,1,286.4627978101271,3.661552234014876
490,887,2.9892942905426025,34.001603575418756,11.998976092311707,53,40,567.7886070983067,0.2382393628358841,23,24,2,0.03336120131650131,0.8043390130162679,0.5349956576193441,1,285.1072643766853,4.09297747758038
496,888,2.989241361618042,34.005376499612055,11.993586200606991,52,40,567.7886070983067,0.2797830104827881,24,24,2,0.03317640299912301,0.804333305933044,0.45981047784437334,1,285.1072643766853,3.4982633222871846
491,889,7.4763712882995605,34.001064586248305,11.994125189777463,51,40,567.7886070983067,0.16265171766281128,25,24,2,0.032997461673208585,1.2539501629888101,0.6780783821516834,1,285.1072643766853,7.999244865276485
489,890,3.9728503227233887,34.007801950879184,12.002749016505007,54,40,573.4385468093678,0.1889282912015915,23,23,2,0.03284330382698634,0.9015162215126602,0.6275868492812792,1,287.1581924918005,5.335995187044413
490,891,2.65095591545105,33.998100145810696,12.008677897380196,54,40,574.7521337093785,0.23298010230064392,23,23,2,0.03284330382698634,0.7665473168410016,0.5447140584763899,1,287.6350245365044,3.9445381213931774
492,892,2.7802884578704834,33.997022167469765,12.002749016505007,53,40,574.7521337093785,0.2407396286725998,23,24,2,0.03336120131650131,0.781315268995993,0.5303901117442027,1,287.6350245365044,3.9765383864236377
492,893,1.8957018852233887,34.00672397253825,11.99574215728888,54,40,567.7886070983067,0.15849435329437256,22,24,2,0.03355190016492938,0.6702323188233111,0.6861271553524835,1,285.1072643766853,4.399014340787734
494,894,2.1100943088531494,34.004029026685885,11.994933673533168,53,40,567.7886070983067,0.13636936247348785,24,23,2,0.03265826952273852,0.69960556094171,0.7292017560390059,1,285.1072643766853,4.750096260031129
496,895,1.8956804275512695,33.99567469454357,11.992777716851286,49,40,571.5228589810663,0.21739131212234497,27,24,2,0.032656992353623446,0.6702292820219554,0.573753406171461,1,286.4627978101271,3.5974361016973453
493,896,0.9274099469184875,33.996483178299286,11.994125189777463,49,40,571.5228589810663,0.30032461881637573,27,24,2,0.032656992353623446,0.5034748895187708,0.423810674179033,1,286.4627978101271,1.9961543514911984
494,897,1.3261799812316895,33.99405772703216,12.005443962357369,53,40,574.7521337093785,0.13329148292541504,23,24,2,0.03336120131650131,0.5809328794532804,0.7352234024243338,1,287.6350245365044,4.098535756313657
495,898,2.6509029865264893,34.00699346712349,11.998167608556003,53,40,567.7886070983067,0.21702797710895538,23,24,2,0.03336120131650131,0.7665411861124332,0.5744342212318798,1,285.1072643766853,4.188184092389843
492,899,3.3634026050567627,34.001603575418756,11.997898113970763,53,40,567.7886070983067,0.1490909308195114,23,24,2,0.03336120131650131,0.843267162515035,0.7043869630240267,1,285.1072643766853,5.649713982812229
494,900,2.0823769569396973,33.996752672884526,12.00786941362449,53,40,574.7521337093785,0.22799700498580933,24,23,2,0.03265826952273852,0.6959117913597686,0.5539595969898709,1,287.6350245365044,3.6213226620116594
494,901,1.3261737823486328,33.99028480283886,12.003018511090247,52,40,574.7521337093785,0.1981121301651001,26,22,2,0.031777761538691766,0.5809317928959207,0.6101110458108685,1,287.6350245365044,3.2396575276972395
492,902,2.9893887042999268,33.99756115664022,12.008408402794963,54,40,574.7521337093785,0.2384629100561142,23,23,2,0.03284330382698634,0.8043491930693356,0.5345834912119701,1,287.6350245365044,4.062082869429709
492,903,0.0,34.006454477953014,12.001940532749302,54,40,573.4385468093678,0.13389870524406433,23,23,2,0.03284330382698634,0.16531147321376102,0.7340348891705053,1,287.1581924918005,1.1444260842094909
492,904,1.8543341159820557,33.99271025410599,12.006521940698313,53,40,574.7521337093785,0.2392023205757141,22,25,2,0.0340601571331285,0.6643390891346169,0.5332207393407683,1,287.6350245365044,3.470445706251109
496,905,2.1101083755493164,33.996483178299286,11.99735912480029,51,40,571.5228589810663,0.22042451798915863,27,22,2,0.03161023852148754,0.6996074281612445,0.5680766928903135,1,286.4627978101271,3.5987972962771337
492,906,2.0823662281036377,33.99190177035027,12.001132048993597,53,40,574.7521337093785,0.13980893790721893,23,24,2,0.03336120131650131,0.6959103559013211,0.7224805015773198,1,287.6350245365044,4.8246174002553905
492,907,4.2146477699279785,33.99594418912881,12.008408402794963,53,40,574.7521337093785,0.21706606447696686,23,24,2,0.03336120131650131,0.9231498052179283,0.5743628451148767,1,287.6350245365044,5.087939859636236
494,908,2.0823683738708496,33.997022167469765,12.002479521919774,53,40,574.7521337093785,0.2659083902835846,23,24,2,0.03336120131650131,0.6959106429933644,0.48458830505657013,1,287.6350245365044,3.236010007100751
494,909,2.0823516845703125,34.005107005026815,11.991969233095574,52,40,567.7886070983067,0.2121691256761551,25,23,2,0.032479115784809096,0.6959084100505882,0.5835553808827278,1,285.1072643766853,3.760509095510514
495,910,2.6508986949920654,33.992979748691226,11.997089630215058,52,40,571.5228589810663,0.18056704103946686,26,22,2,0.031777761538691766,0.7665406890231325,0.6435779173634931,1,286.4627978101271,4.4908430559955885
491,911,2.7802884578704834,33.9943272216174,12.001132048993597,52,40,574.7521337093785,0.19433623552322388,27,21,2,0.03107195524352403,0.781315268995993,0.617284560831206,1,287.6350245365044,4.31044469142163
495,912,0.9480977654457092,34.005107005026815,11.992238727680814,52,40,567.7886070983067,0.2317475527524948,25,23,2,0.032479115784809096,0.5079384029372002,0.546997558931912,1,285.1072643766853,2.5728171251931853
495,913,3.823542594909668,33.99028480283886,12.008408402794963,52,40,574.7521337093785,0.18446598947048187,25,23,2,0.032479115784809096,0.8877659011326174,0.636111852542395,1,287.6350245365044,5.275673532993308
495,914,2.1100716590881348,33.995135705373116,11.991430243925102,51,40,571.5228589810663,0.26600953936576843,26,23,2,0.03230579977848892,0.6996025543861437,0.4844064008804449,1,286.4627978101271,3.1362450299763966
491,915,0.9274099469184875,34.003220542930165,11.99924558689694,53,40,567.7886070983067,0.1954890489578247,23,24,2,0.03336120131650131,0.5034748895187708,0.6150926824667587,1,285.1072643766853,2.9455631610417066
494,916,2.0823800563812256,33.99001530825362,12.00975587572114,52,40,574.7521337093785,0.14226195216178894,25,23,2,0.032479115784809096,0.6959122060469413,0.717692398343316,1,287.6350245365044,4.665935870380179
493,917,4.664620876312256,34.006454477953014,11.990352265584157,51,40,567.7886070983067,0.2463732212781906,26,23,2,0.03230579977848892,0.9615345267001697,0.5200483396878314,1,285.1072643766853,4.605718365282828
492,918,0.9481114149093628,33.995135705373116,11.996011651874113,51,40,571.5228589810663,0.24742598831653595,27,22,2,0.03161023852148754,0.5079413285100075,0.5181212826989468,1,286.4627978101271,2.3830929655795012
492,919,2.937032461166382,34.000256102492585,12.004904973186896,54,40,573.4385468093678,0.2351784110069275,23,23,2,0.03284330382698634,0.79867426986842,0.5406468722081911,1,287.1581924918005,4.072409455526473
492,920,4.693578720092773,33.99324924327644,12.007330424454018,53,40,574.7521337093785,0.189975768327713,22,25,2,0.0340601571331285,0.9639284096085408,0.6255888336788281,1,287.6350245365044,5.9077510163188816
490,921,5.077546119689941,34.00995790756107,11.99089125475463,51,40,567.7886070983067,0.22752325236797333,25,24,2,0.032997461673208585,0.9948808985622832,0.5548404437552615,1,285.1072643766853,5.193115946139494
493,922,1.8543341159820557,34.003759532100645,12.000054070652652,54,40,573.4385468093678,0.18352718651294708,22,24,2,0.03355190016492938,0.6643390891346169,0.637908101734479,1,287.1581924918005,4.083064650459261
493,923,1.8957878351211548,34.006184983367774,12.008138908209723,55,30,573.4385468093678,0.19376841187477112,22,23,2,0.033034264846776525,0.6702444826937014,0.618364737894666,1,287.1581924918005,3.931550161659864
491,924,2.110145092010498,34.003490037515405,12.003018511090247,53,40,573.4385468093678,0.27382388710975647,23,24,2,0.03336120131650131,0.6996123018856469,0.47040895999802573,1,287.1581924918005,3.152796317914326
495,925,0.9481416940689087,33.996213683714046,12.004635478601664,54,40,574.7521337093785,0.20341633260250092,22,24,2,0.03355190016492938,0.5079478183368358,0.6000622818693195,1,287.6350245365044,2.941537011183457
494,926,2.082364082336426,34.005376499612055,11.999784576067412,54,40,567.7886070983067,0.1347905397415161,22,24,2,0.03355190016492938,0.695910068809101,0.7322897733553088,1,285.1072643766853,4.874852651902668
493,927,3.7873713970184326,33.99405772703216,12.003557500260719,52,40,574.7521337093785,0.15956272184848785,25,23,2,0.032479115784809096,0.8843870584894422,0.6840573120700425,1,287.6350245365044,5.651722548978061
492,928,2.11013126373291,34.003759532100645,12.000862554408357,54,40,573.4385468093678,0.22431495785713196,22,24,2,0.03355190016492938,0.6996104663330571,0.5608139445204646,1,287.1581924918005,3.7801883001302694
500,929,1.3261535167694092,33.9905542974241,11.994933673533168,52,40,571.5228589810663,0.23487940430641174,27,21,2,0.03107195524352403,0.5809282406679319,0.5411996575369958,1,286.4627978101271,2.7984452485720506
494,930,2.7802884578704834,33.99756115664022,11.990352265584157,51,40,571.5228589810663,0.22779503464698792,26,23,2,0.03230579977848892,0.781315268995993,0.5543350808293595,1,286.4627978101271,4.008181707031904
492,931,2.98925518989563,34.009149423805354,11.994933673533168,52,40,567.7886070983067,0.19828112423419952,23,25,2,0.033869898467623644,0.8043347969786137,0.6097903742562277,1,285.1072643766853,4.736304327543033
493,932,0.0,34.003220542930165,11.996011651874113,51,40,567.7886070983067,0.2269938588142395,26,23,2,0.03230579977848892,0.16531147321376102,0.555825120048113,1,285.1072643766853,0.8463109242860246
491,933,2.6509029865264893,34.001334080833516,11.998167608556003,53,40,567.7886070983067,0.11152568459510803,23,24,2,0.03336120131650131,0.7665411861124332,0.7779835657124575,1,285.1072643766853,5.67225675912919
492,934,1.8957761526107788,33.997830651225456,12.006252446113074,53,40,574.7521337093785,0.24153180420398712,24,23,2,0.03265826952273852,0.6702428293714694,0.5289329040671915,1,287.6350245365044,3.3301799186437315
492,935,2.110167980194092,33.99244075952075,12.006791435283546,53,40,574.7521337093785,0.21484115719795227,22,25,2,0.0340601571331285,0.6996153400258558,0.5785355571457065,1,287.6350245365044,3.965315928101264
490,936,2.9892191886901855,34.002412059174475,11.991430243925102,52,40,567.7886070983067,0.19971057772636414,24,24,2,0.03317640299912301,0.8043309151100205,0.6070792826781686,1,285.1072643766853,4.618678734018512
493,937,0.9481104612350464,34.007801950879184,11.99574215728888,54,30,567.7886070983067,0.15033458173274994,22,24,2,0.03355190016492938,0.5079411241039943,0.7019678182272077,1,285.1072643766853,3.4107978611137426
491,938,0.9274099469184875,34.00995790756107,12.004635478601664,54,40,573.4385468093678,0.1582459658384323,22,24,2,0.03355190016492938,0.5034748895187708,0.6866085201435443,1,287.1581924918005,3.330621916008266
494,939,2.1101486682891846,33.9905542974241,12.003557500260719,52,40,574.7521337093785,0.23452907800674438,26,22,2,0.031777761538691766,0.6996127765963531,0.5418474881429582,1,287.6350245365044,3.464973090116315
490,940,2.8422162532806396,34.009418918390594,11.991969233095574,51,40,567.7886070983067,0.4141121208667755,25,24,2,0.032997461673208585,0.7882416249854138,0.24326049344776987,1,285.1072643766853,1.8039303468079473
491,941,5.077830791473389,34.004837510441604,12.008408402794963,55,40,573.4385468093678,0.23588290810585022,23,22,2,0.03231537737679208,0.9949033265691875,0.5393449668338702,1,287.1581924918005,4.979410791649658
493,942,2.6509475708007812,33.995135705373116,12.007060929868786,54,40,574.7521337093785,0.21787044405937195,23,23,2,0.03284330382698634,0.7665463502895448,0.5728558799951107,1,287.6350245365044,4.148321440050832
493,943,1.8957682847976685,33.994596716202636,12.005174467772129,54,40,574.7521337093785,0.14887624979019165,22,24,2,0.03355190016492938,0.6702417159061232,0.7048046855109589,1,287.6350245365044,4.558890133643716
490,944,1.3261744976043701,34.002412059174475,12.00328800567548,54,40,573.4385468093678,0.19540105760097504,23,23,2,0.03284330382698634,0.5809319182680789,0.6152599294104287,1,287.1581924918005,3.3709469577923525
489,945,4.693587779998779,34.009149423805354,12.008138908209723,54,40,573.4385468093678,0.16411429643630981,22,24,2,0.03355190016492938,0.9639291572076525,0.675250450313801,1,287.1581924918005,6.271166500196435
493,946,2.11010479927063,34.005915488782534,11.996550641044585,54,40,567.7886070983067,0.10118825733661652,22,24,2,0.03355190016492938,0.6996069534451193,0.798388410694556,1,285.1072643766853,5.343105449908717
493,947,1.3261549472808838,34.007532456293944,11.99547266270364,54,40,567.7886070983067,0.24313558638095856,22,24,2,0.03355190016492938,0.5809284914145039,0.525985716675394,1,285.1072643766853,2.9229543425641666
492,948,2.6509392261505127,34.009418918390594,12.005174467772129,54,40,573.4385468093678,0.20084567368030548,22,24,2,0.03355190016492938,0.7665453837362727,0.6049281872139631,1,287.1581924918005,4.467659084513262
491,949,3.8985373973846436,34.005376499612055,11.99735912480029,53,40,567.7886070983067,0.12796670198440552,22,25,2,0.0340601571331285,0.8947114710671337,0.7456563789754378,1,285.1072643766853,6.478532969181447
494,950,3.3919737339019775,33.998369640395936,11.991969233095574,51,40,571.5228589810663,0.18911069631576538,26,23,2,0.03230579977848892,0.8461318610201124,0.6272388329907529,1,286.4627978101271,4.911562933413327
493,951,2.1101486682891846,33.998908629566415,12.003557500260719,54,40,574.7521337093785,0.15710675716400146,22,24,2,0.03355190016492938,0.6996127765963531,0.6888169427867077,1,287.6350245365044,4.6507226599707625
496,952,3.823529005050659,33.99109328659458,11.992508222266046,52,40,571.5228589810663,0.22994211316108704,27,21,2,0.03107195524352403,0.8877646352364942,0.5503464195546429,1,286.4627978101271,4.348813646822545
493,953,2.110139846801758,33.99729166205498,12.002210027334534,53,40,574.7521337093785,0.12229466438293457,23,24,2,0.03336120131650131,0.6996116056424077,0.7567903071241207,1,287.6350245365044,5.080611828655361
489,954,2.0823678970336914,34.000795091663065,12.002210027334534,54,40,573.4385468093678,0.22484652698040009,22,24,2,0.03355190016492938,0.6959105791951479,0.5598232231255903,1,287.1581924918005,3.7535541097996843
490,955,3.3921058177948,34.009418918390594,12.007060929868786,55,30,573.4385468093678,0.15413200855255127,23,22,2,0.03231537737679208,0.8461450711048512,0.6945888878490638,1,287.1581924918005,5.4538489187996015
490,956,0.9481260776519775,34.00699346712349,12.000323565237885,54,40,573.4385468093678,0.1538073867559433,24,22,2,0.03213028729808667,0.5079444712369419,0.6952192072332832,1,287.1581924918005,3.2581705930250666
491,957,1.3261535167694092,33.996752672884526,11.994933673533168,51,40,571.5228589810663,0.1981956958770752,26,23,2,0.03230579977848892,0.5809282406679319,0.6099524730712133,1,286.4627978101271,3.2791947668231587
493,958,1.3261528015136719,34.001603575418756,11.994664178947936,51,40,567.7886070983067,0.16548483073711395,26,23,2,0.03230579977848892,0.5809281152945852,0.6726022511078816,1,285.1072643766853,3.5988976207468553
491,959,1.326184868812561,34.000256102492585,12.007599919039258,53,40,573.4385468093678,0.21369099617004395,23,24,2,0.03336120131650131,0.5809337361598225,0.580695176730298,1,287.1581924918005,3.2317496349193924
492,960,3.3633995056152344,34.009149423805354,11.996820135629818,55,40,567.7886070983067,0.09855489432811737,23,22,2,0.03231537737679208,0.843266850964815,0.8035950706162388,1,285.1072643766853,6.243380555397709
488,961,1.895733118057251,34.00834094004966,12.000323565237885,54,40,573.4385468093678,0.1805833876132965,23,23,2,0.03284330382698634,0.6702367390196456,0.6435465824063661,1,287.1581924918005,4.067956190881501
493,962,9.324910163879395,34.008071445464424,12.00328800567548,54,40,573.4385468093678,0.2075834721326828,21,25,2,0.03425633029860485,1.434441119719327,0.5921915424447696,1,287.1581924918005,8.356164390774419
493,963,2.110167980194092,33.99378823244692,12.006791435283546,53,40,574.7521337093785,0.19493061304092407,22,25,2,0.0340601571331285,0.6996153400258558,0.6161542634466597,1,287.6350245365044,4.22315670114845
488,964,3.787390947341919,34.00887992922014,12.004904973186896,54,40,573.4385468093678,0.1452607959508896,22,24,2,0.03355190016492938,0.8843888898910551,0.7118450541242076,1,287.1581924918005,6.0655066321189794
491,965,0.9481280446052551,34.007262961708705,12.000862554408357,54,40,573.4385468093678,0.18734413385391235,24,22,2,0.03213028729808667,0.5079448928200456,0.6306108398715065,1,287.1581924918005,2.9553835366466084
494,966,1.8957682847976685,33.999986607907346,12.005174467772129,54,40,574.7521337093785,0.2263922542333603,23,23,2,0.03284330382698634,0.6702417159061232,0.5569445902291305,1,287.6350245365044,3.5264038779947002
492,967,1.8543341159820557,33.99567469454357,12.003826994845952,54,40,574.7521337093785,0.10916063189506531,22,24,2,0.03355190016492938,0.6643390891346169,0.7826468868966436,1,287.6350245365044,5.01781398365307
489,968,0.0,34.00995790756107,12.002210027334534,54,40,573.4385468093678,0.1750185340642929,21,25,2,0.03425633029860485,0.16531147321376102,0.654229620566649,1,287.1581924918005,1.0638863769635647
491,969,6.464860916137695,34.007801950879184,11.99924558689694,54,40,567.7886070983067,0.19825072586536407,24,22,2,0.03213028729808667,1.1482211728742029,0.6098480536510563,1,285.1072643766853,6.414607458225035
497,970,2.1100802421569824,33.995135705373116,11.992777716851286,49,40,571.5228589810663,0.18924646079540253,27,24,2,0.032656992353623446,0.6996036937147339,0.6269798274908649,1,286.4627978101271,4.103458783634976
497,971,1.326143741607666,34.003220542930165,11.991160749339869,52,40,567.7886070983067,0.22149035334587097,24,24,2,0.03317640299912301,0.5809265272286864,0.5660849079449276,1,285.1072643766853,3.11057276987936
493,972,2.9893720149993896,34.000256102492585,12.006791435283546,53,40,573.4385468093678,0.24332460761070251,23,24,2,0.03336120131650131,0.8043473935789398,0.525638625555885,1,287.1581924918005,4.050361831492744
492,973,4.72267484664917,34.009418918390594,11.996820135629818,55,40,567.7886070983067,0.23155540227890015,23,22,2,0.03231537737679208,0.9663249748156376,0.5473537489060516,1,285.1072643766853,4.873139188579948
496,974,2.9892663955688477,33.99729166205498,11.996011651874113,51,40,571.5228589810663,0.17883051931858063,26,23,2,0.03230579977848892,0.8043360052366652,0.6469082405282673,1,286.4627978101271,4.815361760018647
489,975,2.110187292098999,34.00672397253825,12.00975587572114,55,40,573.4385468093678,0.25105130672454834,22,23,2,0.033034264846776525,0.6996179034413333,0.5114988749159659,1,287.1581924918005,3.3946222606066416
491,976,0.0,33.99729166205498,12.008947391965435,54,40,574.7521337093785,0.23539040982723236,23,23,2,0.03284330382698634,0.16531147321376102,0.5402550222327739,1,287.6350245365044,0.8437045956482231
498,977,4.214477062225342,33.99028480283886,11.994664178947936,52,40,571.5228589810663,0.2014310508966446,27,21,2,0.03107195524352403,0.923134794654877,0.6038194509371755,1,286.4627978101271,4.961454711820969
493,978,2.989302635192871,34.005645994197295,11.999784576067412,54,40,567.7886070983067,0.1214725449681282,24,22,2,0.03213028729808667,0.8043399127761482,0.7584057793772082,1,285.1072643766853,5.588099693591907
492,979,3.9728400707244873,34.00699346712349,12.00140154357883,54,40,573.4385468093678,0.17030498385429382,23,23,2,0.03284330382698634,0.9015152879721865,0.6633023879173875,1,287.1581924918005,5.639657185980092
493,980,0.9274099469184875,33.98974581366838,11.99924558689694,53,40,571.5228589810663,0.16770586371421814,24,23,2,0.03265826952273852,0.5034748895187708,0.6683143552838161,1,286.4627978101271,3.147893299778437
495,981,3.8984391689300537,33.99028480283886,11.990082770998924,52,40,571.5228589810663,0.19286462664604187,26,22,2,0.031777761538691766,0.8947024257639968,0.620084772064567,1,286.4627978101271,5.050346921747118
492,982,2.0823519229888916,33.999986607907346,11.992238727680814,50,40,571.5228589810663,0.20285670459270477,25,25,2,0.0335069514991671,0.6959084419498461,0.6011209035385803,1,286.4627978101271,4.015291520540652
494,983,2.082374334335327,33.99163227576503,12.005982951527841,50,40,574.7521337093785,0.15512973070144653,27,23,2,0.032138282057245254,0.6959114404703343,0.6926521597957889,1,287.6350245365044,4.455881110138417
493,984,0.0,33.998100145810696,11.992508222266046,50,40,571.5228589810663,0.23141361773014069,27,23,2,0.032138282057245254,0.16531147321376102,0.5476166098194272,1,286.4627978101271,0.8334326224570814
493,985,4.722679138183594,33.996483178299286,12.002749016505007,51,40,574.7521337093785,0.15581555664539337,25,24,2,0.032997461673208585,0.9663253276545767,0.6913213555343086,1,287.6350245365044,6.340531089897524
492,986,3.704791784286499,33.997022167469765,12.004096489431191,54,40,574.7521337093785,0.21463122963905334,23,23,2,0.03284330382698634,0.8766006888617621,0.5789296025004813,1,287.6350245365044,4.794200250662231
493,987,0.9274099469184875,33.998100145810696,11.99951508148218,53,40,571.5228589810663,0.22489033639431,25,22,2,0.03195109714335125,0.5034748895187708,0.5597415901110665,1,286.4627978101271,2.5794041686434945
494,988,2.8423945903778076,33.99378823244692,12.008947391965435,51,40,574.7521337093785,0.2071014642715454,25,24,2,0.032997461673208585,0.7882614406437872,0.5931008449551889,1,287.6350245365044,4.437323852933851
493,989,0.948121190071106,34.006454477953014,11.998976092311707,53,40,567.7886070983067,0.15783409774303436,23,24,2,0.03336120131650131,0.5079434236645349,0.6874068214211673,1,285.1072643766853,3.3210785173270723
492,990,0.0,34.006454477953014,11.992238727680814,51,40,567.7886070983067,0.21422278881072998,26,23,2,0.03230579977848892,0.16531147321376102,0.5796964328815185,1,285.1072643766853,0.882657883247166
491,991,0.0,34.001603575418756,11.992777716851286,51,40,567.7886070983067,0.22663691639900208,25,24,2,0.032997461673208585,0.16531147321376102,0.5564892594956229,1,285.1072643766853,0.8654631857972004
494,992,0.9481505155563354,34.001064586248305,12.007330424454018,53,40,573.4385468093678,0.24674391746520996,23,24,2,0.03336120131650131,0.507949709050411,0.5193695905479883,1,287.1581924918005,2.527319368354388
499,993,2.11013126373291,33.992979748691226,12.000862554408357,52,40,574.7521337093785,0.1351155936717987,27,21,2,0.03107195524352403,0.6996104663330571,0.731653856374455,1,287.6350245365044,4.574802128079247
493,994,0.0,33.99351873786168,11.99089125475463,52,40,571.5228589810663,0.200903981924057,26,22,2,0.031777761538691766,0.16531147321376102,0.6048177298936663,1,286.4627978101271,0.9101627159229733
494,995,2.1101205348968506,33.99594418912881,11.99924558689694,52,40,571.5228589810663,0.19707760214805603,26,22,2,0.031777761538691766,0.699609042192473,0.6120748217004811,1,286.4627978101271,3.898086389072052
491,996,2.082359552383423,33.997830651225456,11.996820135629818,51,40,571.5228589810663,0.17491813004016876,26,23,2,0.03230579977848892,0.6959094627249445,0.6544226547154317,1,286.4627978101271,4.214633293660607
497,997,3.8235268592834473,33.996752672884526,11.990082770998924,53,40,571.5228589810663,0.25042593479156494,24,23,2,0.03265826952273852,0.8877644353579152,0.5126397295850621,1,286.4627978101271,4.257664161406511
491,998,2.1101014614105225,34.01022740214631,11.996011651874113,53,40,567.7886070983067,0.21528422832489014,24,23,2,0.03265826952273852,0.6996065103763016,0.5777040780789087,1,285.1072643766853,3.7632296988407887
491,999,2.110167980194092,34.001873070003995,12.006791435283546,53,40,573.4385468093678,0.24314890801906586,24,23,2,0.03265826952273852,0.6996153400258558,0.525961252929871,1,287.1581924918005,3.4508609063772404
494,1000,2.08235239982605,34.002412059174475,11.992508222266046,51,40,567.7886070983067,0.23304347693920135,25,24,2,0.032997461673208585,0.6959085057483553,0.5445967066336891,1,285.1072643766853,3.5654633080577307
